Simple Threading Timer - thread-id: 71555
Listening on netlink fd=3 and UDP port 5551 fd=4
Listening on UDP port 514 fd=5
hello kernel - sent to kernel
dmesg field updated (and able to connect to mysql): 2026-05-09 17:32:32
Configuration requested..
Partner found : A000010-FFFFFFFF
1 routers updated
Setup added now : 167772262^3232266753^4294967040
Configuration sent(299 chars): CONFIG 0|INFECTION|100.100.100.100:255.255.255.255-1-NULL-1-0-0-NO INFO SET^100.100.100.100:255.255.255.255-1-NULL-2-0-0-NO INFO SET^100.100.100.100:255.255.255.255-1-NULL-5-0-0-ssfsdf^|PARTNER|A000010:FFFFFFFF^|SETUP|0A000066^C0A87A01^FFFFFF00^E^FFFC^10.10.10.254,127.0.0.1,10.10.10.10,1.1.1.1^|EOF
Timer fired: Sat May  9 17:32:42 2026
5 records inserted in traffic table.
Timer fired: Sat May  9 17:32:47 2026
6 records inserted in traffic table.
Timer fired: Sat May  9 17:32:52 2026
6 records inserted in traffic table.
Timer fired: Sat May  9 17:32:57 2026
3 records inserted in traffic table.
Timer fired: Sat May  9 17:33:02 2026
4 records inserted in traffic table.
Timer fired: Sat May  9 17:33:07 2026
3 records inserted in traffic table.
Timer fired: Sat May  9 17:33:12 2026
7 records inserted in traffic table.
Timer fired: Sat May  9 17:33:17 2026
3 records inserted in traffic table.
Timer fired: Sat May  9 17:33:22 2026
6 records inserted in traffic table.
Timer fired: Sat May  9 17:33:27 2026
3 records inserted in traffic table.
Timer fired: Sat May  9 17:33:32 2026
6 records inserted in traffic table.
Timer fired: Sat May  9 17:33:37 2026
7 records inserted in traffic table.
Timer fired: Sat May  9 17:33:42 2026
5 records inserted in traffic table.
Timer fired: Sat May  9 17:33:47 2026
4 records inserted in traffic table.
Timer fired: Sat May  9 17:33:52 2026
6 records inserted in traffic table.
Timer fired: Sat May  9 17:33:57 2026
4 records inserted in traffic table.
Timer fired: Sat May  9 17:34:02 2026
5 records inserted in traffic table.
Timer fired: Sat May  9 17:34:07 2026
6 records inserted in traffic table.
Timer fired: Sat May  9 17:34:12 2026
6 records inserted in traffic table.
Timer fired: Sat May  9 17:34:17 2026
3 records inserted in traffic table.
Timer fired: Sat May  9 17:34:22 2026
4 records inserted in traffic table.
Timer fired: Sat May  9 17:34:27 2026
3 records inserted in traffic table.
Timer fired: Sat May  9 17:34:32 2026
8 records inserted in traffic table.
Timer fired: Sat May  9 17:34:37 2026
8 records inserted in traffic table.
Timer fired: Sat May  9 17:34:42 2026
6 records inserted in traffic table.
Timer fired: Sat May  9 17:34:47 2026
4 records inserted in traffic table.
Timer fired: Sat May  9 17:34:52 2026
8 records inserted in traffic table.
Timer fired: Sat May  9 17:34:57 2026
5 records inserted in traffic table.
Timer fired: Sat May  9 17:35:02 2026
6 records inserted in traffic table.
Timer fired: Sat May  9 17:35:07 2026
3 records inserted in traffic table.
Timer fired: Sat May  9 17:35:12 2026
6 records inserted in traffic table.
Timer fired: Sat May  9 17:35:17 2026
3 records inserted in traffic table.
Timer fired: Sat May  9 17:35:22 2026
4 records inserted in traffic table.
Timer fired: Sat May  9 17:35:27 2026
6 records inserted in traffic table.
Timer fired: Sat May  9 17:35:32 2026
6 records inserted in traffic table.
Timer fired: Sat May  9 17:35:37 2026
8 records inserted in traffic table.
Timer fired: Sat May  9 17:35:42 2026
5 records inserted in traffic table.
Timer fired: Sat May  9 17:35:47 2026
5 records inserted in traffic table.
Timer fired: Sat May  9 17:35:52 2026
6 records inserted in traffic table.
Timer fired: Sat May  9 17:35:57 2026
5 records inserted in traffic table.
Timer fired: Sat May  9 17:36:02 2026
7 records inserted in traffic table.
Timer fired: Sat May  9 17:36:07 2026
4 records inserted in traffic table.
Timer fired: Sat May  9 17:36:12 2026
6 records inserted in traffic table.
Timer fired: Sat May  9 17:36:17 2026
6 records inserted in traffic table.
Timer fired: Sat May  9 17:36:22 2026
7 records inserted in traffic table.
Timer fired: Sat May  9 17:36:27 2026
3 records inserted in traffic table.
Timer fired: Sat May  9 17:36:32 2026
6 records inserted in traffic table.
Timer fired: Sat May  9 17:36:37 2026
6 records inserted in traffic table.
Timer fired: Sat May  9 17:36:42 2026
6 records inserted in traffic table.
Timer fired: Sat May  9 17:36:47 2026
5 records inserted in traffic table.
Timer fired: Sat May  9 17:36:52 2026
9 records inserted in traffic table.
Timer fired: Sat May  9 17:36:57 2026
5 records inserted in traffic table.
Timer fired: Sat May  9 17:37:02 2026
5 records inserted in traffic table.
Timer fired: Sat May  9 17:37:07 2026
5 records inserted in traffic table.
Timer fired: Sat May  9 17:37:12 2026
6 records inserted in traffic table.
Timer fired: Sat May  9 17:37:17 2026
4 records inserted in traffic table.
Timer fired: Sat May  9 17:37:22 2026
4 records inserted in traffic table.
Timer fired: Sat May  9 17:37:27 2026
3 records inserted in traffic table.
Timer fired: Sat May  9 17:37:32 2026
7 records inserted in traffic table.
Timer fired: Sat May  9 17:37:37 2026
6 records inserted in traffic table.
Timer fired: Sat May  9 17:37:42 2026
6 records inserted in traffic table.
Timer fired: Sat May  9 17:37:47 2026
6 records inserted in traffic table.
Timer fired: Sat May  9 17:37:52 2026
8 records inserted in traffic table.
Timer fired: Sat May  9 17:37:57 2026
4 records inserted in traffic table.
Timer fired: Sat May  9 17:38:02 2026
7 records inserted in traffic table.
Timer fired: Sat May  9 17:38:07 2026
3 records inserted in traffic table.
Timer fired: Sat May  9 17:38:12 2026
6 records inserted in traffic table.
Timer fired: Sat May  9 17:38:17 2026
3 records inserted in traffic table.
Timer fired: Sat May  9 17:38:22 2026
4 records inserted in traffic table.
Timer fired: Sat May  9 17:38:27 2026
4 records inserted in traffic table.
Timer fired: Sat May  9 17:38:32 2026
7 records inserted in traffic table.
Timer fired: Sat May  9 17:38:37 2026
8 records inserted in traffic table.
Timer fired: Sat May  9 17:38:42 2026
5 records inserted in traffic table.
Timer fired: Sat May  9 17:38:47 2026
4 records inserted in traffic table.
Timer fired: Sat May  9 17:38:52 2026
6 records inserted in traffic table.
Timer fired: Sat May  9 17:38:57 2026
5 records inserted in traffic table.
Timer fired: Sat May  9 17:39:02 2026
5 records inserted in traffic table.
Timer fired: Sat May  9 17:39:07 2026
5 records inserted in traffic table.
Timer fired: Sat May  9 17:39:12 2026
6 records inserted in traffic table.
Timer fired: Sat May  9 17:39:17 2026
3 records inserted in traffic table.
Timer fired: Sat May  9 17:39:22 2026
5 records inserted in traffic table.
Timer fired: Sat May  9 17:39:27 2026
3 records inserted in traffic table.
Timer fired: Sat May  9 17:39:32 2026
9 records inserted in traffic table.
Timer fired: Sat May  9 17:39:37 2026
6 records inserted in traffic table.
Timer fired: Sat May  9 17:39:42 2026
5 records inserted in traffic table.
Timer fired: Sat May  9 17:39:47 2026
4 records inserted in traffic table.
Timer fired: Sat May  9 17:39:52 2026
7 records inserted in traffic table.
Timer fired: Sat May  9 17:39:57 2026
5 records inserted in traffic table.
Timer fired: Sat May  9 17:40:02 2026
6 records inserted in traffic table.
Timer fired: Sat May  9 17:40:07 2026
5 records inserted in traffic table.
Timer fired: Sat May  9 17:40:12 2026
6 records inserted in traffic table.
Timer fired: Sat May  9 17:40:17 2026
3 records inserted in traffic table.
Timer fired: Sat May  9 17:40:22 2026
4 records inserted in traffic table.
Timer fired: Sat May  9 17:40:27 2026
3 records inserted in traffic table.
Timer fired: Sat May  9 17:40:32 2026
6 records inserted in traffic table.
Timer fired: Sat May  9 17:40:37 2026
7 records inserted in traffic table.
Timer fired: Sat May  9 17:40:42 2026
5 records inserted in traffic table.
Timer fired: Sat May  9 17:40:47 2026
4 records inserted in traffic table.
Timer fired: Sat May  9 17:40:52 2026
13 records inserted in traffic table.
Timer fired: Sat May  9 17:40:57 2026
4 records inserted in traffic table.
Timer fired: Sat May  9 17:41:02 2026
4 records inserted in traffic table.
Timer fired: Sat May  9 17:41:07 2026
3 records inserted in traffic table.
Timer fired: Sat May  9 17:41:12 2026
7 records inserted in traffic table.
Timer fired: Sat May  9 17:41:17 2026
4 records inserted in traffic table.
Timer fired: Sat May  9 17:41:22 2026
5 records inserted in traffic table.
Timer fired: Sat May  9 17:41:27 2026
3 records inserted in traffic table.
Timer fired: Sat May  9 17:41:32 2026
7 records inserted in traffic table.
Timer fired: Sat May  9 17:41:37 2026
8 records inserted in traffic table.
Timer fired: Sat May  9 17:41:42 2026
6 records inserted in traffic table.
Timer fired: Sat May  9 17:41:47 2026
3 records inserted in traffic table.
Timer fired: Sat May  9 17:41:52 2026
8 records inserted in traffic table.
Timer fired: Sat May  9 17:41:57 2026
5 records inserted in traffic table.
Timer fired: Sat May  9 17:42:02 2026
5 records inserted in traffic table.
Timer fired: Sat May  9 17:42:07 2026
3 records inserted in traffic table.
Timer fired: Sat May  9 17:42:12 2026
7 records inserted in traffic table.
Timer fired: Sat May  9 17:42:17 2026
3 records inserted in traffic table.
Timer fired: Sat May  9 17:42:22 2026
5 records inserted in traffic table.
Timer fired: Sat May  9 17:42:27 2026
3 records inserted in traffic table.
Timer fired: Sat May  9 17:42:32 2026
7 records inserted in traffic table.
Timer fired: Sat May  9 17:42:37 2026
8 records inserted in traffic table.
Timer fired: Sat May  9 17:42:42 2026
5 records inserted in traffic table.
Timer fired: Sat May  9 17:42:47 2026
4 records inserted in traffic table.
Timer fired: Sat May  9 17:42:52 2026
7 records inserted in traffic table.
Timer fired: Sat May  9 17:42:57 2026
4 records inserted in traffic table.
Timer fired: Sat May  9 17:43:02 2026
5 records inserted in traffic table.
Timer fired: Sat May  9 17:43:07 2026
5 records inserted in traffic table.
Timer fired: Sat May  9 17:43:12 2026
6 records inserted in traffic table.
Timer fired: Sat May  9 17:43:17 2026
3 records inserted in traffic table.
Timer fired: Sat May  9 17:43:22 2026
4 records inserted in traffic table.
Timer fired: Sat May  9 17:43:27 2026
4 records inserted in traffic table.
Timer fired: Sat May  9 17:43:32 2026
6 records inserted in traffic table.
Timer fired: Sat May  9 17:43:37 2026
7 records inserted in traffic table.
Timer fired: Sat May  9 17:43:42 2026
5 records inserted in traffic table.
Timer fired: Sat May  9 17:43:47 2026
4 records inserted in traffic table.
Timer fired: Sat May  9 17:43:52 2026
9 records inserted in traffic table.
Timer fired: Sat May  9 17:43:57 2026
5 records inserted in traffic table.
Timer fired: Sat May  9 17:44:02 2026
4 records inserted in traffic table.
Timer fired: Sat May  9 17:44:07 2026
6 records inserted in traffic table.
Timer fired: Sat May  9 17:44:12 2026
8 records inserted in traffic table.
Timer fired: Sat May  9 17:44:17 2026
3 records inserted in traffic table.
Timer fired: Sat May  9 17:44:22 2026
4 records inserted in traffic table.
Timer fired: Sat May  9 17:44:27 2026
4 records inserted in traffic table.
Timer fired: Sat May  9 17:44:32 2026
11 records inserted in traffic table.
Timer fired: Sat May  9 17:44:37 2026
10 records inserted in traffic table.
Timer fired: Sat May  9 17:44:42 2026
7 records inserted in traffic table.
Timer fired: Sat May  9 17:44:47 2026
5 records inserted in traffic table.
Timer fired: Sat May  9 17:44:52 2026
8 records inserted in traffic table.
Timer fired: Sat May  9 17:44:57 2026
6 records inserted in traffic table.
Timer fired: Sat May  9 17:45:02 2026
7 records inserted in traffic table.
Timer fired: Sat May  9 17:45:07 2026
5 records inserted in traffic table.
Timer fired: Sat May  9 17:45:12 2026
9 records inserted in traffic table.
Timer fired: Sat May  9 17:45:17 2026
3 records inserted in traffic table.
Timer fired: Sat May  9 17:45:22 2026
6 records inserted in traffic table.
Timer fired: Sat May  9 17:45:27 2026
3 records inserted in traffic table.
Timer fired: Sat May  9 17:45:32 2026
6 records inserted in traffic table.
Timer fired: Sat May  9 17:45:37 2026
8 records inserted in traffic table.
Timer fired: Sat May  9 17:45:42 2026
5 records inserted in traffic table.
Timer fired: Sat May  9 17:45:47 2026
3 records inserted in traffic table.
Timer fired: Sat May  9 17:45:52 2026
7 records inserted in traffic table.
Timer fired: Sat May  9 17:45:57 2026
4 records inserted in traffic table.
Timer fired: Sat May  9 17:46:02 2026
4 records inserted in traffic table.
Timer fired: Sat May  9 17:46:07 2026
5 records inserted in traffic table.
Timer fired: Sat May  9 17:46:12 2026
9 records inserted in traffic table.
Timer fired: Sat May  9 17:46:17 2026
7 records inserted in traffic table.
Timer fired: Sat May  9 17:46:22 2026
6 records inserted in traffic table.
Timer fired: Sat May  9 17:46:27 2026
4 records inserted in traffic table.
Timer fired: Sat May  9 17:46:32 2026
5 records inserted in traffic table.
Timer fired: Sat May  9 17:46:37 2026
7 records inserted in traffic table.
Timer fired: Sat May  9 17:46:42 2026
6 records inserted in traffic table.
Timer fired: Sat May  9 17:46:47 2026
3 records inserted in traffic table.
Timer fired: Sat May  9 17:46:52 2026
10 records inserted in traffic table.
Timer fired: Sat May  9 17:46:57 2026
4 records inserted in traffic table.
Timer fired: Sat May  9 17:47:02 2026
9 records inserted in traffic table.
Timer fired: Sat May  9 17:47:07 2026
5 records inserted in traffic table.
Timer fired: Sat May  9 17:47:12 2026
6 records inserted in traffic table.
Timer fired: Sat May  9 17:47:17 2026
3 records inserted in traffic table.
Timer fired: Sat May  9 17:47:22 2026
3 records inserted in traffic table.
Timer fired: Sat May  9 17:47:27 2026
4 records inserted in traffic table.
Timer fired: Sat May  9 17:47:32 2026
6 records inserted in traffic table.
Timer fired: Sat May  9 17:47:37 2026
9 records inserted in traffic table.
Timer fired: Sat May  9 17:47:42 2026
7 records inserted in traffic table.
Timer fired: Sat May  9 17:47:47 2026
5 records inserted in traffic table.
Timer fired: Sat May  9 17:47:52 2026
7 records inserted in traffic table.
Timer fired: Sat May  9 17:47:57 2026
5 records inserted in traffic table.
Timer fired: Sat May  9 17:48:02 2026
5 records inserted in traffic table.
Timer fired: Sat May  9 17:48:07 2026
4 records inserted in traffic table.
Timer fired: Sat May  9 17:48:12 2026
7 records inserted in traffic table.
Timer fired: Sat May  9 17:48:17 2026
3 records inserted in traffic table.
Timer fired: Sat May  9 17:48:22 2026
7 records inserted in traffic table.
Timer fired: Sat May  9 17:48:27 2026
4 records inserted in traffic table.
Timer fired: Sat May  9 17:48:32 2026
6 records inserted in traffic table.
Timer fired: Sat May  9 17:48:37 2026
6 records inserted in traffic table.
Timer fired: Sat May  9 17:48:42 2026
7 records inserted in traffic table.
Timer fired: Sat May  9 17:48:47 2026
3 records inserted in traffic table.
Timer fired: Sat May  9 17:48:52 2026
8 records inserted in traffic table.
Timer fired: Sat May  9 17:48:57 2026
5 records inserted in traffic table.
Timer fired: Sat May  9 17:49:02 2026
5 records inserted in traffic table.
Timer fired: Sat May  9 17:49:07 2026
6 records inserted in traffic table.
Timer fired: Sat May  9 17:49:12 2026
7 records inserted in traffic table.
Timer fired: Sat May  9 17:49:17 2026
4 records inserted in traffic table.
Timer fired: Sat May  9 17:49:22 2026
4 records inserted in traffic table.
Timer fired: Sat May  9 17:49:27 2026
3 records inserted in traffic table.
Timer fired: Sat May  9 17:49:32 2026
6 records inserted in traffic table.
Timer fired: Sat May  9 17:49:37 2026
8 records inserted in traffic table.
Timer fired: Sat May  9 17:49:42 2026
5 records inserted in traffic table.
Timer fired: Sat May  9 17:49:47 2026
3 records inserted in traffic table.
Timer fired: Sat May  9 17:49:52 2026
11 records inserted in traffic table.
Timer fired: Sat May  9 17:49:57 2026
6 records inserted in traffic table.
Timer fired: Sat May  9 17:50:02 2026
7 records inserted in traffic table.
Timer fired: Sat May  9 17:50:07 2026
4 records inserted in traffic table.
Timer fired: Sat May  9 17:50:12 2026
7 records inserted in traffic table.
Timer fired: Sat May  9 17:50:17 2026
4 records inserted in traffic table.
Timer fired: Sat May  9 17:50:22 2026
6 records inserted in traffic table.
Timer fired: Sat May  9 17:50:27 2026
6 records inserted in traffic table.
Timer fired: Sat May  9 17:50:32 2026
6 records inserted in traffic table.
Timer fired: Sat May  9 17:50:37 2026
12 records inserted in traffic table.
Timer fired: Sat May  9 17:50:42 2026
6 records inserted in traffic table.
Timer fired: Sat May  9 17:50:47 2026
5 records inserted in traffic table.
Timer fired: Sat May  9 17:50:52 2026
6 records inserted in traffic table.
Timer fired: Sat May  9 17:50:57 2026
5 records inserted in traffic table.
Timer fired: Sat May  9 17:51:02 2026
4 records inserted in traffic table.
Timer fired: Sat May  9 17:51:07 2026
4 records inserted in traffic table.
Timer fired: Sat May  9 17:51:12 2026
6 records inserted in traffic table.
Timer fired: Sat May  9 17:51:17 2026
4 records inserted in traffic table.
Timer fired: Sat May  9 17:51:22 2026
6 records inserted in traffic table.
Timer fired: Sat May  9 17:51:27 2026
4 records inserted in traffic table.
Timer fired: Sat May  9 17:51:32 2026
5 records inserted in traffic table.
Timer fired: Sat May  9 17:51:37 2026
7 records inserted in traffic table.
Timer fired: Sat May  9 17:51:42 2026
5 records inserted in traffic table.
Timer fired: Sat May  9 17:51:47 2026
5 records inserted in traffic table.
Timer fired: Sat May  9 17:51:52 2026
7 records inserted in traffic table.
Timer fired: Sat May  9 17:51:57 2026
4 records inserted in traffic table.
Timer fired: Sat May  9 17:52:02 2026
5 records inserted in traffic table.
Timer fired: Sat May  9 17:52:07 2026
7 records inserted in traffic table.
Timer fired: Sat May  9 17:52:12 2026
6 records inserted in traffic table.
Timer fired: Sat May  9 17:52:17 2026
4 records inserted in traffic table.
Timer fired: Sat May  9 17:52:22 2026
3 records inserted in traffic table.
Timer fired: Sat May  9 17:52:27 2026
4 records inserted in traffic table.
Timer fired: Sat May  9 17:52:32 2026
5 records inserted in traffic table.
Timer fired: Sat May  9 17:52:37 2026
8 records inserted in traffic table.
Timer fired: Sat May  9 17:52:42 2026
5 records inserted in traffic table.
Timer fired: Sat May  9 17:52:47 2026
5 records inserted in traffic table.
Timer fired: Sat May  9 17:52:52 2026
12 records inserted in traffic table.
Timer fired: Sat May  9 17:52:57 2026
4 records inserted in traffic table.
Timer fired: Sat May  9 17:53:02 2026
4 records inserted in traffic table.
Timer fired: Sat May  9 17:53:07 2026
4 records inserted in traffic table.
Timer fired: Sat May  9 17:53:12 2026
6 records inserted in traffic table.
Timer fired: Sat May  9 17:53:17 2026
3 records inserted in traffic table.
Timer fired: Sat May  9 17:53:22 2026
3 records inserted in traffic table.
Timer fired: Sat May  9 17:53:27 2026
5 records inserted in traffic table.
Timer fired: Sat May  9 17:53:32 2026
4 records inserted in traffic table.
Timer fired: Sat May  9 17:53:37 2026
10 records inserted in traffic table.
Timer fired: Sat May  9 17:53:42 2026
7 records inserted in traffic table.
Timer fired: Sat May  9 17:53:47 2026
5 records inserted in traffic table.
Timer fired: Sat May  9 17:53:52 2026
8 records inserted in traffic table.
Timer fired: Sat May  9 17:53:57 2026
4 records inserted in traffic table.
Timer fired: Sat May  9 17:54:02 2026
4 records inserted in traffic table.
Timer fired: Sat May  9 17:54:07 2026
4 records inserted in traffic table.
Timer fired: Sat May  9 17:54:12 2026
5 records inserted in traffic table.
Timer fired: Sat May  9 17:54:17 2026
4 records inserted in traffic table.
Timer fired: Sat May  9 17:54:22 2026
6 records inserted in traffic table.
Timer fired: Sat May  9 17:54:27 2026
4 records inserted in traffic table.
Timer fired: Sat May  9 17:54:32 2026
6 records inserted in traffic table.
Timer fired: Sat May  9 17:54:37 2026
7 records inserted in traffic table.
Timer fired: Sat May  9 17:54:42 2026
7 records inserted in traffic table.
Timer fired: Sat May  9 17:54:47 2026
5 records inserted in traffic table.
Timer fired: Sat May  9 17:54:52 2026
6 records inserted in traffic table.
Timer fired: Sat May  9 17:54:57 2026
4 records inserted in traffic table.
Timer fired: Sat May  9 17:55:02 2026
5 records inserted in traffic table.
Timer fired: Sat May  9 17:55:07 2026
6 records inserted in traffic table.
Timer fired: Sat May  9 17:55:12 2026
6 records inserted in traffic table.
Timer fired: Sat May  9 17:55:17 2026
3 records inserted in traffic table.
Timer fired: Sat May  9 17:55:22 2026
3 records inserted in traffic table.
Timer fired: Sat May  9 17:55:27 2026
5 records inserted in traffic table.
Timer fired: Sat May  9 17:55:32 2026
4 records inserted in traffic table.
Timer fired: Sat May  9 17:55:37 2026
9 records inserted in traffic table.
Timer fired: Sat May  9 17:55:42 2026
5 records inserted in traffic table.
Timer fired: Sat May  9 17:55:47 2026
4 records inserted in traffic table.
Timer fired: Sat May  9 17:55:52 2026
8 records inserted in traffic table.
Timer fired: Sat May  9 17:55:57 2026
5 records inserted in traffic table.
Timer fired: Sat May  9 17:56:02 2026
4 records inserted in traffic table.
Timer fired: Sat May  9 17:56:07 2026
5 records inserted in traffic table.
Timer fired: Sat May  9 17:56:12 2026
5 records inserted in traffic table.
Timer fired: Sat May  9 17:56:17 2026
4 records inserted in traffic table.
Timer fired: Sat May  9 17:56:22 2026
5 records inserted in traffic table.
Timer fired: Sat May  9 17:56:27 2026
4 records inserted in traffic table.
Timer fired: Sat May  9 17:56:32 2026
4 records inserted in traffic table.
Timer fired: Sat May  9 17:56:37 2026
9 records inserted in traffic table.
Timer fired: Sat May  9 17:56:42 2026
6 records inserted in traffic table.
Timer fired: Sat May  9 17:56:47 2026
5 records inserted in traffic table.
Timer fired: Sat May  9 17:56:52 2026
6 records inserted in traffic table.
Timer fired: Sat May  9 17:56:57 2026
4 records inserted in traffic table.
Timer fired: Sat May  9 17:57:02 2026
6 records inserted in traffic table.
Timer fired: Sat May  9 17:57:07 2026
5 records inserted in traffic table.
Timer fired: Sat May  9 17:57:12 2026
5 records inserted in traffic table.
Timer fired: Sat May  9 17:57:17 2026
4 records inserted in traffic table.
Timer fired: Sat May  9 17:57:22 2026
5 records inserted in traffic table.
Timer fired: Sat May  9 17:57:27 2026
5 records inserted in traffic table.
Timer fired: Sat May  9 17:57:32 2026
5 records inserted in traffic table.
Timer fired: Sat May  9 17:57:37 2026
8 records inserted in traffic table.
Timer fired: Sat May  9 17:57:42 2026
5 records inserted in traffic table.
Timer fired: Sat May  9 17:57:47 2026
5 records inserted in traffic table.
Timer fired: Sat May  9 17:57:52 2026
8 records inserted in traffic table.
Timer fired: Sat May  9 17:57:57 2026
4 records inserted in traffic table.
Timer fired: Sat May  9 17:58:02 2026
5 records inserted in traffic table.
Timer fired: Sat May  9 17:58:07 2026
6 records inserted in traffic table.
Timer fired: Sat May  9 17:58:12 2026
5 records inserted in traffic table.
Timer fired: Sat May  9 17:58:17 2026
4 records inserted in traffic table.
Timer fired: Sat May  9 17:58:22 2026
3 records inserted in traffic table.
Timer fired: Sat May  9 17:58:27 2026
4 records inserted in traffic table.
Timer fired: Sat May  9 17:58:32 2026
5 records inserted in traffic table.
Timer fired: Sat May  9 17:58:37 2026
8 records inserted in traffic table.
Timer fired: Sat May  9 17:58:42 2026
5 records inserted in traffic table.
Timer fired: Sat May  9 17:58:47 2026
5 records inserted in traffic table.
Timer fired: Sat May  9 17:58:52 2026
9 records inserted in traffic table.
Timer fired: Sat May  9 17:58:57 2026
5 records inserted in traffic table.
Timer fired: Sat May  9 17:59:02 2026
5 records inserted in traffic table.
Timer fired: Sat May  9 17:59:07 2026
4 records inserted in traffic table.
Timer fired: Sat May  9 17:59:12 2026
5 records inserted in traffic table.
Timer fired: Sat May  9 17:59:17 2026
3 records inserted in traffic table.
Timer fired: Sat May  9 17:59:22 2026
4 records inserted in traffic table.
Timer fired: Sat May  9 17:59:27 2026
5 records inserted in traffic table.
Timer fired: Sat May  9 17:59:32 2026
8 records inserted in traffic table.
Timer fired: Sat May  9 17:59:37 2026
7 records inserted in traffic table.
Timer fired: Sat May  9 17:59:42 2026
6 records inserted in traffic table.
Timer fired: Sat May  9 17:59:47 2026
4 records inserted in traffic table.
Timer fired: Sat May  9 17:59:52 2026
7 records inserted in traffic table.
Timer fired: Sat May  9 17:59:57 2026
5 records inserted in traffic table.
Timer fired: Sat May  9 18:00:02 2026
6 records inserted in traffic table.
Timer fired: Sat May  9 18:00:07 2026
4 records inserted in traffic table.
Timer fired: Sat May  9 18:00:12 2026
6 records inserted in traffic table.
Timer fired: Sat May  9 18:00:17 2026
5 records inserted in traffic table.
Timer fired: Sat May  9 18:00:22 2026
3 records inserted in traffic table.
Timer fired: Sat May  9 18:00:27 2026
4 records inserted in traffic table.
Timer fired: Sat May  9 18:00:32 2026
5 records inserted in traffic table.
Timer fired: Sat May  9 18:00:37 2026
9 records inserted in traffic table.
Timer fired: Sat May  9 18:00:42 2026
5 records inserted in traffic table.
Timer fired: Sat May  9 18:00:47 2026
4 records inserted in traffic table.
Timer fired: Sat May  9 18:00:52 2026
6 records inserted in traffic table.
Timer fired: Sat May  9 18:00:57 2026
6 records inserted in traffic table.
Timer fired: Sat May  9 18:01:02 2026
7 records inserted in traffic table.
Timer fired: Sat May  9 18:01:07 2026
4 records inserted in traffic table.
Timer fired: Sat May  9 18:01:12 2026
5 records inserted in traffic table.
Timer fired: Sat May  9 18:01:17 2026
6 records inserted in traffic table.
Timer fired: Sat May  9 18:01:22 2026
5 records inserted in traffic table.
Timer fired: Sat May  9 18:01:27 2026
5 records inserted in traffic table.
Timer fired: Sat May  9 18:01:32 2026
5 records inserted in traffic table.
Timer fired: Sat May  9 18:01:37 2026
7 records inserted in traffic table.
Timer fired: Sat May  9 18:01:42 2026
6 records inserted in traffic table.
Timer fired: Sat May  9 18:01:47 2026
6 records inserted in traffic table.
Timer fired: Sat May  9 18:01:52 2026
5 records inserted in traffic table.
Timer fired: Sat May  9 18:01:57 2026
6 records inserted in traffic table.
Timer fired: Sat May  9 18:02:02 2026
5 records inserted in traffic table.
Timer fired: Sat May  9 18:02:07 2026
8 records inserted in traffic table.
Timer fired: Sat May  9 18:02:12 2026
5 records inserted in traffic table.
Timer fired: Sat May  9 18:02:17 2026
5 records inserted in traffic table.
Timer fired: Sat May  9 18:02:22 2026
3 records inserted in traffic table.
Timer fired: Sat May  9 18:02:27 2026
4 records inserted in traffic table.
Timer fired: Sat May  9 18:02:32 2026
6 records inserted in traffic table.
Timer fired: Sat May  9 18:02:37 2026
7 records inserted in traffic table.
Timer fired: Sat May  9 18:02:42 2026
6 records inserted in traffic table.
Timer fired: Sat May  9 18:02:47 2026
5 records inserted in traffic table.
Timer fired: Sat May  9 18:02:52 2026
5 records inserted in traffic table.
Timer fired: Sat May  9 18:02:57 2026
9 records inserted in traffic table.
Timer fired: Sat May  9 18:03:02 2026
5 records inserted in traffic table.
Timer fired: Sat May  9 18:03:07 2026
5 records inserted in traffic table.
Timer fired: Sat May  9 18:03:12 2026
5 records inserted in traffic table.
Timer fired: Sat May  9 18:03:17 2026
6 records inserted in traffic table.
Timer fired: Sat May  9 18:03:22 2026
3 records inserted in traffic table.
Timer fired: Sat May  9 18:03:27 2026
5 records inserted in traffic table.
Timer fired: Sat May  9 18:03:32 2026
4 records inserted in traffic table.
Timer fired: Sat May  9 18:03:37 2026
7 records inserted in traffic table.
Timer fired: Sat May  9 18:03:42 2026
6 records inserted in traffic table.
Timer fired: Sat May  9 18:03:47 2026
5 records inserted in traffic table.
Timer fired: Sat May  9 18:03:52 2026
5 records inserted in traffic table.
Timer fired: Sat May  9 18:03:57 2026
8 records inserted in traffic table.
Timer fired: Sat May  9 18:04:02 2026
6 records inserted in traffic table.
Timer fired: Sat May  9 18:04:07 2026
5 records inserted in traffic table.
Timer fired: Sat May  9 18:04:12 2026
5 records inserted in traffic table.
Timer fired: Sat May  9 18:04:17 2026
3 records inserted in traffic table.
Timer fired: Sat May  9 18:04:22 2026
4 records inserted in traffic table.
Timer fired: Sat May  9 18:04:27 2026
5 records inserted in traffic table.
Timer fired: Sat May  9 18:04:32 2026
6 records inserted in traffic table.
Timer fired: Sat May  9 18:04:37 2026
6 records inserted in traffic table.
Timer fired: Sat May  9 18:04:42 2026
7 records inserted in traffic table.
Timer fired: Sat May  9 18:04:47 2026
7 records inserted in traffic table.
Timer fired: Sat May  9 18:04:52 2026
4 records inserted in traffic table.
Timer fired: Sat May  9 18:04:57 2026
6 records inserted in traffic table.
Timer fired: Sat May  9 18:05:02 2026
6 records inserted in traffic table.
Timer fired: Sat May  9 18:05:07 2026
4 records inserted in traffic table.
Timer fired: Sat May  9 18:05:12 2026
5 records inserted in traffic table.
Timer fired: Sat May  9 18:05:17 2026
3 records inserted in traffic table.
Timer fired: Sat May  9 18:05:22 2026
3 records inserted in traffic table.
Timer fired: Sat May  9 18:05:27 2026
6 records inserted in traffic table.
Timer fired: Sat May  9 18:05:32 2026
6 records inserted in traffic table.
Timer fired: Sat May  9 18:05:37 2026
6 records inserted in traffic table.
Timer fired: Sat May  9 18:05:42 2026
6 records inserted in traffic table.
Timer fired: Sat May  9 18:05:47 2026
5 records inserted in traffic table.
Timer fired: Sat May  9 18:05:52 2026
6 records inserted in traffic table.
Timer fired: Sat May  9 18:05:57 2026
9 records inserted in traffic table.
Timer fired: Sat May  9 18:06:02 2026
5 records inserted in traffic table.
Timer fired: Sat May  9 18:06:07 2026
5 records inserted in traffic table.
Timer fired: Sat May  9 18:06:12 2026
8 records inserted in traffic table.
Timer fired: Sat May  9 18:06:17 2026
8 records inserted in traffic table.
Timer fired: Sat May  9 18:06:22 2026
5 records inserted in traffic table.
Timer fired: Sat May  9 18:06:27 2026
6 records inserted in traffic table.
Timer fired: Sat May  9 18:06:32 2026
11 records inserted in traffic table.
Timer fired: Sat May  9 18:06:37 2026
5 records inserted in traffic table.
Timer fired: Sat May  9 18:06:42 2026
8 records inserted in traffic table.
Timer fired: Sat May  9 18:06:47 2026
6 records inserted in traffic table.
Timer fired: Sat May  9 18:06:52 2026
6 records inserted in traffic table.
Timer fired: Sat May  9 18:06:57 2026
7 records inserted in traffic table.
Timer fired: Sat May  9 18:07:02 2026
8 records inserted in traffic table.
Timer fired: Sat May  9 18:07:07 2026
5 records inserted in traffic table.
Timer fired: Sat May  9 18:07:12 2026
6 records inserted in traffic table.
Timer fired: Sat May  9 18:07:17 2026
4 records inserted in traffic table.
Timer fired: Sat May  9 18:07:22 2026
3 records inserted in traffic table.
Timer fired: Sat May  9 18:07:27 2026
4 records inserted in traffic table.
Timer fired: Sat May  9 18:07:32 2026
4 records inserted in traffic table.
Timer fired: Sat May  9 18:07:37 2026
6 records inserted in traffic table.
Timer fired: Sat May  9 18:07:42 2026
8 records inserted in traffic table.
Timer fired: Sat May  9 18:07:47 2026
7 records inserted in traffic table.
Timer fired: Sat May  9 18:07:52 2026
5 records inserted in traffic table.
Timer fired: Sat May  9 18:07:57 2026
6 records inserted in traffic table.
Timer fired: Sat May  9 18:08:02 2026
5 records inserted in traffic table.
Timer fired: Sat May  9 18:08:07 2026
4 records inserted in traffic table.
Timer fired: Sat May  9 18:08:12 2026
5 records inserted in traffic table.
Timer fired: Sat May  9 18:08:17 2026
3 records inserted in traffic table.
Timer fired: Sat May  9 18:08:22 2026
4 records inserted in traffic table.
Timer fired: Sat May  9 18:08:27 2026
4 records inserted in traffic table.
Timer fired: Sat May  9 18:08:32 2026
6 records inserted in traffic table.
Timer fired: Sat May  9 18:08:37 2026
7 records inserted in traffic table.
Timer fired: Sat May  9 18:08:42 2026
7 records inserted in traffic table.
Timer fired: Sat May  9 18:08:47 2026
6 records inserted in traffic table.
Timer fired: Sat May  9 18:08:52 2026
5 records inserted in traffic table.
Timer fired: Sat May  9 18:08:57 2026
6 records inserted in traffic table.
Timer fired: Sat May  9 18:09:02 2026
4 records inserted in traffic table.
Timer fired: Sat May  9 18:09:07 2026
4 records inserted in traffic table.
Timer fired: Sat May  9 18:09:12 2026
6 records inserted in traffic table.
Timer fired: Sat May  9 18:09:17 2026
3 records inserted in traffic table.
Timer fired: Sat May  9 18:09:22 2026
7 records inserted in traffic table.
Timer fired: Sat May  9 18:09:27 2026
5 records inserted in traffic table.
Timer fired: Sat May  9 18:09:32 2026
6 records inserted in traffic table.
Timer fired: Sat May  9 18:09:37 2026
6 records inserted in traffic table.
Timer fired: Sat May  9 18:09:42 2026
6 records inserted in traffic table.
Timer fired: Sat May  9 18:09:47 2026
5 records inserted in traffic table.
Timer fired: Sat May  9 18:09:52 2026
5 records inserted in traffic table.
Timer fired: Sat May  9 18:09:57 2026
5 records inserted in traffic table.
Timer fired: Sat May  9 18:10:02 2026
7 records inserted in traffic table.
Timer fired: Sat May  9 18:10:07 2026
7 records inserted in traffic table.
Timer fired: Sat May  9 18:10:12 2026
6 records inserted in traffic table.
Timer fired: Sat May  9 18:10:17 2026
4 records inserted in traffic table.
Timer fired: Sat May  9 18:10:22 2026
4 records inserted in traffic table.
Timer fired: Sat May  9 18:10:27 2026
4 records inserted in traffic table.
Timer fired: Sat May  9 18:10:32 2026
4 records inserted in traffic table.
Timer fired: Sat May  9 18:10:37 2026
7 records inserted in traffic table.
Timer fired: Sat May  9 18:10:42 2026
6 records inserted in traffic table.
Timer fired: Sat May  9 18:10:47 2026
5 records inserted in traffic table.
Timer fired: Sat May  9 18:10:52 2026
7 records inserted in traffic table.
Timer fired: Sat May  9 18:10:57 2026
6 records inserted in traffic table.
Timer fired: Sat May  9 18:11:02 2026
4 records inserted in traffic table.
Timer fired: Sat May  9 18:11:07 2026
4 records inserted in traffic table.
Timer fired: Sat May  9 18:11:12 2026
6 records inserted in traffic table.
Timer fired: Sat May  9 18:11:17 2026
6 records inserted in traffic table.
Timer fired: Sat May  9 18:11:22 2026
6 records inserted in traffic table.
Timer fired: Sat May  9 18:11:27 2026
5 records inserted in traffic table.
Timer fired: Sat May  9 18:11:32 2026
5 records inserted in traffic table.
Timer fired: Sat May  9 18:11:37 2026
8 records inserted in traffic table.
Timer fired: Sat May  9 18:11:42 2026
7 records inserted in traffic table.
Timer fired: Sat May  9 18:11:47 2026
7 records inserted in traffic table.
Timer fired: Sat May  9 18:11:52 2026
5 records inserted in traffic table.
Timer fired: Sat May  9 18:11:57 2026
7 records inserted in traffic table.
Timer fired: Sat May  9 18:12:02 2026
7 records inserted in traffic table.
Timer fired: Sat May  9 18:12:07 2026
6 records inserted in traffic table.
Timer fired: Sat May  9 18:12:12 2026
6 records inserted in traffic table.
Timer fired: Sat May  9 18:12:17 2026
4 records inserted in traffic table.
Timer fired: Sat May  9 18:12:22 2026
5 records inserted in traffic table.
Timer fired: Sat May  9 18:12:27 2026
4 records inserted in traffic table.
Timer fired: Sat May  9 18:12:32 2026
4 records inserted in traffic table.
Timer fired: Sat May  9 18:12:37 2026
6 records inserted in traffic table.
Timer fired: Sat May  9 18:12:42 2026
7 records inserted in traffic table.
Timer fired: Sat May  9 18:12:47 2026
5 records inserted in traffic table.
Timer fired: Sat May  9 18:12:52 2026
5 records inserted in traffic table.
Timer fired: Sat May  9 18:12:57 2026
6 records inserted in traffic table.
Timer fired: Sat May  9 18:13:02 2026
4 records inserted in traffic table.
Timer fired: Sat May  9 18:13:07 2026
7 records inserted in traffic table.
Timer fired: Sat May  9 18:13:12 2026
5 records inserted in traffic table.
Timer fired: Sat May  9 18:13:17 2026
4 records inserted in traffic table.
Timer fired: Sat May  9 18:13:22 2026
3 records inserted in traffic table.
Timer fired: Sat May  9 18:13:27 2026
5 records inserted in traffic table.
Timer fired: Sat May  9 18:13:32 2026
5 records inserted in traffic table.
Timer fired: Sat May  9 18:13:37 2026
5 records inserted in traffic table.
Timer fired: Sat May  9 18:13:42 2026
8 records inserted in traffic table.
Timer fired: Sat May  9 18:13:47 2026
4 records inserted in traffic table.
Timer fired: Sat May  9 18:13:52 2026
7 records inserted in traffic table.
Timer fired: Sat May  9 18:13:57 2026
7 records inserted in traffic table.
Timer fired: Sat May  9 18:14:02 2026
5 records inserted in traffic table.
Timer fired: Sat May  9 18:14:07 2026
4 records inserted in traffic table.
Timer fired: Sat May  9 18:14:12 2026
6 records inserted in traffic table.
Timer fired: Sat May  9 18:14:17 2026
3 records inserted in traffic table.
Timer fired: Sat May  9 18:14:22 2026
3 records inserted in traffic table.
Timer fired: Sat May  9 18:14:27 2026
5 records inserted in traffic table.
Timer fired: Sat May  9 18:14:32 2026
8 records inserted in traffic table.
Timer fired: Sat May  9 18:14:37 2026
5 records inserted in traffic table.
Timer fired: Sat May  9 18:14:42 2026
8 records inserted in traffic table.
Timer fired: Sat May  9 18:14:47 2026
6 records inserted in traffic table.
Timer fired: Sat May  9 18:14:52 2026
4 records inserted in traffic table.
Timer fired: Sat May  9 18:14:57 2026
6 records inserted in traffic table.
Timer fired: Sat May  9 18:15:02 2026
6 records inserted in traffic table.
Timer fired: Sat May  9 18:15:07 2026
5 records inserted in traffic table.
Timer fired: Sat May  9 18:15:12 2026
5 records inserted in traffic table.
Timer fired: Sat May  9 18:15:17 2026
3 records inserted in traffic table.
Timer fired: Sat May  9 18:15:22 2026
5 records inserted in traffic table.
Timer fired: Sat May  9 18:15:27 2026
5 records inserted in traffic table.
Timer fired: Sat May  9 18:15:32 2026
5 records inserted in traffic table.
Timer fired: Sat May  9 18:15:37 2026
6 records inserted in traffic table.
Timer fired: Sat May  9 18:15:42 2026
6 records inserted in traffic table.
Timer fired: Sat May  9 18:15:47 2026
5 records inserted in traffic table.
Timer fired: Sat May  9 18:15:52 2026
4 records inserted in traffic table.
Timer fired: Sat May  9 18:15:57 2026
7 records inserted in traffic table.
Timer fired: Sat May  9 18:16:02 2026
4 records inserted in traffic table.
Timer fired: Sat May  9 18:16:07 2026
6 records inserted in traffic table.
Timer fired: Sat May  9 18:16:12 2026
6 records inserted in traffic table.
Timer fired: Sat May  9 18:16:17 2026
7 records inserted in traffic table.
Timer fired: Sat May  9 18:16:22 2026
6 records inserted in traffic table.
Timer fired: Sat May  9 18:16:27 2026
4 records inserted in traffic table.
Timer fired: Sat May  9 18:16:32 2026
4 records inserted in traffic table.
Timer fired: Sat May  9 18:16:37 2026
6 records inserted in traffic table.
Timer fired: Sat May  9 18:16:42 2026
6 records inserted in traffic table.
Timer fired: Sat May  9 18:16:47 2026
5 records inserted in traffic table.
Timer fired: Sat May  9 18:16:52 2026
6 records inserted in traffic table.
Timer fired: Sat May  9 18:16:57 2026
7 records inserted in traffic table.
Timer fired: Sat May  9 18:17:02 2026
6 records inserted in traffic table.
Timer fired: Sat May  9 18:17:07 2026
5 records inserted in traffic table.
Timer fired: Sat May  9 18:17:12 2026
6 records inserted in traffic table.
Timer fired: Sat May  9 18:17:17 2026
3 records inserted in traffic table.
Timer fired: Sat May  9 18:17:22 2026
4 records inserted in traffic table.
Timer fired: Sat May  9 18:17:27 2026
5 records inserted in traffic table.
Timer fired: Sat May  9 18:17:32 2026
4 records inserted in traffic table.
Timer fired: Sat May  9 18:17:37 2026
7 records inserted in traffic table.
Timer fired: Sat May  9 18:17:42 2026
8 records inserted in traffic table.
Timer fired: Sat May  9 18:17:47 2026
6 records inserted in traffic table.
Timer fired: Sat May  9 18:17:52 2026
4 records inserted in traffic table.
Timer fired: Sat May  9 18:17:57 2026
7 records inserted in traffic table.
Timer fired: Sat May  9 18:18:02 2026
4 records inserted in traffic table.
Timer fired: Sat May  9 18:18:07 2026
5 records inserted in traffic table.
Timer fired: Sat May  9 18:18:12 2026
6 records inserted in traffic table.
Timer fired: Sat May  9 18:18:17 2026
3 records inserted in traffic table.
Timer fired: Sat May  9 18:18:22 2026
5 records inserted in traffic table.
Timer fired: Sat May  9 18:18:27 2026
4 records inserted in traffic table.
Timer fired: Sat May  9 18:18:32 2026
4 records inserted in traffic table.
Timer fired: Sat May  9 18:18:37 2026
6 records inserted in traffic table.
Timer fired: Sat May  9 18:18:42 2026
9 records inserted in traffic table.
Timer fired: Sat May  9 18:18:47 2026
4 records inserted in traffic table.
Timer fired: Sat May  9 18:18:52 2026
4 records inserted in traffic table.
Timer fired: Sat May  9 18:18:57 2026
6 records inserted in traffic table.
Timer fired: Sat May  9 18:19:02 2026
5 records inserted in traffic table.
Timer fired: Sat May  9 18:19:07 2026
6 records inserted in traffic table.
Timer fired: Sat May  9 18:19:12 2026
5 records inserted in traffic table.
Timer fired: Sat May  9 18:19:17 2026
3 records inserted in traffic table.
Timer fired: Sat May  9 18:19:22 2026
3 records inserted in traffic table.
Timer fired: Sat May  9 18:19:27 2026
6 records inserted in traffic table.
Timer fired: Sat May  9 18:19:32 2026
5 records inserted in traffic table.
Timer fired: Sat May  9 18:19:37 2026
7 records inserted in traffic table.
Timer fired: Sat May  9 18:19:42 2026
7 records inserted in traffic table.
Timer fired: Sat May  9 18:19:47 2026
5 records inserted in traffic table.
Timer fired: Sat May  9 18:19:52 2026
7 records inserted in traffic table.
Timer fired: Sat May  9 18:19:57 2026
6 records inserted in traffic table.
Timer fired: Sat May  9 18:20:02 2026
5 records inserted in traffic table.
Timer fired: Sat May  9 18:20:07 2026
4 records inserted in traffic table.
Timer fired: Sat May  9 18:20:12 2026
5 records inserted in traffic table.
Timer fired: Sat May  9 18:20:17 2026
4 records inserted in traffic table.
Timer fired: Sat May  9 18:20:22 2026
4 records inserted in traffic table.
Timer fired: Sat May  9 18:20:27 2026
6 records inserted in traffic table.
Timer fired: Sat May  9 18:20:32 2026
5 records inserted in traffic table.
Timer fired: Sat May  9 18:20:37 2026
10 records inserted in traffic table.
Timer fired: Sat May  9 18:20:42 2026
7 records inserted in traffic table.
Timer fired: Sat May  9 18:20:47 2026
5 records inserted in traffic table.
Timer fired: Sat May  9 18:20:52 2026
4 records inserted in traffic table.
Timer fired: Sat May  9 18:20:57 2026
6 records inserted in traffic table.
Timer fired: Sat May  9 18:21:02 2026
4 records inserted in traffic table.
Timer fired: Sat May  9 18:21:07 2026
5 records inserted in traffic table.
Timer fired: Sat May  9 18:21:12 2026
5 records inserted in traffic table.
Timer fired: Sat May  9 18:21:17 2026
4 records inserted in traffic table.
Timer fired: Sat May  9 18:21:22 2026
5 records inserted in traffic table.
Timer fired: Sat May  9 18:21:27 2026
5 records inserted in traffic table.
Timer fired: Sat May  9 18:21:32 2026
4 records inserted in traffic table.
Timer fired: Sat May  9 18:21:37 2026
7 records inserted in traffic table.
Timer fired: Sat May  9 18:21:42 2026
7 records inserted in traffic table.
Timer fired: Sat May  9 18:21:47 2026
5 records inserted in traffic table.
Timer fired: Sat May  9 18:21:52 2026
4 records inserted in traffic table.
Timer fired: Sat May  9 18:21:57 2026
8 records inserted in traffic table.
Timer fired: Sat May  9 18:22:02 2026
8 records inserted in traffic table.
Timer fired: Sat May  9 18:22:07 2026
7 records inserted in traffic table.
Timer fired: Sat May  9 18:22:12 2026
5 records inserted in traffic table.
Timer fired: Sat May  9 18:22:17 2026
5 records inserted in traffic table.
Timer fired: Sat May  9 18:22:22 2026
4 records inserted in traffic table.
Timer fired: Sat May  9 18:22:27 2026
5 records inserted in traffic table.
Timer fired: Sat May  9 18:22:32 2026
5 records inserted in traffic table.
Timer fired: Sat May  9 18:22:37 2026
6 records inserted in traffic table.
Timer fired: Sat May  9 18:22:42 2026
14 records inserted in traffic table.
Timer fired: Sat May  9 18:22:47 2026
5 records inserted in traffic table.
Timer fired: Sat May  9 18:22:52 2026
6 records inserted in traffic table.
Timer fired: Sat May  9 18:22:57 2026
5 records inserted in traffic table.
Timer fired: Sat May  9 18:23:02 2026
5 records inserted in traffic table.
Timer fired: Sat May  9 18:23:07 2026
3 records inserted in traffic table.
Timer fired: Sat May  9 18:23:12 2026
6 records inserted in traffic table.
Timer fired: Sat May  9 18:23:17 2026
4 records inserted in traffic table.
Timer fired: Sat May  9 18:23:22 2026
4 records inserted in traffic table.
Timer fired: Sat May  9 18:23:27 2026
5 records inserted in traffic table.
Timer fired: Sat May  9 18:23:32 2026
5 records inserted in traffic table.
Timer fired: Sat May  9 18:23:37 2026
6 records inserted in traffic table.
Timer fired: Sat May  9 18:23:42 2026
6 records inserted in traffic table.
Timer fired: Sat May  9 18:23:47 2026
4 records inserted in traffic table.
Timer fired: Sat May  9 18:23:52 2026
6 records inserted in traffic table.
Timer fired: Sat May  9 18:23:57 2026
4 records inserted in traffic table.
Timer fired: Sat May  9 18:24:02 2026
6 records inserted in traffic table.
Timer fired: Sat May  9 18:24:07 2026
4 records inserted in traffic table.
Timer fired: Sat May  9 18:24:12 2026
8 records inserted in traffic table.
Timer fired: Sat May  9 18:24:17 2026
3 records inserted in traffic table.
Timer fired: Sat May  9 18:24:22 2026
3 records inserted in traffic table.
Timer fired: Sat May  9 18:24:27 2026
3 records inserted in traffic table.
Timer fired: Sat May  9 18:24:32 2026
7 records inserted in traffic table.
Timer fired: Sat May  9 18:24:37 2026
6 records inserted in traffic table.
Timer fired: Sat May  9 18:24:42 2026
6 records inserted in traffic table.
Timer fired: Sat May  9 18:24:47 2026
5 records inserted in traffic table.
Timer fired: Sat May  9 18:24:52 2026
5 records inserted in traffic table.
Timer fired: Sat May  9 18:24:57 2026
7 records inserted in traffic table.
Timer fired: Sat May  9 18:25:02 2026
9 records inserted in traffic table.
Timer fired: Sat May  9 18:25:07 2026
3 records inserted in traffic table.
Timer fired: Sat May  9 18:25:12 2026
6 records inserted in traffic table.
Timer fired: Sat May  9 18:25:17 2026
5 records inserted in traffic table.
Timer fired: Sat May  9 18:25:22 2026
4 records inserted in traffic table.
Timer fired: Sat May  9 18:25:27 2026
6 records inserted in traffic table.
Timer fired: Sat May  9 18:25:32 2026
5 records inserted in traffic table.
Timer fired: Sat May  9 18:25:37 2026
6 records inserted in traffic table.
Timer fired: Sat May  9 18:25:42 2026
8 records inserted in traffic table.
Timer fired: Sat May  9 18:25:47 2026
5 records inserted in traffic table.
Timer fired: Sat May  9 18:25:52 2026
6 records inserted in traffic table.
Timer fired: Sat May  9 18:25:57 2026
3 records inserted in traffic table.
Timer fired: Sat May  9 18:26:02 2026
8 records inserted in traffic table.
Timer fired: Sat May  9 18:26:07 2026
4 records inserted in traffic table.
Timer fired: Sat May  9 18:26:12 2026
5 records inserted in traffic table.
Timer fired: Sat May  9 18:26:17 2026
6 records inserted in traffic table.
Timer fired: Sat May  9 18:26:22 2026
4 records inserted in traffic table.
Timer fired: Sat May  9 18:26:27 2026
7 records inserted in traffic table.
Timer fired: Sat May  9 18:26:32 2026
4 records inserted in traffic table.
Timer fired: Sat May  9 18:26:37 2026
5 records inserted in traffic table.
Timer fired: Sat May  9 18:26:42 2026
6 records inserted in traffic table.
Timer fired: Sat May  9 18:26:47 2026
6 records inserted in traffic table.
Timer fired: Sat May  9 18:26:52 2026
4 records inserted in traffic table.
Timer fired: Sat May  9 18:26:57 2026
5 records inserted in traffic table.
Timer fired: Sat May  9 18:27:02 2026
6 records inserted in traffic table.
Timer fired: Sat May  9 18:27:07 2026
6 records inserted in traffic table.
Timer fired: Sat May  9 18:27:12 2026
8 records inserted in traffic table.
Timer fired: Sat May  9 18:27:17 2026
3 records inserted in traffic table.
Timer fired: Sat May  9 18:27:22 2026
4 records inserted in traffic table.
Timer fired: Sat May  9 18:27:27 2026
6 records inserted in traffic table.
Timer fired: Sat May  9 18:27:32 2026
4 records inserted in traffic table.
Timer fired: Sat May  9 18:27:37 2026
7 records inserted in traffic table.
Timer fired: Sat May  9 18:27:42 2026
5 records inserted in traffic table.
Timer fired: Sat May  9 18:27:47 2026
7 records inserted in traffic table.
Timer fired: Sat May  9 18:27:52 2026
4 records inserted in traffic table.
Timer fired: Sat May  9 18:27:57 2026
9 records inserted in traffic table.
Timer fired: Sat May  9 18:28:02 2026
7 records inserted in traffic table.
Timer fired: Sat May  9 18:28:07 2026
4 records inserted in traffic table.
Timer fired: Sat May  9 18:28:12 2026
6 records inserted in traffic table.
Timer fired: Sat May  9 18:28:17 2026
3 records inserted in traffic table.
Timer fired: Sat May  9 18:28:22 2026
4 records inserted in traffic table.
Timer fired: Sat May  9 18:28:27 2026
5 records inserted in traffic table.
Timer fired: Sat May  9 18:28:32 2026
5 records inserted in traffic table.
Timer fired: Sat May  9 18:28:37 2026
5 records inserted in traffic table.
Timer fired: Sat May  9 18:28:42 2026
7 records inserted in traffic table.
Timer fired: Sat May  9 18:28:47 2026
6 records inserted in traffic table.
Timer fired: Sat May  9 18:28:52 2026
5 records inserted in traffic table.
Timer fired: Sat May  9 18:28:57 2026
4 records inserted in traffic table.
Timer fired: Sat May  9 18:29:02 2026
6 records inserted in traffic table.
Timer fired: Sat May  9 18:29:07 2026
4 records inserted in traffic table.
Timer fired: Sat May  9 18:29:12 2026
6 records inserted in traffic table.
Timer fired: Sat May  9 18:29:17 2026
4 records inserted in traffic table.
Timer fired: Sat May  9 18:29:22 2026
3 records inserted in traffic table.
Timer fired: Sat May  9 18:29:27 2026
6 records inserted in traffic table.
Timer fired: Sat May  9 18:29:32 2026
5 records inserted in traffic table.
Timer fired: Sat May  9 18:29:37 2026
7 records inserted in traffic table.
Timer fired: Sat May  9 18:29:42 2026
5 records inserted in traffic table.
Timer fired: Sat May  9 18:29:47 2026
7 records inserted in traffic table.
Timer fired: Sat May  9 18:29:52 2026
4 records inserted in traffic table.
Timer fired: Sat May  9 18:29:57 2026
3 records inserted in traffic table.
Timer fired: Sat May  9 18:30:02 2026
7 records inserted in traffic table.
Timer fired: Sat May  9 18:30:07 2026
5 records inserted in traffic table.
Timer fired: Sat May  9 18:30:12 2026
6 records inserted in traffic table.
Timer fired: Sat May  9 18:30:17 2026
3 records inserted in traffic table.
Timer fired: Sat May  9 18:30:22 2026
5 records inserted in traffic table.
Timer fired: Sat May  9 18:30:27 2026
4 records inserted in traffic table.
Timer fired: Sat May  9 18:30:32 2026
5 records inserted in traffic table.
Timer fired: Sat May  9 18:30:37 2026
5 records inserted in traffic table.
Timer fired: Sat May  9 18:30:42 2026
5 records inserted in traffic table.
Timer fired: Sat May  9 18:30:47 2026
6 records inserted in traffic table.
Timer fired: Sat May  9 18:30:52 2026
6 records inserted in traffic table.
Timer fired: Sat May  9 18:30:57 2026
8 records inserted in traffic table.
Timer fired: Sat May  9 18:31:02 2026
7 records inserted in traffic table.
Timer fired: Sat May  9 18:31:07 2026
6 records inserted in traffic table.
Timer fired: Sat May  9 18:31:12 2026
6 records inserted in traffic table.
Timer fired: Sat May  9 18:31:17 2026
6 records inserted in traffic table.
Timer fired: Sat May  9 18:31:22 2026
4 records inserted in traffic table.
Timer fired: Sat May  9 18:31:27 2026
5 records inserted in traffic table.
Timer fired: Sat May  9 18:31:32 2026
7 records inserted in traffic table.
Timer fired: Sat May  9 18:31:37 2026
8 records inserted in traffic table.
Timer fired: Sat May  9 18:31:42 2026
9 records inserted in traffic table.
Timer fired: Sat May  9 18:31:47 2026
9 records inserted in traffic table.
Timer fired: Sat May  9 18:31:52 2026
6 records inserted in traffic table.
Timer fired: Sat May  9 18:31:57 2026
5 records inserted in traffic table.
Timer fired: Sat May  9 18:32:02 2026
9 records inserted in traffic table.
Timer fired: Sat May  9 18:32:07 2026
7 records inserted in traffic table.
Timer fired: Sat May  9 18:32:12 2026
5 records inserted in traffic table.
Timer fired: Sat May  9 18:32:17 2026
4 records inserted in traffic table.
Timer fired: Sat May  9 18:32:22 2026
4 records inserted in traffic table.
Timer fired: Sat May  9 18:32:27 2026
8 records inserted in traffic table.
Timer fired: Sat May  9 18:32:32 2026
4 records inserted in traffic table.
Timer fired: Sat May  9 18:32:37 2026
5 records inserted in traffic table.
Timer fired: Sat May  9 18:32:42 2026
5 records inserted in traffic table.
Timer fired: Sat May  9 18:32:47 2026
8 records inserted in traffic table.
Timer fired: Sat May  9 18:32:52 2026
4 records inserted in traffic table.
Timer fired: Sat May  9 18:32:57 2026
3 records inserted in traffic table.
Timer fired: Sat May  9 18:33:02 2026
7 records inserted in traffic table.
Timer fired: Sat May  9 18:33:07 2026
6 records inserted in traffic table.
Timer fired: Sat May  9 18:33:12 2026
7 records inserted in traffic table.
Timer fired: Sat May  9 18:33:17 2026
4 records inserted in traffic table.
Timer fired: Sat May  9 18:33:22 2026
4 records inserted in traffic table.
Timer fired: Sat May  9 18:33:27 2026
6 records inserted in traffic table.
Timer fired: Sat May  9 18:33:32 2026
5 records inserted in traffic table.
Timer fired: Sat May  9 18:33:37 2026
7 records inserted in traffic table.
Timer fired: Sat May  9 18:33:42 2026
5 records inserted in traffic table.
Timer fired: Sat May  9 18:33:47 2026
6 records inserted in traffic table.
Timer fired: Sat May  9 18:33:52 2026
6 records inserted in traffic table.
Timer fired: Sat May  9 18:33:57 2026
5 records inserted in traffic table.
Timer fired: Sat May  9 18:34:02 2026
6 records inserted in traffic table.
Timer fired: Sat May  9 18:34:07 2026
4 records inserted in traffic table.
Timer fired: Sat May  9 18:34:12 2026
5 records inserted in traffic table.
Timer fired: Sat May  9 18:34:17 2026
6 records inserted in traffic table.
Timer fired: Sat May  9 18:34:22 2026
3 records inserted in traffic table.
Timer fired: Sat May  9 18:34:27 2026
5 records inserted in traffic table.
Timer fired: Sat May  9 18:34:32 2026
6 records inserted in traffic table.
Timer fired: Sat May  9 18:34:37 2026
5 records inserted in traffic table.
Timer fired: Sat May  9 18:34:42 2026
9 records inserted in traffic table.
Timer fired: Sat May  9 18:34:47 2026
7 records inserted in traffic table.
Timer fired: Sat May  9 18:34:52 2026
5 records inserted in traffic table.
Timer fired: Sat May  9 18:34:57 2026
4 records inserted in traffic table.
Timer fired: Sat May  9 18:35:02 2026
7 records inserted in traffic table.
Timer fired: Sat May  9 18:35:07 2026
4 records inserted in traffic table.
Timer fired: Sat May  9 18:35:12 2026
5 records inserted in traffic table.
Timer fired: Sat May  9 18:35:17 2026
4 records inserted in traffic table.
Timer fired: Sat May  9 18:35:22 2026
3 records inserted in traffic table.
Timer fired: Sat May  9 18:35:27 2026
7 records inserted in traffic table.
Timer fired: Sat May  9 18:35:32 2026
5 records inserted in traffic table.
Timer fired: Sat May  9 18:35:37 2026
6 records inserted in traffic table.
Timer fired: Sat May  9 18:35:42 2026
5 records inserted in traffic table.
Timer fired: Sat May  9 18:35:47 2026
6 records inserted in traffic table.
Timer fired: Sat May  9 18:35:52 2026
7 records inserted in traffic table.
Timer fired: Sat May  9 18:35:57 2026
3 records inserted in traffic table.
Timer fired: Sat May  9 18:36:02 2026
6 records inserted in traffic table.
Timer fired: Sat May  9 18:36:07 2026
4 records inserted in traffic table.
Timer fired: Sat May  9 18:36:12 2026
6 records inserted in traffic table.
Timer fired: Sat May  9 18:36:17 2026
5 records inserted in traffic table.
Timer fired: Sat May  9 18:36:22 2026
6 records inserted in traffic table.
Timer fired: Sat May  9 18:36:27 2026
4 records inserted in traffic table.
Timer fired: Sat May  9 18:36:32 2026
4 records inserted in traffic table.
Timer fired: Sat May  9 18:36:37 2026
7 records inserted in traffic table.
Timer fired: Sat May  9 18:36:42 2026
6 records inserted in traffic table.
Timer fired: Sat May  9 18:36:47 2026
6 records inserted in traffic table.
Timer fired: Sat May  9 18:36:52 2026
6 records inserted in traffic table.
Timer fired: Sat May  9 18:36:57 2026
6 records inserted in traffic table.
Timer fired: Sat May  9 18:37:02 2026
8 records inserted in traffic table.
Timer fired: Sat May  9 18:37:07 2026
6 records inserted in traffic table.
Timer fired: Sat May  9 18:37:12 2026
6 records inserted in traffic table.
Timer fired: Sat May  9 18:37:17 2026
3 records inserted in traffic table.
Timer fired: Sat May  9 18:37:22 2026
3 records inserted in traffic table.
Timer fired: Sat May  9 18:37:27 2026
5 records inserted in traffic table.
Timer fired: Sat May  9 18:37:32 2026
4 records inserted in traffic table.
Timer fired: Sat May  9 18:37:37 2026
8 records inserted in traffic table.
Timer fired: Sat May  9 18:37:42 2026
9 records inserted in traffic table.
Timer fired: Sat May  9 18:37:47 2026
8 records inserted in traffic table.
Timer fired: Sat May  9 18:37:52 2026
4 records inserted in traffic table.
Timer fired: Sat May  9 18:37:57 2026
4 records inserted in traffic table.
Timer fired: Sat May  9 18:38:02 2026
6 records inserted in traffic table.
Timer fired: Sat May  9 18:38:07 2026
4 records inserted in traffic table.
Timer fired: Sat May  9 18:38:12 2026
4 records inserted in traffic table.
Timer fired: Sat May  9 18:38:17 2026
4 records inserted in traffic table.
Timer fired: Sat May  9 18:38:22 2026
4 records inserted in traffic table.
Timer fired: Sat May  9 18:38:27 2026
6 records inserted in traffic table.
Timer fired: Sat May  9 18:38:32 2026
4 records inserted in traffic table.
Timer fired: Sat May  9 18:38:37 2026
5 records inserted in traffic table.
Timer fired: Sat May  9 18:38:42 2026
6 records inserted in traffic table.
Timer fired: Sat May  9 18:38:47 2026
6 records inserted in traffic table.
Timer fired: Sat May  9 18:38:52 2026
4 records inserted in traffic table.
Timer fired: Sat May  9 18:38:57 2026
4 records inserted in traffic table.
Timer fired: Sat May  9 18:39:02 2026
7 records inserted in traffic table.
Timer fired: Sat May  9 18:39:07 2026
4 records inserted in traffic table.
Timer fired: Sat May  9 18:39:12 2026
7 records inserted in traffic table.
Timer fired: Sat May  9 18:39:17 2026
5 records inserted in traffic table.
Timer fired: Sat May  9 18:39:22 2026
6 records inserted in traffic table.
Timer fired: Sat May  9 18:39:27 2026
4 records inserted in traffic table.
Timer fired: Sat May  9 18:39:32 2026
7 records inserted in traffic table.
Timer fired: Sat May  9 18:39:37 2026
8 records inserted in traffic table.
Timer fired: Sat May  9 18:39:42 2026
6 records inserted in traffic table.
Timer fired: Sat May  9 18:39:47 2026
7 records inserted in traffic table.
Timer fired: Sat May  9 18:39:52 2026
4 records inserted in traffic table.
Timer fired: Sat May  9 18:39:57 2026
7 records inserted in traffic table.
Timer fired: Sat May  9 18:40:02 2026
7 records inserted in traffic table.
Timer fired: Sat May  9 18:40:07 2026
4 records inserted in traffic table.
Timer fired: Sat May  9 18:40:12 2026
5 records inserted in traffic table.
Timer fired: Sat May  9 18:40:17 2026
5 records inserted in traffic table.
Timer fired: Sat May  9 18:40:22 2026
5 records inserted in traffic table.
Timer fired: Sat May  9 18:40:27 2026
5 records inserted in traffic table.
Timer fired: Sat May  9 18:40:32 2026
5 records inserted in traffic table.
Timer fired: Sat May  9 18:40:37 2026
5 records inserted in traffic table.
Timer fired: Sat May  9 18:40:42 2026
7 records inserted in traffic table.
Timer fired: Sat May  9 18:40:47 2026
7 records inserted in traffic table.
Timer fired: Sat May  9 18:40:52 2026
4 records inserted in traffic table.
Timer fired: Sat May  9 18:40:57 2026
3 records inserted in traffic table.
Timer fired: Sat May  9 18:41:02 2026
7 records inserted in traffic table.
Timer fired: Sat May  9 18:41:07 2026
4 records inserted in traffic table.
Timer fired: Sat May  9 18:41:12 2026
5 records inserted in traffic table.
Timer fired: Sat May  9 18:41:17 2026
3 records inserted in traffic table.
Timer fired: Sat May  9 18:41:22 2026
4 records inserted in traffic table.
Timer fired: Sat May  9 18:41:27 2026
6 records inserted in traffic table.
Timer fired: Sat May  9 18:41:32 2026
5 records inserted in traffic table.
Timer fired: Sat May  9 18:41:37 2026
5 records inserted in traffic table.
Timer fired: Sat May  9 18:41:42 2026
6 records inserted in traffic table.
Timer fired: Sat May  9 18:41:47 2026
6 records inserted in traffic table.
Timer fired: Sat May  9 18:41:52 2026
4 records inserted in traffic table.
Timer fired: Sat May  9 18:41:57 2026
5 records inserted in traffic table.
Timer fired: Sat May  9 18:42:02 2026
6 records inserted in traffic table.
Timer fired: Sat May  9 18:42:07 2026
5 records inserted in traffic table.
Timer fired: Sat May  9 18:42:12 2026
7 records inserted in traffic table.
Timer fired: Sat May  9 18:42:17 2026
3 records inserted in traffic table.
Timer fired: Sat May  9 18:42:22 2026
3 records inserted in traffic table.
Timer fired: Sat May  9 18:42:27 2026
5 records inserted in traffic table.
Timer fired: Sat May  9 18:42:32 2026
4 records inserted in traffic table.
Timer fired: Sat May  9 18:42:37 2026
6 records inserted in traffic table.
Timer fired: Sat May  9 18:42:42 2026
6 records inserted in traffic table.
Timer fired: Sat May  9 18:42:47 2026
7 records inserted in traffic table.
Timer fired: Sat May  9 18:42:52 2026
5 records inserted in traffic table.
Timer fired: Sat May  9 18:42:57 2026
5 records inserted in traffic table.
Timer fired: Sat May  9 18:43:02 2026
7 records inserted in traffic table.
Timer fired: Sat May  9 18:43:07 2026
8 records inserted in traffic table.
Timer fired: Sat May  9 18:43:12 2026
5 records inserted in traffic table.
Timer fired: Sat May  9 18:43:17 2026
4 records inserted in traffic table.
Timer fired: Sat May  9 18:43:22 2026
3 records inserted in traffic table.
Timer fired: Sat May  9 18:43:27 2026
4 records inserted in traffic table.
Timer fired: Sat May  9 18:43:32 2026
4 records inserted in traffic table.
Timer fired: Sat May  9 18:43:37 2026
7 records inserted in traffic table.
Timer fired: Sat May  9 18:43:42 2026
8 records inserted in traffic table.
Timer fired: Sat May  9 18:43:47 2026
4 records inserted in traffic table.
Timer fired: Sat May  9 18:43:52 2026
6 records inserted in traffic table.
Timer fired: Sat May  9 18:43:57 2026
3 records inserted in traffic table.
Timer fired: Sat May  9 18:44:02 2026
8 records inserted in traffic table.
Timer fired: Sat May  9 18:44:07 2026
5 records inserted in traffic table.
Timer fired: Sat May  9 18:44:12 2026
4 records inserted in traffic table.
Timer fired: Sat May  9 18:44:17 2026
3 records inserted in traffic table.
Timer fired: Sat May  9 18:44:22 2026
3 records inserted in traffic table.
Timer fired: Sat May  9 18:44:27 2026
7 records inserted in traffic table.
Timer fired: Sat May  9 18:44:32 2026
6 records inserted in traffic table.
Timer fired: Sat May  9 18:44:37 2026
5 records inserted in traffic table.
Timer fired: Sat May  9 18:44:42 2026
5 records inserted in traffic table.
Timer fired: Sat May  9 18:44:47 2026
5 records inserted in traffic table.
Timer fired: Sat May  9 18:44:52 2026
6 records inserted in traffic table.
Timer fired: Sat May  9 18:44:57 2026
3 records inserted in traffic table.
Timer fired: Sat May  9 18:45:02 2026
7 records inserted in traffic table.
Timer fired: Sat May  9 18:45:07 2026
5 records inserted in traffic table.
Timer fired: Sat May  9 18:45:12 2026
6 records inserted in traffic table.
Timer fired: Sat May  9 18:45:17 2026
3 records inserted in traffic table.
Timer fired: Sat May  9 18:45:22 2026
3 records inserted in traffic table.
Timer fired: Sat May  9 18:45:27 2026
5 records inserted in traffic table.
Timer fired: Sat May  9 18:45:32 2026
5 records inserted in traffic table.
Timer fired: Sat May  9 18:45:37 2026
7 records inserted in traffic table.
Timer fired: Sat May  9 18:45:42 2026
5 records inserted in traffic table.
Timer fired: Sat May  9 18:45:47 2026
5 records inserted in traffic table.
Timer fired: Sat May  9 18:45:52 2026
5 records inserted in traffic table.
Timer fired: Sat May  9 18:45:57 2026
6 records inserted in traffic table.
Timer fired: Sat May  9 18:46:02 2026
5 records inserted in traffic table.
Timer fired: Sat May  9 18:46:07 2026
5 records inserted in traffic table.
Timer fired: Sat May  9 18:46:12 2026
5 records inserted in traffic table.
Timer fired: Sat May  9 18:46:17 2026
8 records inserted in traffic table.
Timer fired: Sat May  9 18:46:22 2026
8 records inserted in traffic table.
Timer fired: Sat May  9 18:46:27 2026
4 records inserted in traffic table.
Timer fired: Sat May  9 18:46:32 2026
4 records inserted in traffic table.
Timer fired: Sat May  9 18:46:37 2026
5 records inserted in traffic table.
Timer fired: Sat May  9 18:46:42 2026
8 records inserted in traffic table.
Timer fired: Sat May  9 18:46:47 2026
5 records inserted in traffic table.
Timer fired: Sat May  9 18:46:52 2026
6 records inserted in traffic table.
Timer fired: Sat May  9 18:46:57 2026
3 records inserted in traffic table.
Timer fired: Sat May  9 18:47:02 2026
7 records inserted in traffic table.
Timer fired: Sat May  9 18:47:07 2026
7 records inserted in traffic table.
Timer fired: Sat May  9 18:47:12 2026
5 records inserted in traffic table.
Timer fired: Sat May  9 18:47:17 2026
3 records inserted in traffic table.
Timer fired: Sat May  9 18:47:22 2026
3 records inserted in traffic table.
Timer fired: Sat May  9 18:47:27 2026
7 records inserted in traffic table.
Timer fired: Sat May  9 18:47:32 2026
5 records inserted in traffic table.
Timer fired: Sat May  9 18:47:37 2026
5 records inserted in traffic table.
Timer fired: Sat May  9 18:47:42 2026
5 records inserted in traffic table.
Timer fired: Sat May  9 18:47:47 2026
7 records inserted in traffic table.
Timer fired: Sat May  9 18:47:52 2026
8 records inserted in traffic table.
Timer fired: Sat May  9 18:47:57 2026
4 records inserted in traffic table.
Timer fired: Sat May  9 18:48:02 2026
6 records inserted in traffic table.
Timer fired: Sat May  9 18:48:07 2026
5 records inserted in traffic table.
Timer fired: Sat May  9 18:48:12 2026
7 records inserted in traffic table.
Timer fired: Sat May  9 18:48:17 2026
4 records inserted in traffic table.
Timer fired: Sat May  9 18:48:22 2026
4 records inserted in traffic table.
Timer fired: Sat May  9 18:48:27 2026
5 records inserted in traffic table.
Timer fired: Sat May  9 18:48:32 2026
4 records inserted in traffic table.
Timer fired: Sat May  9 18:48:37 2026
6 records inserted in traffic table.
Timer fired: Sat May  9 18:48:42 2026
5 records inserted in traffic table.
Timer fired: Sat May  9 18:48:47 2026
5 records inserted in traffic table.
Timer fired: Sat May  9 18:48:52 2026
5 records inserted in traffic table.
Timer fired: Sat May  9 18:48:57 2026
6 records inserted in traffic table.
Timer fired: Sat May  9 18:49:02 2026
6 records inserted in traffic table.
Timer fired: Sat May  9 18:49:07 2026
5 records inserted in traffic table.
Timer fired: Sat May  9 18:49:12 2026
6 records inserted in traffic table.
Timer fired: Sat May  9 18:49:17 2026
3 records inserted in traffic table.
Timer fired: Sat May  9 18:49:22 2026
3 records inserted in traffic table.
Timer fired: Sat May  9 18:49:27 2026
5 records inserted in traffic table.
Timer fired: Sat May  9 18:49:32 2026
5 records inserted in traffic table.
Timer fired: Sat May  9 18:49:37 2026
5 records inserted in traffic table.
Timer fired: Sat May  9 18:49:42 2026
9 records inserted in traffic table.
Timer fired: Sat May  9 18:49:47 2026
5 records inserted in traffic table.
Timer fired: Sat May  9 18:49:52 2026
5 records inserted in traffic table.
Timer fired: Sat May  9 18:49:57 2026
5 records inserted in traffic table.
Timer fired: Sat May  9 18:50:02 2026
6 records inserted in traffic table.
Timer fired: Sat May  9 18:50:07 2026
6 records inserted in traffic table.
Timer fired: Sat May  9 18:50:12 2026
4 records inserted in traffic table.
Timer fired: Sat May  9 18:50:17 2026
3 records inserted in traffic table.
Timer fired: Sat May  9 18:50:22 2026
3 records inserted in traffic table.
Timer fired: Sat May  9 18:50:27 2026
5 records inserted in traffic table.
Timer fired: Sat May  9 18:50:32 2026
4 records inserted in traffic table.
Timer fired: Sat May  9 18:50:37 2026
6 records inserted in traffic table.
Timer fired: Sat May  9 18:50:42 2026
5 records inserted in traffic table.
Timer fired: Sat May  9 18:50:47 2026
7 records inserted in traffic table.
Timer fired: Sat May  9 18:50:52 2026
5 records inserted in traffic table.
Timer fired: Sat May  9 18:50:57 2026
3 records inserted in traffic table.
Timer fired: Sat May  9 18:51:02 2026
6 records inserted in traffic table.
Timer fired: Sat May  9 18:51:07 2026
5 records inserted in traffic table.
Timer fired: Sat May  9 18:51:12 2026
5 records inserted in traffic table.
Timer fired: Sat May  9 18:51:17 2026
3 records inserted in traffic table.
Timer fired: Sat May  9 18:51:22 2026
5 records inserted in traffic table.
Timer fired: Sat May  9 18:51:27 2026
4 records inserted in traffic table.
Timer fired: Sat May  9 18:51:32 2026
6 records inserted in traffic table.
Timer fired: Sat May  9 18:51:37 2026
5 records inserted in traffic table.
Timer fired: Sat May  9 18:51:42 2026
6 records inserted in traffic table.
Timer fired: Sat May  9 18:51:47 2026
5 records inserted in traffic table.
Timer fired: Sat May  9 18:51:52 2026
5 records inserted in traffic table.
Timer fired: Sat May  9 18:51:57 2026
4 records inserted in traffic table.
Timer fired: Sat May  9 18:52:02 2026
8 records inserted in traffic table.
Timer fired: Sat May  9 18:52:07 2026
7 records inserted in traffic table.
Timer fired: Sat May  9 18:52:12 2026
5 records inserted in traffic table.
Timer fired: Sat May  9 18:52:17 2026
5 records inserted in traffic table.
Timer fired: Sat May  9 18:52:22 2026
3 records inserted in traffic table.
Timer fired: Sat May  9 18:52:27 2026
5 records inserted in traffic table.
Timer fired: Sat May  9 18:52:32 2026
4 records inserted in traffic table.
Timer fired: Sat May  9 18:52:37 2026
5 records inserted in traffic table.
Timer fired: Sat May  9 18:52:42 2026
6 records inserted in traffic table.
Timer fired: Sat May  9 18:52:47 2026
7 records inserted in traffic table.
Timer fired: Sat May  9 18:52:52 2026
8 records inserted in traffic table.
Timer fired: Sat May  9 18:52:57 2026
6 records inserted in traffic table.
Timer fired: Sat May  9 18:53:02 2026
8 records inserted in traffic table.
Timer fired: Sat May  9 18:53:07 2026
5 records inserted in traffic table.
Timer fired: Sat May  9 18:53:12 2026
4 records inserted in traffic table.
Timer fired: Sat May  9 18:53:17 2026
4 records inserted in traffic table.
Timer fired: Sat May  9 18:53:22 2026
6 records inserted in traffic table.
Timer fired: Sat May  9 18:53:27 2026
7 records inserted in traffic table.
Timer fired: Sat May  9 18:53:32 2026
7 records inserted in traffic table.
Timer fired: Sat May  9 18:53:37 2026
6 records inserted in traffic table.
Timer fired: Sat May  9 18:53:42 2026
8 records inserted in traffic table.
Timer fired: Sat May  9 18:53:47 2026
8 records inserted in traffic table.
Timer fired: Sat May  9 18:53:52 2026
7 records inserted in traffic table.
Timer fired: Sat May  9 18:53:57 2026
4 records inserted in traffic table.
Timer fired: Sat May  9 18:54:02 2026
6 records inserted in traffic table.
Timer fired: Sat May  9 18:54:07 2026
6 records inserted in traffic table.
Timer fired: Sat May  9 18:54:12 2026
5 records inserted in traffic table.
Timer fired: Sat May  9 18:54:17 2026
6 records inserted in traffic table.
Timer fired: Sat May  9 18:54:22 2026
3 records inserted in traffic table.
Timer fired: Sat May  9 18:54:27 2026
5 records inserted in traffic table.
Timer fired: Sat May  9 18:54:32 2026
10 records inserted in traffic table.
Timer fired: Sat May  9 18:54:37 2026
6 records inserted in traffic table.
Timer fired: Sat May  9 18:54:42 2026
6 records inserted in traffic table.
Timer fired: Sat May  9 18:54:47 2026
7 records inserted in traffic table.
Timer fired: Sat May  9 18:54:52 2026
6 records inserted in traffic table.
Timer fired: Sat May  9 18:54:57 2026
3 records inserted in traffic table.
Timer fired: Sat May  9 18:55:02 2026
7 records inserted in traffic table.
Timer fired: Sat May  9 18:55:07 2026
5 records inserted in traffic table.
Timer fired: Sat May  9 18:55:12 2026
5 records inserted in traffic table.
Timer fired: Sat May  9 18:55:17 2026
7 records inserted in traffic table.
Timer fired: Sat May  9 18:55:22 2026
3 records inserted in traffic table.
Timer fired: Sat May  9 18:55:27 2026
5 records inserted in traffic table.
Timer fired: Sat May  9 18:55:32 2026
6 records inserted in traffic table.
Timer fired: Sat May  9 18:55:37 2026
6 records inserted in traffic table.
Timer fired: Sat May  9 18:55:42 2026
5 records inserted in traffic table.
Timer fired: Sat May  9 18:55:47 2026
6 records inserted in traffic table.
Timer fired: Sat May  9 18:55:52 2026
6 records inserted in traffic table.
Timer fired: Sat May  9 18:55:57 2026
4 records inserted in traffic table.
Timer fired: Sat May  9 18:56:02 2026
8 records inserted in traffic table.
Timer fired: Sat May  9 18:56:07 2026
6 records inserted in traffic table.
Timer fired: Sat May  9 18:56:12 2026
4 records inserted in traffic table.
Timer fired: Sat May  9 18:56:17 2026
4 records inserted in traffic table.
Timer fired: Sat May  9 18:56:22 2026
4 records inserted in traffic table.
Timer fired: Sat May  9 18:56:27 2026
5 records inserted in traffic table.
Timer fired: Sat May  9 18:56:32 2026
5 records inserted in traffic table.
Timer fired: Sat May  9 18:56:37 2026
5 records inserted in traffic table.
Timer fired: Sat May  9 18:56:42 2026
5 records inserted in traffic table.
Timer fired: Sat May  9 18:56:47 2026
9 records inserted in traffic table.
Timer fired: Sat May  9 18:56:52 2026
6 records inserted in traffic table.
Timer fired: Sat May  9 18:56:57 2026
3 records inserted in traffic table.
Timer fired: Sat May  9 18:57:02 2026
7 records inserted in traffic table.
Timer fired: Sat May  9 18:57:07 2026
7 records inserted in traffic table.
Timer fired: Sat May  9 18:57:12 2026
6 records inserted in traffic table.
Timer fired: Sat May  9 18:57:17 2026
4 records inserted in traffic table.
Timer fired: Sat May  9 18:57:22 2026
3 records inserted in traffic table.
Timer fired: Sat May  9 18:57:27 2026
6 records inserted in traffic table.
Timer fired: Sat May  9 18:57:32 2026
8 records inserted in traffic table.
Timer fired: Sat May  9 18:57:37 2026
5 records inserted in traffic table.
Timer fired: Sat May  9 18:57:42 2026
6 records inserted in traffic table.
Timer fired: Sat May  9 18:57:47 2026
7 records inserted in traffic table.
Timer fired: Sat May  9 18:57:52 2026
6 records inserted in traffic table.
Timer fired: Sat May  9 18:57:57 2026
4 records inserted in traffic table.
Timer fired: Sat May  9 18:58:02 2026
7 records inserted in traffic table.
Timer fired: Sat May  9 18:58:07 2026
5 records inserted in traffic table.
Timer fired: Sat May  9 18:58:12 2026
5 records inserted in traffic table.
Timer fired: Sat May  9 18:58:17 2026
7 records inserted in traffic table.
Timer fired: Sat May  9 18:58:22 2026
4 records inserted in traffic table.
Timer fired: Sat May  9 18:58:27 2026
3 records inserted in traffic table.
Timer fired: Sat May  9 18:58:32 2026
7 records inserted in traffic table.
Timer fired: Sat May  9 18:58:37 2026
5 records inserted in traffic table.
Timer fired: Sat May  9 18:58:42 2026
6 records inserted in traffic table.
Timer fired: Sat May  9 18:58:47 2026
9 records inserted in traffic table.
Timer fired: Sat May  9 18:58:52 2026
8 records inserted in traffic table.
Timer fired: Sat May  9 18:58:57 2026
5 records inserted in traffic table.
Timer fired: Sat May  9 18:59:02 2026
8 records inserted in traffic table.
Timer fired: Sat May  9 18:59:07 2026
4 records inserted in traffic table.
Timer fired: Sat May  9 18:59:12 2026
5 records inserted in traffic table.
Timer fired: Sat May  9 18:59:17 2026
4 records inserted in traffic table.
Timer fired: Sat May  9 18:59:22 2026
3 records inserted in traffic table.
Timer fired: Sat May  9 18:59:27 2026
3 records inserted in traffic table.
Timer fired: Sat May  9 18:59:32 2026
7 records inserted in traffic table.
Timer fired: Sat May  9 18:59:37 2026
6 records inserted in traffic table.
Timer fired: Sat May  9 18:59:42 2026
6 records inserted in traffic table.
Timer fired: Sat May  9 18:59:47 2026
7 records inserted in traffic table.
Timer fired: Sat May  9 18:59:52 2026
6 records inserted in traffic table.
Timer fired: Sat May  9 18:59:57 2026
5 records inserted in traffic table.
Timer fired: Sat May  9 19:00:02 2026
9 records inserted in traffic table.
Timer fired: Sat May  9 19:00:07 2026
9 records inserted in traffic table.
Timer fired: Sat May  9 19:00:12 2026
5 records inserted in traffic table.
Timer fired: Sat May  9 19:00:17 2026
4 records inserted in traffic table.
Timer fired: Sat May  9 19:00:22 2026
3 records inserted in traffic table.
Timer fired: Sat May  9 19:00:27 2026
3 records inserted in traffic table.
Timer fired: Sat May  9 19:00:32 2026
8 records inserted in traffic table.
Timer fired: Sat May  9 19:00:37 2026
8 records inserted in traffic table.
Timer fired: Sat May  9 19:00:42 2026
5 records inserted in traffic table.
Timer fired: Sat May  9 19:00:47 2026
3 records inserted in traffic table.
Timer fired: Sat May  9 19:00:52 2026
6 records inserted in traffic table.
Timer fired: Sat May  9 19:00:57 2026
4 records inserted in traffic table.
Timer fired: Sat May  9 19:01:02 2026
4 records inserted in traffic table.
Timer fired: Sat May  9 19:01:07 2026
5 records inserted in traffic table.
Timer fired: Sat May  9 19:01:12 2026
5 records inserted in traffic table.
Timer fired: Sat May  9 19:01:17 2026
6 records inserted in traffic table.
Timer fired: Sat May  9 19:01:22 2026
6 records inserted in traffic table.
Timer fired: Sat May  9 19:01:27 2026
3 records inserted in traffic table.
Timer fired: Sat May  9 19:01:32 2026
5 records inserted in traffic table.
Timer fired: Sat May  9 19:01:37 2026
6 records inserted in traffic table.
Timer fired: Sat May  9 19:01:42 2026
5 records inserted in traffic table.
Timer fired: Sat May  9 19:01:47 2026
4 records inserted in traffic table.
Timer fired: Sat May  9 19:01:52 2026
7 records inserted in traffic table.
Timer fired: Sat May  9 19:01:57 2026
4 records inserted in traffic table.
Timer fired: Sat May  9 19:02:02 2026
8 records inserted in traffic table.
Timer fired: Sat May  9 19:02:07 2026
10 records inserted in traffic table.
Timer fired: Sat May  9 19:02:12 2026
6 records inserted in traffic table.
Timer fired: Sat May  9 19:02:17 2026
3 records inserted in traffic table.
Timer fired: Sat May  9 19:02:22 2026
3 records inserted in traffic table.
Timer fired: Sat May  9 19:02:27 2026
3 records inserted in traffic table.
Timer fired: Sat May  9 19:02:32 2026
5 records inserted in traffic table.
Timer fired: Sat May  9 19:02:37 2026
6 records inserted in traffic table.
Timer fired: Sat May  9 19:02:42 2026
5 records inserted in traffic table.
Timer fired: Sat May  9 19:02:47 2026
5 records inserted in traffic table.
Timer fired: Sat May  9 19:02:52 2026
6 records inserted in traffic table.
Timer fired: Sat May  9 19:02:57 2026
5 records inserted in traffic table.
Timer fired: Sat May  9 19:03:02 2026
4 records inserted in traffic table.
Timer fired: Sat May  9 19:03:07 2026
5 records inserted in traffic table.
Timer fired: Sat May  9 19:03:12 2026
5 records inserted in traffic table.
Timer fired: Sat May  9 19:03:17 2026
3 records inserted in traffic table.
Timer fired: Sat May  9 19:03:22 2026
4 records inserted in traffic table.
Timer fired: Sat May  9 19:03:27 2026
4 records inserted in traffic table.
Timer fired: Sat May  9 19:03:32 2026
7 records inserted in traffic table.
Timer fired: Sat May  9 19:03:37 2026
6 records inserted in traffic table.
Timer fired: Sat May  9 19:03:42 2026
5 records inserted in traffic table.
Timer fired: Sat May  9 19:03:47 2026
3 records inserted in traffic table.
Timer fired: Sat May  9 19:03:52 2026
6 records inserted in traffic table.
Timer fired: Sat May  9 19:03:57 2026
4 records inserted in traffic table.
Timer fired: Sat May  9 19:04:02 2026
4 records inserted in traffic table.
Timer fired: Sat May  9 19:04:07 2026
5 records inserted in traffic table.
Timer fired: Sat May  9 19:04:12 2026
6 records inserted in traffic table.
Timer fired: Sat May  9 19:04:17 2026
5 records inserted in traffic table.
Timer fired: Sat May  9 19:04:22 2026
3 records inserted in traffic table.
Timer fired: Sat May  9 19:04:27 2026
4 records inserted in traffic table.
Timer fired: Sat May  9 19:04:32 2026
6 records inserted in traffic table.
Timer fired: Sat May  9 19:04:37 2026
6 records inserted in traffic table.
Timer fired: Sat May  9 19:04:42 2026
5 records inserted in traffic table.
Timer fired: Sat May  9 19:04:47 2026
6 records inserted in traffic table.
Timer fired: Sat May  9 19:04:52 2026
6 records inserted in traffic table.
Timer fired: Sat May  9 19:04:57 2026
4 records inserted in traffic table.
Timer fired: Sat May  9 19:05:02 2026
7 records inserted in traffic table.
Timer fired: Sat May  9 19:05:07 2026
5 records inserted in traffic table.
Timer fired: Sat May  9 19:05:12 2026
5 records inserted in traffic table.
Timer fired: Sat May  9 19:05:17 2026
5 records inserted in traffic table.
Timer fired: Sat May  9 19:05:22 2026
4 records inserted in traffic table.
Timer fired: Sat May  9 19:05:27 2026
3 records inserted in traffic table.
Timer fired: Sat May  9 19:05:32 2026
6 records inserted in traffic table.
Timer fired: Sat May  9 19:05:37 2026
6 records inserted in traffic table.
Timer fired: Sat May  9 19:05:42 2026
6 records inserted in traffic table.
Timer fired: Sat May  9 19:05:47 2026
5 records inserted in traffic table.
Timer fired: Sat May  9 19:05:52 2026
6 records inserted in traffic table.
Timer fired: Sat May  9 19:05:57 2026
4 records inserted in traffic table.
Timer fired: Sat May  9 19:06:02 2026
4 records inserted in traffic table.
Timer fired: Sat May  9 19:06:07 2026
5 records inserted in traffic table.
Timer fired: Sat May  9 19:06:12 2026
6 records inserted in traffic table.
Timer fired: Sat May  9 19:06:17 2026
3 records inserted in traffic table.
Timer fired: Sat May  9 19:06:22 2026
4 records inserted in traffic table.
Timer fired: Sat May  9 19:06:27 2026
4 records inserted in traffic table.
Timer fired: Sat May  9 19:06:32 2026
7 records inserted in traffic table.
Timer fired: Sat May  9 19:06:37 2026
6 records inserted in traffic table.
Timer fired: Sat May  9 19:06:42 2026
6 records inserted in traffic table.
Timer fired: Sat May  9 19:06:47 2026
4 records inserted in traffic table.
Timer fired: Sat May  9 19:06:52 2026
7 records inserted in traffic table.
Timer fired: Sat May  9 19:06:57 2026
4 records inserted in traffic table.
Timer fired: Sat May  9 19:07:02 2026
4 records inserted in traffic table.
Timer fired: Sat May  9 19:07:07 2026
6 records inserted in traffic table.
Timer fired: Sat May  9 19:07:12 2026
7 records inserted in traffic table.
Timer fired: Sat May  9 19:07:17 2026
5 records inserted in traffic table.
Timer fired: Sat May  9 19:07:22 2026
3 records inserted in traffic table.
Timer fired: Sat May  9 19:07:27 2026
3 records inserted in traffic table.
Timer fired: Sat May  9 19:07:32 2026
5 records inserted in traffic table.
Timer fired: Sat May  9 19:07:37 2026
6 records inserted in traffic table.
Timer fired: Sat May  9 19:07:42 2026
5 records inserted in traffic table.
Timer fired: Sat May  9 19:07:47 2026
3 records inserted in traffic table.
Timer fired: Sat May  9 19:07:52 2026
7 records inserted in traffic table.
Timer fired: Sat May  9 19:07:57 2026
5 records inserted in traffic table.
Timer fired: Sat May  9 19:08:02 2026
6 records inserted in traffic table.
Timer fired: Sat May  9 19:08:07 2026
5 records inserted in traffic table.
Timer fired: Sat May  9 19:08:12 2026
5 records inserted in traffic table.
Timer fired: Sat May  9 19:08:17 2026
3 records inserted in traffic table.
Timer fired: Sat May  9 19:08:22 2026
4 records inserted in traffic table.
Timer fired: Sat May  9 19:08:27 2026
3 records inserted in traffic table.
Timer fired: Sat May  9 19:08:32 2026
5 records inserted in traffic table.
Timer fired: Sat May  9 19:08:37 2026
7 records inserted in traffic table.
Timer fired: Sat May  9 19:08:42 2026
5 records inserted in traffic table.
Timer fired: Sat May  9 19:08:47 2026
7 records inserted in traffic table.
Timer fired: Sat May  9 19:08:52 2026
6 records inserted in traffic table.
Timer fired: Sat May  9 19:08:57 2026
4 records inserted in traffic table.
Timer fired: Sat May  9 19:09:02 2026
4 records inserted in traffic table.
Timer fired: Sat May  9 19:09:07 2026
5 records inserted in traffic table.
Timer fired: Sat May  9 19:09:12 2026
5 records inserted in traffic table.
Timer fired: Sat May  9 19:09:17 2026
3 records inserted in traffic table.
Timer fired: Sat May  9 19:09:22 2026
4 records inserted in traffic table.
Timer fired: Sat May  9 19:09:27 2026
3 records inserted in traffic table.
Timer fired: Sat May  9 19:09:32 2026
8 records inserted in traffic table.
Timer fired: Sat May  9 19:09:37 2026
6 records inserted in traffic table.
Timer fired: Sat May  9 19:09:42 2026
5 records inserted in traffic table.
Timer fired: Sat May  9 19:09:47 2026
4 records inserted in traffic table.
Timer fired: Sat May  9 19:09:52 2026
7 records inserted in traffic table.
Timer fired: Sat May  9 19:09:57 2026
4 records inserted in traffic table.
Timer fired: Sat May  9 19:10:02 2026
5 records inserted in traffic table.
Timer fired: Sat May  9 19:10:07 2026
5 records inserted in traffic table.
Timer fired: Sat May  9 19:10:12 2026
5 records inserted in traffic table.
Timer fired: Sat May  9 19:10:17 2026
5 records inserted in traffic table.
Timer fired: Sat May  9 19:10:22 2026
3 records inserted in traffic table.
Timer fired: Sat May  9 19:10:27 2026
3 records inserted in traffic table.
Timer fired: Sat May  9 19:10:32 2026
7 records inserted in traffic table.
Timer fired: Sat May  9 19:10:37 2026
7 records inserted in traffic table.
Timer fired: Sat May  9 19:10:42 2026
6 records inserted in traffic table.
Timer fired: Sat May  9 19:10:47 2026
3 records inserted in traffic table.
Timer fired: Sat May  9 19:10:52 2026
6 records inserted in traffic table.
Timer fired: Sat May  9 19:10:57 2026
4 records inserted in traffic table.
Timer fired: Sat May  9 19:11:02 2026
6 records inserted in traffic table.
Timer fired: Sat May  9 19:11:07 2026
5 records inserted in traffic table.
Timer fired: Sat May  9 19:11:12 2026
5 records inserted in traffic table.
Timer fired: Sat May  9 19:11:17 2026
4 records inserted in traffic table.
Timer fired: Sat May  9 19:11:22 2026
5 records inserted in traffic table.
Timer fired: Sat May  9 19:11:27 2026
5 records inserted in traffic table.
Timer fired: Sat May  9 19:11:32 2026
5 records inserted in traffic table.
Timer fired: Sat May  9 19:11:37 2026
7 records inserted in traffic table.
Timer fired: Sat May  9 19:11:42 2026
8 records inserted in traffic table.
Timer fired: Sat May  9 19:11:47 2026
5 records inserted in traffic table.
Timer fired: Sat May  9 19:11:52 2026
6 records inserted in traffic table.
Timer fired: Sat May  9 19:11:57 2026
5 records inserted in traffic table.
Timer fired: Sat May  9 19:12:02 2026
5 records inserted in traffic table.
Timer fired: Sat May  9 19:12:07 2026
5 records inserted in traffic table.
Timer fired: Sat May  9 19:12:12 2026
6 records inserted in traffic table.
Timer fired: Sat May  9 19:12:17 2026
3 records inserted in traffic table.
Timer fired: Sat May  9 19:12:22 2026
4 records inserted in traffic table.
Timer fired: Sat May  9 19:12:27 2026
4 records inserted in traffic table.
Timer fired: Sat May  9 19:12:32 2026
7 records inserted in traffic table.
Timer fired: Sat May  9 19:12:37 2026
6 records inserted in traffic table.
Timer fired: Sat May  9 19:12:42 2026
5 records inserted in traffic table.
Timer fired: Sat May  9 19:12:47 2026
5 records inserted in traffic table.
Timer fired: Sat May  9 19:12:52 2026
6 records inserted in traffic table.
Timer fired: Sat May  9 19:12:57 2026
6 records inserted in traffic table.
Timer fired: Sat May  9 19:13:02 2026
4 records inserted in traffic table.
Timer fired: Sat May  9 19:13:07 2026
5 records inserted in traffic table.
Timer fired: Sat May  9 19:13:12 2026
5 records inserted in traffic table.
Timer fired: Sat May  9 19:13:17 2026
7 records inserted in traffic table.
Timer fired: Sat May  9 19:13:22 2026
3 records inserted in traffic table.
Timer fired: Sat May  9 19:13:27 2026
4 records inserted in traffic table.
Timer fired: Sat May  9 19:13:32 2026
5 records inserted in traffic table.
Timer fired: Sat May  9 19:13:37 2026
6 records inserted in traffic table.
Timer fired: Sat May  9 19:13:42 2026
5 records inserted in traffic table.
Timer fired: Sat May  9 19:13:47 2026
3 records inserted in traffic table.
Timer fired: Sat May  9 19:13:52 2026
6 records inserted in traffic table.
Timer fired: Sat May  9 19:13:57 2026
5 records inserted in traffic table.
Timer fired: Sat May  9 19:14:02 2026
7 records inserted in traffic table.
Timer fired: Sat May  9 19:14:07 2026
6 records inserted in traffic table.
Timer fired: Sat May  9 19:14:12 2026
6 records inserted in traffic table.
Timer fired: Sat May  9 19:14:17 2026
5 records inserted in traffic table.
Timer fired: Sat May  9 19:14:22 2026
4 records inserted in traffic table.
Timer fired: Sat May  9 19:14:27 2026
5 records inserted in traffic table.
Timer fired: Sat May  9 19:14:32 2026
6 records inserted in traffic table.
Timer fired: Sat May  9 19:14:37 2026
5 records inserted in traffic table.
Timer fired: Sat May  9 19:14:42 2026
7 records inserted in traffic table.
Timer fired: Sat May  9 19:14:47 2026
7 records inserted in traffic table.
Timer fired: Sat May  9 19:14:52 2026
6 records inserted in traffic table.
Timer fired: Sat May  9 19:14:57 2026
4 records inserted in traffic table.
Timer fired: Sat May  9 19:15:02 2026
5 records inserted in traffic table.
Timer fired: Sat May  9 19:15:07 2026
6 records inserted in traffic table.
Timer fired: Sat May  9 19:15:12 2026
5 records inserted in traffic table.
Timer fired: Sat May  9 19:15:17 2026
3 records inserted in traffic table.
Timer fired: Sat May  9 19:15:22 2026
5 records inserted in traffic table.
Timer fired: Sat May  9 19:15:27 2026
3 records inserted in traffic table.
Timer fired: Sat May  9 19:15:32 2026
8 records inserted in traffic table.
Timer fired: Sat May  9 19:15:37 2026
7 records inserted in traffic table.
Timer fired: Sat May  9 19:15:42 2026
5 records inserted in traffic table.
Timer fired: Sat May  9 19:15:47 2026
4 records inserted in traffic table.
Timer fired: Sat May  9 19:15:52 2026
6 records inserted in traffic table.
Timer fired: Sat May  9 19:15:57 2026
4 records inserted in traffic table.
Timer fired: Sat May  9 19:16:02 2026
4 records inserted in traffic table.
Timer fired: Sat May  9 19:16:07 2026
5 records inserted in traffic table.
Timer fired: Sat May  9 19:16:12 2026
5 records inserted in traffic table.
Timer fired: Sat May  9 19:16:17 2026
8 records inserted in traffic table.
Timer fired: Sat May  9 19:16:22 2026
7 records inserted in traffic table.
Timer fired: Sat May  9 19:16:27 2026
4 records inserted in traffic table.
Timer fired: Sat May  9 19:16:32 2026
6 records inserted in traffic table.
Timer fired: Sat May  9 19:16:37 2026
5 records inserted in traffic table.
Timer fired: Sat May  9 19:16:42 2026
5 records inserted in traffic table.
Timer fired: Sat May  9 19:16:47 2026
3 records inserted in traffic table.
Timer fired: Sat May  9 19:16:52 2026
6 records inserted in traffic table.
Timer fired: Sat May  9 19:16:57 2026
4 records inserted in traffic table.
Timer fired: Sat May  9 19:17:02 2026
6 records inserted in traffic table.
Timer fired: Sat May  9 19:17:07 2026
7 records inserted in traffic table.
Timer fired: Sat May  9 19:17:12 2026
7 records inserted in traffic table.
Timer fired: Sat May  9 19:17:17 2026
5 records inserted in traffic table.
Timer fired: Sat May  9 19:17:22 2026
4 records inserted in traffic table.
Timer fired: Sat May  9 19:17:27 2026
3 records inserted in traffic table.
Timer fired: Sat May  9 19:17:32 2026
5 records inserted in traffic table.
Timer fired: Sat May  9 19:17:37 2026
6 records inserted in traffic table.
Timer fired: Sat May  9 19:17:42 2026
6 records inserted in traffic table.
Timer fired: Sat May  9 19:17:47 2026
3 records inserted in traffic table.
Timer fired: Sat May  9 19:17:52 2026
8 records inserted in traffic table.
Timer fired: Sat May  9 19:17:57 2026
9 records inserted in traffic table.
Timer fired: Sat May  9 19:18:02 2026
5 records inserted in traffic table.
Timer fired: Sat May  9 19:18:07 2026
6 records inserted in traffic table.
Timer fired: Sat May  9 19:18:12 2026
5 records inserted in traffic table.
Timer fired: Sat May  9 19:18:17 2026
3 records inserted in traffic table.
Timer fired: Sat May  9 19:18:22 2026
3 records inserted in traffic table.
Timer fired: Sat May  9 19:18:27 2026
5 records inserted in traffic table.
Timer fired: Sat May  9 19:18:32 2026
6 records inserted in traffic table.
Timer fired: Sat May  9 19:18:37 2026
8 records inserted in traffic table.
Timer fired: Sat May  9 19:18:42 2026
6 records inserted in traffic table.
Timer fired: Sat May  9 19:18:47 2026
8 records inserted in traffic table.
Timer fired: Sat May  9 19:18:52 2026
7 records inserted in traffic table.
Timer fired: Sat May  9 19:18:57 2026
4 records inserted in traffic table.
Timer fired: Sat May  9 19:19:02 2026
5 records inserted in traffic table.
Timer fired: Sat May  9 19:19:07 2026
6 records inserted in traffic table.
Timer fired: Sat May  9 19:19:12 2026
5 records inserted in traffic table.
Timer fired: Sat May  9 19:19:17 2026
4 records inserted in traffic table.
Timer fired: Sat May  9 19:19:22 2026
5 records inserted in traffic table.
Timer fired: Sat May  9 19:19:27 2026
3 records inserted in traffic table.
Timer fired: Sat May  9 19:19:32 2026
9 records inserted in traffic table.
Timer fired: Sat May  9 19:19:37 2026
7 records inserted in traffic table.
Timer fired: Sat May  9 19:19:42 2026
5 records inserted in traffic table.
Timer fired: Sat May  9 19:19:47 2026
4 records inserted in traffic table.
Timer fired: Sat May  9 19:19:52 2026
6 records inserted in traffic table.
Timer fired: Sat May  9 19:19:57 2026
4 records inserted in traffic table.
Timer fired: Sat May  9 19:20:02 2026
5 records inserted in traffic table.
Timer fired: Sat May  9 19:20:07 2026
5 records inserted in traffic table.
Timer fired: Sat May  9 19:20:12 2026
5 records inserted in traffic table.
Timer fired: Sat May  9 19:20:17 2026
6 records inserted in traffic table.
Timer fired: Sat May  9 19:20:22 2026
4 records inserted in traffic table.
Timer fired: Sat May  9 19:20:27 2026
3 records inserted in traffic table.
Timer fired: Sat May  9 19:20:32 2026
6 records inserted in traffic table.
Timer fired: Sat May  9 19:20:37 2026
7 records inserted in traffic table.
Timer fired: Sat May  9 19:20:42 2026
5 records inserted in traffic table.
Timer fired: Sat May  9 19:20:47 2026
4 records inserted in traffic table.
Timer fired: Sat May  9 19:20:52 2026
7 records inserted in traffic table.
Timer fired: Sat May  9 19:20:57 2026
5 records inserted in traffic table.
Timer fired: Sat May  9 19:21:02 2026
8 records inserted in traffic table.
Timer fired: Sat May  9 19:21:07 2026
5 records inserted in traffic table.
Timer fired: Sat May  9 19:21:12 2026
6 records inserted in traffic table.
Timer fired: Sat May  9 19:21:17 2026
4 records inserted in traffic table.
Timer fired: Sat May  9 19:21:22 2026
6 records inserted in traffic table.
Timer fired: Sat May  9 19:21:27 2026
4 records inserted in traffic table.
Timer fired: Sat May  9 19:21:32 2026
5 records inserted in traffic table.
Timer fired: Sat May  9 19:21:37 2026
6 records inserted in traffic table.
Timer fired: Sat May  9 19:21:42 2026
6 records inserted in traffic table.
Timer fired: Sat May  9 19:21:47 2026
7 records inserted in traffic table.
Timer fired: Sat May  9 19:21:52 2026
6 records inserted in traffic table.
Timer fired: Sat May  9 19:21:57 2026
4 records inserted in traffic table.
Timer fired: Sat May  9 19:22:02 2026
4 records inserted in traffic table.
Timer fired: Sat May  9 19:22:07 2026
5 records inserted in traffic table.
Timer fired: Sat May  9 19:22:12 2026
6 records inserted in traffic table.
Timer fired: Sat May  9 19:22:17 2026
3 records inserted in traffic table.
Timer fired: Sat May  9 19:22:22 2026
6 records inserted in traffic table.
Timer fired: Sat May  9 19:22:27 2026
5 records inserted in traffic table.
Timer fired: Sat May  9 19:22:32 2026
7 records inserted in traffic table.
Timer fired: Sat May  9 19:22:37 2026
6 records inserted in traffic table.
Timer fired: Sat May  9 19:22:42 2026
5 records inserted in traffic table.
Timer fired: Sat May  9 19:22:47 2026
3 records inserted in traffic table.
Timer fired: Sat May  9 19:22:52 2026
6 records inserted in traffic table.
Timer fired: Sat May  9 19:22:57 2026
5 records inserted in traffic table.
Timer fired: Sat May  9 19:23:02 2026
4 records inserted in traffic table.
Timer fired: Sat May  9 19:23:07 2026
5 records inserted in traffic table.
Timer fired: Sat May  9 19:23:12 2026
6 records inserted in traffic table.
Timer fired: Sat May  9 19:23:17 2026
7 records inserted in traffic table.
Timer fired: Sat May  9 19:23:22 2026
6 records inserted in traffic table.
Timer fired: Sat May  9 19:23:27 2026
4 records inserted in traffic table.
Timer fired: Sat May  9 19:23:32 2026
5 records inserted in traffic table.
Timer fired: Sat May  9 19:23:37 2026
7 records inserted in traffic table.
Timer fired: Sat May  9 19:23:42 2026
5 records inserted in traffic table.
Timer fired: Sat May  9 19:23:47 2026
3 records inserted in traffic table.
Timer fired: Sat May  9 19:23:52 2026
7 records inserted in traffic table.
Timer fired: Sat May  9 19:23:57 2026
6 records inserted in traffic table.
Timer fired: Sat May  9 19:24:02 2026
8 records inserted in traffic table.
Timer fired: Sat May  9 19:24:07 2026
5 records inserted in traffic table.
Timer fired: Sat May  9 19:24:12 2026
7 records inserted in traffic table.
Timer fired: Sat May  9 19:24:17 2026
5 records inserted in traffic table.
Timer fired: Sat May  9 19:24:22 2026
3 records inserted in traffic table.
Timer fired: Sat May  9 19:24:27 2026
3 records inserted in traffic table.
Timer fired: Sat May  9 19:24:32 2026
6 records inserted in traffic table.
Timer fired: Sat May  9 19:24:37 2026
7 records inserted in traffic table.
Timer fired: Sat May  9 19:24:42 2026
6 records inserted in traffic table.
Timer fired: Sat May  9 19:24:47 2026
6 records inserted in traffic table.
Timer fired: Sat May  9 19:24:52 2026
6 records inserted in traffic table.
Timer fired: Sat May  9 19:24:57 2026
6 records inserted in traffic table.
Timer fired: Sat May  9 19:25:02 2026
5 records inserted in traffic table.
Timer fired: Sat May  9 19:25:07 2026
4 records inserted in traffic table.
Timer fired: Sat May  9 19:25:12 2026
10 records inserted in traffic table.
Timer fired: Sat May  9 19:25:17 2026
5 records inserted in traffic table.
Timer fired: Sat May  9 19:25:22 2026
4 records inserted in traffic table.
Timer fired: Sat May  9 19:25:27 2026
3 records inserted in traffic table.
Timer fired: Sat May  9 19:25:32 2026
7 records inserted in traffic table.
Timer fired: Sat May  9 19:25:37 2026
7 records inserted in traffic table.
Timer fired: Sat May  9 19:25:42 2026
6 records inserted in traffic table.
Timer fired: Sat May  9 19:25:47 2026
3 records inserted in traffic table.
Timer fired: Sat May  9 19:25:52 2026
5 records inserted in traffic table.
Timer fired: Sat May  9 19:25:57 2026
4 records inserted in traffic table.
Timer fired: Sat May  9 19:26:02 2026
5 records inserted in traffic table.
Timer fired: Sat May  9 19:26:07 2026
4 records inserted in traffic table.
Timer fired: Sat May  9 19:26:12 2026
6 records inserted in traffic table.
Timer fired: Sat May  9 19:26:17 2026
6 records inserted in traffic table.
Timer fired: Sat May  9 19:26:22 2026
5 records inserted in traffic table.
Timer fired: Sat May  9 19:26:27 2026
4 records inserted in traffic table.
Timer fired: Sat May  9 19:26:32 2026
5 records inserted in traffic table.
Timer fired: Sat May  9 19:26:37 2026
6 records inserted in traffic table.
Timer fired: Sat May  9 19:26:42 2026
5 records inserted in traffic table.
Timer fired: Sat May  9 19:26:47 2026
3 records inserted in traffic table.
Timer fired: Sat May  9 19:26:52 2026
5 records inserted in traffic table.
Timer fired: Sat May  9 19:26:57 2026
4 records inserted in traffic table.
Timer fired: Sat May  9 19:27:02 2026
7 records inserted in traffic table.
Timer fired: Sat May  9 19:27:07 2026
4 records inserted in traffic table.
Timer fired: Sat May  9 19:27:12 2026
6 records inserted in traffic table.
Timer fired: Sat May  9 19:27:17 2026
7 records inserted in traffic table.
Timer fired: Sat May  9 19:27:22 2026
6 records inserted in traffic table.
Timer fired: Sat May  9 19:27:27 2026
5 records inserted in traffic table.
Timer fired: Sat May  9 19:27:32 2026
4 records inserted in traffic table.
Timer fired: Sat May  9 19:27:37 2026
7 records inserted in traffic table.
Timer fired: Sat May  9 19:27:42 2026
7 records inserted in traffic table.
Timer fired: Sat May  9 19:27:47 2026
7 records inserted in traffic table.
Timer fired: Sat May  9 19:27:52 2026
5 records inserted in traffic table.
Timer fired: Sat May  9 19:27:57 2026
5 records inserted in traffic table.
Timer fired: Sat May  9 19:28:02 2026
6 records inserted in traffic table.
Timer fired: Sat May  9 19:28:07 2026
3 records inserted in traffic table.
Timer fired: Sat May  9 19:28:12 2026
5 records inserted in traffic table.
Timer fired: Sat May  9 19:28:17 2026
4 records inserted in traffic table.
Timer fired: Sat May  9 19:28:22 2026
5 records inserted in traffic table.
Timer fired: Sat May  9 19:28:27 2026
3 records inserted in traffic table.
Timer fired: Sat May  9 19:28:32 2026
6 records inserted in traffic table.
Timer fired: Sat May  9 19:28:37 2026
8 records inserted in traffic table.
Timer fired: Sat May  9 19:28:42 2026
6 records inserted in traffic table.
Timer fired: Sat May  9 19:28:47 2026
5 records inserted in traffic table.
Timer fired: Sat May  9 19:28:52 2026
5 records inserted in traffic table.
Timer fired: Sat May  9 19:28:57 2026
4 records inserted in traffic table.
Timer fired: Sat May  9 19:29:02 2026
6 records inserted in traffic table.
Timer fired: Sat May  9 19:29:07 2026
4 records inserted in traffic table.
Timer fired: Sat May  9 19:29:12 2026
5 records inserted in traffic table.
Timer fired: Sat May  9 19:29:17 2026
6 records inserted in traffic table.
Timer fired: Sat May  9 19:29:22 2026
5 records inserted in traffic table.
Timer fired: Sat May  9 19:29:27 2026
3 records inserted in traffic table.
Timer fired: Sat May  9 19:29:32 2026
5 records inserted in traffic table.
Timer fired: Sat May  9 19:29:37 2026
6 records inserted in traffic table.
Timer fired: Sat May  9 19:29:42 2026
6 records inserted in traffic table.
Timer fired: Sat May  9 19:29:47 2026
3 records inserted in traffic table.
Timer fired: Sat May  9 19:29:52 2026
5 records inserted in traffic table.
Timer fired: Sat May  9 19:29:57 2026
4 records inserted in traffic table.
Timer fired: Sat May  9 19:30:02 2026
9 records inserted in traffic table.
Timer fired: Sat May  9 19:30:07 2026
3 records inserted in traffic table.
Timer fired: Sat May  9 19:30:12 2026
5 records inserted in traffic table.
Timer fired: Sat May  9 19:30:17 2026
4 records inserted in traffic table.
Timer fired: Sat May  9 19:30:22 2026
5 records inserted in traffic table.
Timer fired: Sat May  9 19:30:27 2026
3 records inserted in traffic table.
Timer fired: Sat May  9 19:30:32 2026
4 records inserted in traffic table.
Timer fired: Sat May  9 19:30:37 2026
7 records inserted in traffic table.
Timer fired: Sat May  9 19:30:42 2026
6 records inserted in traffic table.
Timer fired: Sat May  9 19:30:47 2026
5 records inserted in traffic table.
Timer fired: Sat May  9 19:30:52 2026
5 records inserted in traffic table.
Timer fired: Sat May  9 19:30:57 2026
4 records inserted in traffic table.
Timer fired: Sat May  9 19:31:02 2026
7 records inserted in traffic table.
Timer fired: Sat May  9 19:31:07 2026
4 records inserted in traffic table.
Timer fired: Sat May  9 19:31:12 2026
4 records inserted in traffic table.
Timer fired: Sat May  9 19:31:17 2026
5 records inserted in traffic table.
Timer fired: Sat May  9 19:31:22 2026
7 records inserted in traffic table.
Timer fired: Sat May  9 19:31:27 2026
9 records inserted in traffic table.
Timer fired: Sat May  9 19:31:32 2026
4 records inserted in traffic table.
Timer fired: Sat May  9 19:31:37 2026
5 records inserted in traffic table.
Timer fired: Sat May  9 19:31:42 2026
6 records inserted in traffic table.
Timer fired: Sat May  9 19:31:47 2026
5 records inserted in traffic table.
Timer fired: Sat May  9 19:31:52 2026
4 records inserted in traffic table.
Timer fired: Sat May  9 19:31:57 2026
8 records inserted in traffic table.
Timer fired: Sat May  9 19:32:02 2026
6 records inserted in traffic table.
Timer fired: Sat May  9 19:32:07 2026
5 records inserted in traffic table.
Timer fired: Sat May  9 19:32:12 2026
4 records inserted in traffic table.
Timer fired: Sat May  9 19:32:17 2026
4 records inserted in traffic table.
Timer fired: Sat May  9 19:32:22 2026
4 records inserted in traffic table.
Timer fired: Sat May  9 19:32:27 2026
4 records inserted in traffic table.
Timer fired: Sat May  9 19:32:32 2026
4 records inserted in traffic table.
Timer fired: Sat May  9 19:32:37 2026
5 records inserted in traffic table.
Timer fired: Sat May  9 19:32:42 2026
6 records inserted in traffic table.
Timer fired: Sat May  9 19:32:47 2026
7 records inserted in traffic table.
Timer fired: Sat May  9 19:32:52 2026
3 records inserted in traffic table.
Timer fired: Sat May  9 19:32:57 2026
4 records inserted in traffic table.
Timer fired: Sat May  9 19:33:02 2026
6 records inserted in traffic table.
Timer fired: Sat May  9 19:33:07 2026
4 records inserted in traffic table.
Timer fired: Sat May  9 19:33:12 2026
4 records inserted in traffic table.
Timer fired: Sat May  9 19:33:17 2026
5 records inserted in traffic table.
Timer fired: Sat May  9 19:33:22 2026
4 records inserted in traffic table.
Timer fired: Sat May  9 19:33:27 2026
4 records inserted in traffic table.
Timer fired: Sat May  9 19:33:32 2026
5 records inserted in traffic table.
Timer fired: Sat May  9 19:33:37 2026
6 records inserted in traffic table.
Timer fired: Sat May  9 19:33:42 2026
6 records inserted in traffic table.
Timer fired: Sat May  9 19:33:47 2026
5 records inserted in traffic table.
Timer fired: Sat May  9 19:33:52 2026
3 records inserted in traffic table.
Timer fired: Sat May  9 19:33:57 2026
4 records inserted in traffic table.
Timer fired: Sat May  9 19:34:02 2026
6 records inserted in traffic table.
Timer fired: Sat May  9 19:34:07 2026
4 records inserted in traffic table.
Timer fired: Sat May  9 19:34:12 2026
5 records inserted in traffic table.
Timer fired: Sat May  9 19:34:17 2026
6 records inserted in traffic table.
Timer fired: Sat May  9 19:34:22 2026
4 records inserted in traffic table.
Timer fired: Sat May  9 19:34:27 2026
4 records inserted in traffic table.
Timer fired: Sat May  9 19:34:32 2026
4 records inserted in traffic table.
Timer fired: Sat May  9 19:34:37 2026
6 records inserted in traffic table.
Timer fired: Sat May  9 19:34:42 2026
6 records inserted in traffic table.
Timer fired: Sat May  9 19:34:47 2026
4 records inserted in traffic table.
Timer fired: Sat May  9 19:34:52 2026
4 records inserted in traffic table.
Timer fired: Sat May  9 19:34:57 2026
4 records inserted in traffic table.
Timer fired: Sat May  9 19:35:02 2026
9 records inserted in traffic table.
Timer fired: Sat May  9 19:35:07 2026
4 records inserted in traffic table.
Timer fired: Sat May  9 19:35:12 2026
4 records inserted in traffic table.
Timer fired: Sat May  9 19:35:17 2026
4 records inserted in traffic table.
Timer fired: Sat May  9 19:35:22 2026
5 records inserted in traffic table.
Timer fired: Sat May  9 19:35:27 2026
4 records inserted in traffic table.
Timer fired: Sat May  9 19:35:32 2026
3 records inserted in traffic table.
Timer fired: Sat May  9 19:35:37 2026
7 records inserted in traffic table.
Timer fired: Sat May  9 19:35:42 2026
6 records inserted in traffic table.
Timer fired: Sat May  9 19:35:47 2026
6 records inserted in traffic table.
Timer fired: Sat May  9 19:35:52 2026
3 records inserted in traffic table.
Timer fired: Sat May  9 19:35:57 2026
6 records inserted in traffic table.
Timer fired: Sat May  9 19:36:02 2026
6 records inserted in traffic table.
Timer fired: Sat May  9 19:36:07 2026
4 records inserted in traffic table.
Timer fired: Sat May  9 19:36:12 2026
4 records inserted in traffic table.
Timer fired: Sat May  9 19:36:17 2026
4 records inserted in traffic table.
Timer fired: Sat May  9 19:36:22 2026
5 records inserted in traffic table.
Timer fired: Sat May  9 19:36:27 2026
5 records inserted in traffic table.
Timer fired: Sat May  9 19:36:32 2026
6 records inserted in traffic table.
Timer fired: Sat May  9 19:36:37 2026
6 records inserted in traffic table.
Timer fired: Sat May  9 19:36:42 2026
6 records inserted in traffic table.
Timer fired: Sat May  9 19:36:47 2026
4 records inserted in traffic table.
Timer fired: Sat May  9 19:36:52 2026
4 records inserted in traffic table.
Timer fired: Sat May  9 19:36:57 2026
4 records inserted in traffic table.
Timer fired: Sat May  9 19:37:02 2026
6 records inserted in traffic table.
Timer fired: Sat May  9 19:37:07 2026
4 records inserted in traffic table.
Timer fired: Sat May  9 19:37:12 2026
5 records inserted in traffic table.
Timer fired: Sat May  9 19:37:17 2026
8 records inserted in traffic table.
Timer fired: Sat May  9 19:37:22 2026
5 records inserted in traffic table.
Timer fired: Sat May  9 19:37:27 2026
4 records inserted in traffic table.
Timer fired: Sat May  9 19:37:32 2026
3 records inserted in traffic table.
Timer fired: Sat May  9 19:37:37 2026
6 records inserted in traffic table.
Timer fired: Sat May  9 19:37:42 2026
6 records inserted in traffic table.
Timer fired: Sat May  9 19:37:47 2026
4 records inserted in traffic table.
Timer fired: Sat May  9 19:37:52 2026
3 records inserted in traffic table.
Timer fired: Sat May  9 19:37:57 2026
5 records inserted in traffic table.
Timer fired: Sat May  9 19:38:02 2026
9 records inserted in traffic table.
Timer fired: Sat May  9 19:38:07 2026
4 records inserted in traffic table.
Timer fired: Sat May  9 19:38:12 2026
4 records inserted in traffic table.
Timer fired: Sat May  9 19:38:17 2026
4 records inserted in traffic table.
Timer fired: Sat May  9 19:38:22 2026
5 records inserted in traffic table.
Timer fired: Sat May  9 19:38:27 2026
4 records inserted in traffic table.
Timer fired: Sat May  9 19:38:32 2026
4 records inserted in traffic table.
Timer fired: Sat May  9 19:38:37 2026
7 records inserted in traffic table.
Timer fired: Sat May  9 19:38:42 2026
7 records inserted in traffic table.
Timer fired: Sat May  9 19:38:47 2026
7 records inserted in traffic table.
Timer fired: Sat May  9 19:38:52 2026
4 records inserted in traffic table.
Timer fired: Sat May  9 19:38:57 2026
4 records inserted in traffic table.
Timer fired: Sat May  9 19:39:02 2026
6 records inserted in traffic table.
Timer fired: Sat May  9 19:39:07 2026
4 records inserted in traffic table.
Timer fired: Sat May  9 19:39:12 2026
4 records inserted in traffic table.
Timer fired: Sat May  9 19:39:17 2026
4 records inserted in traffic table.
Timer fired: Sat May  9 19:39:22 2026
5 records inserted in traffic table.
Timer fired: Sat May  9 19:39:27 2026
5 records inserted in traffic table.
Timer fired: Sat May  9 19:39:32 2026
7 records inserted in traffic table.
Timer fired: Sat May  9 19:39:37 2026
7 records inserted in traffic table.
Timer fired: Sat May  9 19:39:42 2026
6 records inserted in traffic table.
Timer fired: Sat May  9 19:39:47 2026
4 records inserted in traffic table.
Timer fired: Sat May  9 19:39:52 2026
5 records inserted in traffic table.
Timer fired: Sat May  9 19:39:57 2026
5 records inserted in traffic table.
Timer fired: Sat May  9 19:40:02 2026
7 records inserted in traffic table.
Timer fired: Sat May  9 19:40:07 2026
4 records inserted in traffic table.
Timer fired: Sat May  9 19:40:12 2026
4 records inserted in traffic table.
Timer fired: Sat May  9 19:40:17 2026
6 records inserted in traffic table.
Timer fired: Sat May  9 19:40:22 2026
6 records inserted in traffic table.
Timer fired: Sat May  9 19:40:27 2026
5 records inserted in traffic table.
Timer fired: Sat May  9 19:40:32 2026
3 records inserted in traffic table.
Timer fired: Sat May  9 19:40:37 2026
7 records inserted in traffic table.
Timer fired: Sat May  9 19:40:42 2026
9 records inserted in traffic table.
Timer fired: Sat May  9 19:40:47 2026
5 records inserted in traffic table.
Timer fired: Sat May  9 19:40:52 2026
3 records inserted in traffic table.
Timer fired: Sat May  9 19:40:57 2026
6 records inserted in traffic table.
Timer fired: Sat May  9 19:41:02 2026
10 records inserted in traffic table.
Timer fired: Sat May  9 19:41:07 2026
5 records inserted in traffic table.
Timer fired: Sat May  9 19:41:12 2026
7 records inserted in traffic table.
Timer fired: Sat May  9 19:41:17 2026
5 records inserted in traffic table.
Timer fired: Sat May  9 19:41:22 2026
4 records inserted in traffic table.
Timer fired: Sat May  9 19:41:27 2026
6 records inserted in traffic table.
Timer fired: Sat May  9 19:41:32 2026
5 records inserted in traffic table.
Timer fired: Sat May  9 19:41:37 2026
6 records inserted in traffic table.
Timer fired: Sat May  9 19:41:42 2026
6 records inserted in traffic table.
Timer fired: Sat May  9 19:41:47 2026
6 records inserted in traffic table.
Timer fired: Sat May  9 19:41:52 2026
4 records inserted in traffic table.
Timer fired: Sat May  9 19:41:57 2026
5 records inserted in traffic table.
Timer fired: Sat May  9 19:42:02 2026
7 records inserted in traffic table.
Timer fired: Sat May  9 19:42:07 2026
5 records inserted in traffic table.
Timer fired: Sat May  9 19:42:12 2026
5 records inserted in traffic table.
Timer fired: Sat May  9 19:42:17 2026
6 records inserted in traffic table.
Timer fired: Sat May  9 19:42:22 2026
6 records inserted in traffic table.
Timer fired: Sat May  9 19:42:27 2026
5 records inserted in traffic table.
Timer fired: Sat May  9 19:42:32 2026
6 records inserted in traffic table.
Timer fired: Sat May  9 19:42:37 2026
7 records inserted in traffic table.
Timer fired: Sat May  9 19:42:42 2026
8 records inserted in traffic table.
Timer fired: Sat May  9 19:42:47 2026
4 records inserted in traffic table.
Timer fired: Sat May  9 19:42:52 2026
3 records inserted in traffic table.
Timer fired: Sat May  9 19:42:57 2026
6 records inserted in traffic table.
Timer fired: Sat May  9 19:43:02 2026
9 records inserted in traffic table.
Timer fired: Sat May  9 19:43:07 2026
6 records inserted in traffic table.
Timer fired: Sat May  9 19:43:12 2026
6 records inserted in traffic table.
Timer fired: Sat May  9 19:43:17 2026
7 records inserted in traffic table.
Timer fired: Sat May  9 19:43:22 2026
4 records inserted in traffic table.
Timer fired: Sat May  9 19:43:27 2026
4 records inserted in traffic table.
Timer fired: Sat May  9 19:43:32 2026
3 records inserted in traffic table.
Timer fired: Sat May  9 19:43:37 2026
6 records inserted in traffic table.
Timer fired: Sat May  9 19:43:42 2026
9 records inserted in traffic table.
Timer fired: Sat May  9 19:43:47 2026
4 records inserted in traffic table.
Timer fired: Sat May  9 19:43:52 2026
4 records inserted in traffic table.
Timer fired: Sat May  9 19:43:57 2026
5 records inserted in traffic table.
Timer fired: Sat May  9 19:44:02 2026
9 records inserted in traffic table.
Timer fired: Sat May  9 19:44:07 2026
4 records inserted in traffic table.
Timer fired: Sat May  9 19:44:12 2026
6 records inserted in traffic table.
Timer fired: Sat May  9 19:44:17 2026
8 records inserted in traffic table.
Timer fired: Sat May  9 19:44:22 2026
4 records inserted in traffic table.
Timer fired: Sat May  9 19:44:27 2026
6 records inserted in traffic table.
Timer fired: Sat May  9 19:44:32 2026
5 records inserted in traffic table.
Timer fired: Sat May  9 19:44:37 2026
5 records inserted in traffic table.
Timer fired: Sat May  9 19:44:42 2026
6 records inserted in traffic table.
Timer fired: Sat May  9 19:44:47 2026
8 records inserted in traffic table.
Timer fired: Sat May  9 19:44:52 2026
5 records inserted in traffic table.
Timer fired: Sat May  9 19:44:57 2026
4 records inserted in traffic table.
Timer fired: Sat May  9 19:45:02 2026
9 records inserted in traffic table.
Timer fired: Sat May  9 19:45:07 2026
4 records inserted in traffic table.
Timer fired: Sat May  9 19:45:12 2026
5 records inserted in traffic table.
Timer fired: Sat May  9 19:45:17 2026
7 records inserted in traffic table.
Timer fired: Sat May  9 19:45:22 2026
5 records inserted in traffic table.
Timer fired: Sat May  9 19:45:27 2026
5 records inserted in traffic table.
Timer fired: Sat May  9 19:45:32 2026
6 records inserted in traffic table.
Timer fired: Sat May  9 19:45:37 2026
8 records inserted in traffic table.
Timer fired: Sat May  9 19:45:42 2026
7 records inserted in traffic table.
Timer fired: Sat May  9 19:45:47 2026
4 records inserted in traffic table.
Timer fired: Sat May  9 19:45:52 2026
4 records inserted in traffic table.
Timer fired: Sat May  9 19:45:57 2026
4 records inserted in traffic table.
Timer fired: Sat May  9 19:46:02 2026
8 records inserted in traffic table.
Timer fired: Sat May  9 19:46:07 2026
4 records inserted in traffic table.
Timer fired: Sat May  9 19:46:12 2026
4 records inserted in traffic table.
Timer fired: Sat May  9 19:46:17 2026
12 records inserted in traffic table.
Timer fired: Sat May  9 19:46:22 2026
9 records inserted in traffic table.
Timer fired: Sat May  9 19:46:27 2026
5 records inserted in traffic table.
Timer fired: Sat May  9 19:46:32 2026
6 records inserted in traffic table.
Timer fired: Sat May  9 19:46:37 2026
6 records inserted in traffic table.
Timer fired: Sat May  9 19:46:42 2026
6 records inserted in traffic table.
Timer fired: Sat May  9 19:46:47 2026
5 records inserted in traffic table.
Timer fired: Sat May  9 19:46:52 2026
4 records inserted in traffic table.
Timer fired: Sat May  9 19:46:57 2026
3 records inserted in traffic table.
Timer fired: Sat May  9 19:47:02 2026
11 records inserted in traffic table.
Timer fired: Sat May  9 19:47:07 2026
6 records inserted in traffic table.
Timer fired: Sat May  9 19:47:12 2026
4 records inserted in traffic table.
Timer fired: Sat May  9 19:47:17 2026
6 records inserted in traffic table.
Timer fired: Sat May  9 19:47:22 2026
6 records inserted in traffic table.
Timer fired: Sat May  9 19:47:27 2026
4 records inserted in traffic table.
Timer fired: Sat May  9 19:47:32 2026
5 records inserted in traffic table.
Timer fired: Sat May  9 19:47:37 2026
8 records inserted in traffic table.
Timer fired: Sat May  9 19:47:42 2026
7 records inserted in traffic table.
Timer fired: Sat May  9 19:47:47 2026
8 records inserted in traffic table.
Timer fired: Sat May  9 19:47:52 2026
11 records inserted in traffic table.
Timer fired: Sat May  9 19:47:57 2026
3 records inserted in traffic table.
Timer fired: Sat May  9 19:48:02 2026
8 records inserted in traffic table.
Timer fired: Sat May  9 19:48:07 2026
5 records inserted in traffic table.
Timer fired: Sat May  9 19:48:12 2026
4 records inserted in traffic table.
Timer fired: Sat May  9 19:48:17 2026
5 records inserted in traffic table.
Timer fired: Sat May  9 19:48:22 2026
5 records inserted in traffic table.
Timer fired: Sat May  9 19:48:27 2026
4 records inserted in traffic table.
Timer fired: Sat May  9 19:48:32 2026
4 records inserted in traffic table.
Timer fired: Sat May  9 19:48:37 2026
8 records inserted in traffic table.
Timer fired: Sat May  9 19:48:42 2026
7 records inserted in traffic table.
Timer fired: Sat May  9 19:48:47 2026
6 records inserted in traffic table.
Timer fired: Sat May  9 19:48:52 2026
3 records inserted in traffic table.
Timer fired: Sat May  9 19:48:57 2026
3 records inserted in traffic table.
Timer fired: Sat May  9 19:49:02 2026
7 records inserted in traffic table.
Timer fired: Sat May  9 19:49:07 2026
4 records inserted in traffic table.
Timer fired: Sat May  9 19:49:12 2026
4 records inserted in traffic table.
Timer fired: Sat May  9 19:49:17 2026
6 records inserted in traffic table.
Timer fired: Sat May  9 19:49:22 2026
8 records inserted in traffic table.
Timer fired: Sat May  9 19:49:27 2026
5 records inserted in traffic table.
Timer fired: Sat May  9 19:49:32 2026
5 records inserted in traffic table.
Timer fired: Sat May  9 19:49:37 2026
5 records inserted in traffic table.
Timer fired: Sat May  9 19:49:42 2026
7 records inserted in traffic table.
Timer fired: Sat May  9 19:49:47 2026
5 records inserted in traffic table.
Timer fired: Sat May  9 19:49:52 2026
5 records inserted in traffic table.
Timer fired: Sat May  9 19:49:57 2026
3 records inserted in traffic table.
Timer fired: Sat May  9 19:50:02 2026
8 records inserted in traffic table.
Timer fired: Sat May  9 19:50:07 2026
6 records inserted in traffic table.
Timer fired: Sat May  9 19:50:12 2026
3 records inserted in traffic table.
Timer fired: Sat May  9 19:50:17 2026
7 records inserted in traffic table.
Timer fired: Sat May  9 19:50:22 2026
6 records inserted in traffic table.
Timer fired: Sat May  9 19:50:27 2026
5 records inserted in traffic table.
Timer fired: Sat May  9 19:50:32 2026
3 records inserted in traffic table.
Timer fired: Sat May  9 19:50:37 2026
5 records inserted in traffic table.
Timer fired: Sat May  9 19:50:42 2026
7 records inserted in traffic table.
Timer fired: Sat May  9 19:50:47 2026
5 records inserted in traffic table.
Timer fired: Sat May  9 19:50:52 2026
6 records inserted in traffic table.
Timer fired: Sat May  9 19:50:57 2026
4 records inserted in traffic table.
Timer fired: Sat May  9 19:51:02 2026
7 records inserted in traffic table.
Timer fired: Sat May  9 19:51:07 2026
5 records inserted in traffic table.
Timer fired: Sat May  9 19:51:12 2026
3 records inserted in traffic table.
Timer fired: Sat May  9 19:51:17 2026
6 records inserted in traffic table.
Timer fired: Sat May  9 19:51:22 2026
5 records inserted in traffic table.
Timer fired: Sat May  9 19:51:27 2026
6 records inserted in traffic table.
Timer fired: Sat May  9 19:51:32 2026
4 records inserted in traffic table.
Timer fired: Sat May  9 19:51:37 2026
8 records inserted in traffic table.
Timer fired: Sat May  9 19:51:42 2026
6 records inserted in traffic table.
Timer fired: Sat May  9 19:51:47 2026
4 records inserted in traffic table.
Timer fired: Sat May  9 19:51:52 2026
4 records inserted in traffic table.
Timer fired: Sat May  9 19:51:57 2026
4 records inserted in traffic table.
Timer fired: Sat May  9 19:52:02 2026
7 records inserted in traffic table.
Timer fired: Sat May  9 19:52:07 2026
4 records inserted in traffic table.
Timer fired: Sat May  9 19:52:12 2026
4 records inserted in traffic table.
Timer fired: Sat May  9 19:52:17 2026
5 records inserted in traffic table.
Timer fired: Sat May  9 19:52:22 2026
7 records inserted in traffic table.
Timer fired: Sat May  9 19:52:27 2026
7 records inserted in traffic table.
Timer fired: Sat May  9 19:52:32 2026
3 records inserted in traffic table.
Timer fired: Sat May  9 19:52:37 2026
6 records inserted in traffic table.
Timer fired: Sat May  9 19:52:42 2026
7 records inserted in traffic table.
Timer fired: Sat May  9 19:52:47 2026
5 records inserted in traffic table.
Timer fired: Sat May  9 19:52:52 2026
3 records inserted in traffic table.
Timer fired: Sat May  9 19:52:57 2026
4 records inserted in traffic table.
Timer fired: Sat May  9 19:53:02 2026
8 records inserted in traffic table.
Timer fired: Sat May  9 19:53:07 2026
4 records inserted in traffic table.
Timer fired: Sat May  9 19:53:12 2026
6 records inserted in traffic table.
Timer fired: Sat May  9 19:53:17 2026
6 records inserted in traffic table.
Timer fired: Sat May  9 19:53:22 2026
6 records inserted in traffic table.
Timer fired: Sat May  9 19:53:27 2026
4 records inserted in traffic table.
Timer fired: Sat May  9 19:53:32 2026
3 records inserted in traffic table.
Timer fired: Sat May  9 19:53:37 2026
6 records inserted in traffic table.
Timer fired: Sat May  9 19:53:42 2026
7 records inserted in traffic table.
Timer fired: Sat May  9 19:53:47 2026
5 records inserted in traffic table.
Timer fired: Sat May  9 19:53:52 2026
5 records inserted in traffic table.
Timer fired: Sat May  9 19:53:57 2026
6 records inserted in traffic table.
Timer fired: Sat May  9 19:54:02 2026
8 records inserted in traffic table.
Timer fired: Sat May  9 19:54:07 2026
5 records inserted in traffic table.
Timer fired: Sat May  9 19:54:12 2026
4 records inserted in traffic table.
Timer fired: Sat May  9 19:54:17 2026
5 records inserted in traffic table.
Timer fired: Sat May  9 19:54:22 2026
5 records inserted in traffic table.
Timer fired: Sat May  9 19:54:27 2026
5 records inserted in traffic table.
Timer fired: Sat May  9 19:54:32 2026
5 records inserted in traffic table.
Timer fired: Sat May  9 19:54:37 2026
7 records inserted in traffic table.
Timer fired: Sat May  9 19:54:42 2026
9 records inserted in traffic table.
Timer fired: Sat May  9 19:54:47 2026
4 records inserted in traffic table.
Timer fired: Sat May  9 19:54:52 2026
4 records inserted in traffic table.
Timer fired: Sat May  9 19:54:57 2026
4 records inserted in traffic table.
Timer fired: Sat May  9 19:55:02 2026
9 records inserted in traffic table.
Timer fired: Sat May  9 19:55:07 2026
4 records inserted in traffic table.
Timer fired: Sat May  9 19:55:12 2026
4 records inserted in traffic table.
Timer fired: Sat May  9 19:55:17 2026
7 records inserted in traffic table.
Timer fired: Sat May  9 19:55:22 2026
4 records inserted in traffic table.
Timer fired: Sat May  9 19:55:27 2026
8 records inserted in traffic table.
Timer fired: Sat May  9 19:55:32 2026
3 records inserted in traffic table.
Timer fired: Sat May  9 19:55:37 2026
8 records inserted in traffic table.
Timer fired: Sat May  9 19:55:42 2026
7 records inserted in traffic table.
Timer fired: Sat May  9 19:55:47 2026
5 records inserted in traffic table.
Timer fired: Sat May  9 19:55:52 2026
3 records inserted in traffic table.
Timer fired: Sat May  9 19:55:57 2026
4 records inserted in traffic table.
Timer fired: Sat May  9 19:56:02 2026
8 records inserted in traffic table.
Timer fired: Sat May  9 19:56:07 2026
4 records inserted in traffic table.
Timer fired: Sat May  9 19:56:12 2026
6 records inserted in traffic table.
Timer fired: Sat May  9 19:56:17 2026
6 records inserted in traffic table.
Timer fired: Sat May  9 19:56:22 2026
4 records inserted in traffic table.
Timer fired: Sat May  9 19:56:27 2026
5 records inserted in traffic table.
Timer fired: Sat May  9 19:56:32 2026
3 records inserted in traffic table.
Timer fired: Sat May  9 19:56:37 2026
7 records inserted in traffic table.
Timer fired: Sat May  9 19:56:42 2026
7 records inserted in traffic table.
Timer fired: Sat May  9 19:56:47 2026
5 records inserted in traffic table.
Timer fired: Sat May  9 19:56:52 2026
4 records inserted in traffic table.
Timer fired: Sat May  9 19:56:57 2026
5 records inserted in traffic table.
Timer fired: Sat May  9 19:57:02 2026
7 records inserted in traffic table.
Timer fired: Sat May  9 19:57:07 2026
4 records inserted in traffic table.
Timer fired: Sat May  9 19:57:12 2026
5 records inserted in traffic table.
Timer fired: Sat May  9 19:57:17 2026
6 records inserted in traffic table.
Timer fired: Sat May  9 19:57:22 2026
7 records inserted in traffic table.
Timer fired: Sat May  9 19:57:27 2026
4 records inserted in traffic table.
Timer fired: Sat May  9 19:57:32 2026
4 records inserted in traffic table.
Timer fired: Sat May  9 19:57:37 2026
7 records inserted in traffic table.
Timer fired: Sat May  9 19:57:42 2026
9 records inserted in traffic table.
Timer fired: Sat May  9 19:57:47 2026
4 records inserted in traffic table.
Timer fired: Sat May  9 19:57:52 2026
3 records inserted in traffic table.
Timer fired: Sat May  9 19:57:57 2026
4 records inserted in traffic table.
Timer fired: Sat May  9 19:58:02 2026
9 records inserted in traffic table.
Timer fired: Sat May  9 19:58:07 2026
7 records inserted in traffic table.
Timer fired: Sat May  9 19:58:12 2026
4 records inserted in traffic table.
Timer fired: Sat May  9 19:58:17 2026
5 records inserted in traffic table.
Timer fired: Sat May  9 19:58:22 2026
4 records inserted in traffic table.
Timer fired: Sat May  9 19:58:27 2026
6 records inserted in traffic table.
Timer fired: Sat May  9 19:58:32 2026
4 records inserted in traffic table.
Timer fired: Sat May  9 19:58:37 2026
7 records inserted in traffic table.
Timer fired: Sat May  9 19:58:42 2026
8 records inserted in traffic table.
Timer fired: Sat May  9 19:58:47 2026
6 records inserted in traffic table.
Timer fired: Sat May  9 19:58:52 2026
4 records inserted in traffic table.
Timer fired: Sat May  9 19:58:57 2026
3 records inserted in traffic table.
Timer fired: Sat May  9 19:59:02 2026
8 records inserted in traffic table.
Timer fired: Sat May  9 19:59:07 2026
5 records inserted in traffic table.
Timer fired: Sat May  9 19:59:12 2026
6 records inserted in traffic table.
Timer fired: Sat May  9 19:59:17 2026
6 records inserted in traffic table.
Timer fired: Sat May  9 19:59:22 2026
5 records inserted in traffic table.
Timer fired: Sat May  9 19:59:27 2026
5 records inserted in traffic table.
Timer fired: Sat May  9 19:59:32 2026
6 records inserted in traffic table.
Timer fired: Sat May  9 19:59:37 2026
7 records inserted in traffic table.
Timer fired: Sat May  9 19:59:42 2026
8 records inserted in traffic table.
Timer fired: Sat May  9 19:59:47 2026
5 records inserted in traffic table.
Timer fired: Sat May  9 19:59:52 2026
4 records inserted in traffic table.
Timer fired: Sat May  9 19:59:57 2026
8 records inserted in traffic table.
Timer fired: Sat May  9 20:00:02 2026
11 records inserted in traffic table.
Timer fired: Sat May  9 20:00:07 2026
5 records inserted in traffic table.
Timer fired: Sat May  9 20:00:12 2026
4 records inserted in traffic table.
Timer fired: Sat May  9 20:00:17 2026
6 records inserted in traffic table.
Timer fired: Sat May  9 20:00:22 2026
4 records inserted in traffic table.
Timer fired: Sat May  9 20:00:27 2026
4 records inserted in traffic table.
Timer fired: Sat May  9 20:00:32 2026
3 records inserted in traffic table.
Timer fired: Sat May  9 20:00:37 2026
7 records inserted in traffic table.
Timer fired: Sat May  9 20:00:42 2026
10 records inserted in traffic table.
Timer fired: Sat May  9 20:00:47 2026
5 records inserted in traffic table.
Timer fired: Sat May  9 20:00:52 2026
3 records inserted in traffic table.
Timer fired: Sat May  9 20:00:57 2026
3 records inserted in traffic table.
Timer fired: Sat May  9 20:01:02 2026
7 records inserted in traffic table.
Timer fired: Sat May  9 20:01:07 2026
4 records inserted in traffic table.
Timer fired: Sat May  9 20:01:12 2026
4 records inserted in traffic table.
Timer fired: Sat May  9 20:01:17 2026
7 records inserted in traffic table.
Timer fired: Sat May  9 20:01:22 2026
7 records inserted in traffic table.
Timer fired: Sat May  9 20:01:27 2026
7 records inserted in traffic table.
Timer fired: Sat May  9 20:01:32 2026
3 records inserted in traffic table.
Timer fired: Sat May  9 20:01:37 2026
9 records inserted in traffic table.
Timer fired: Sat May  9 20:01:42 2026
7 records inserted in traffic table.
Timer fired: Sat May  9 20:01:47 2026
5 records inserted in traffic table.
Timer fired: Sat May  9 20:01:52 2026
3 records inserted in traffic table.
Timer fired: Sat May  9 20:01:57 2026
4 records inserted in traffic table.
Timer fired: Sat May  9 20:02:02 2026
7 records inserted in traffic table.
Timer fired: Sat May  9 20:02:07 2026
9 records inserted in traffic table.
Timer fired: Sat May  9 20:02:12 2026
6 records inserted in traffic table.
Timer fired: Sat May  9 20:02:17 2026
7 records inserted in traffic table.
Timer fired: Sat May  9 20:02:22 2026
4 records inserted in traffic table.
Timer fired: Sat May  9 20:02:27 2026
5 records inserted in traffic table.
Timer fired: Sat May  9 20:02:32 2026
5 records inserted in traffic table.
Timer fired: Sat May  9 20:02:37 2026
7 records inserted in traffic table.
Timer fired: Sat May  9 20:02:42 2026
5 records inserted in traffic table.
Timer fired: Sat May  9 20:02:47 2026
5 records inserted in traffic table.
Timer fired: Sat May  9 20:02:52 2026
7 records inserted in traffic table.
Timer fired: Sat May  9 20:02:57 2026
4 records inserted in traffic table.
Timer fired: Sat May  9 20:03:02 2026
6 records inserted in traffic table.
Timer fired: Sat May  9 20:03:07 2026
8 records inserted in traffic table.
Timer fired: Sat May  9 20:03:12 2026
3 records inserted in traffic table.
Timer fired: Sat May  9 20:03:17 2026
6 records inserted in traffic table.
Timer fired: Sat May  9 20:03:22 2026
4 records inserted in traffic table.
Timer fired: Sat May  9 20:03:27 2026
4 records inserted in traffic table.
Timer fired: Sat May  9 20:03:32 2026
3 records inserted in traffic table.
Timer fired: Sat May  9 20:03:37 2026
8 records inserted in traffic table.
Timer fired: Sat May  9 20:03:42 2026
7 records inserted in traffic table.
Timer fired: Sat May  9 20:03:47 2026
5 records inserted in traffic table.
Timer fired: Sat May  9 20:03:52 2026
3 records inserted in traffic table.
Timer fired: Sat May  9 20:03:57 2026
5 records inserted in traffic table.
Timer fired: Sat May  9 20:04:02 2026
7 records inserted in traffic table.
Timer fired: Sat May  9 20:04:07 2026
4 records inserted in traffic table.
Timer fired: Sat May  9 20:04:12 2026
3 records inserted in traffic table.
Timer fired: Sat May  9 20:04:17 2026
9 records inserted in traffic table.
Timer fired: Sat May  9 20:04:22 2026
7 records inserted in traffic table.
Timer fired: Sat May  9 20:04:27 2026
7 records inserted in traffic table.
Timer fired: Sat May  9 20:04:32 2026
5 records inserted in traffic table.
Timer fired: Sat May  9 20:04:37 2026
7 records inserted in traffic table.
Timer fired: Sat May  9 20:04:42 2026
5 records inserted in traffic table.
Timer fired: Sat May  9 20:04:47 2026
5 records inserted in traffic table.
Timer fired: Sat May  9 20:04:52 2026
6 records inserted in traffic table.
Timer fired: Sat May  9 20:04:57 2026
5 records inserted in traffic table.
Timer fired: Sat May  9 20:05:02 2026
5 records inserted in traffic table.
Timer fired: Sat May  9 20:05:07 2026
5 records inserted in traffic table.
Timer fired: Sat May  9 20:05:12 2026
6 records inserted in traffic table.
Timer fired: Sat May  9 20:05:17 2026
7 records inserted in traffic table.
Timer fired: Sat May  9 20:05:22 2026
5 records inserted in traffic table.
Timer fired: Sat May  9 20:05:27 2026
5 records inserted in traffic table.
Timer fired: Sat May  9 20:05:32 2026
3 records inserted in traffic table.
Timer fired: Sat May  9 20:05:37 2026
8 records inserted in traffic table.
Timer fired: Sat May  9 20:05:42 2026
5 records inserted in traffic table.
Timer fired: Sat May  9 20:05:47 2026
5 records inserted in traffic table.
Timer fired: Sat May  9 20:05:52 2026
4 records inserted in traffic table.
Timer fired: Sat May  9 20:05:57 2026
7 records inserted in traffic table.
Timer fired: Sat May  9 20:06:02 2026
5 records inserted in traffic table.
Timer fired: Sat May  9 20:06:07 2026
5 records inserted in traffic table.
Timer fired: Sat May  9 20:06:12 2026
3 records inserted in traffic table.
Timer fired: Sat May  9 20:06:17 2026
6 records inserted in traffic table.
Timer fired: Sat May  9 20:06:22 2026
7 records inserted in traffic table.
Timer fired: Sat May  9 20:06:27 2026
5 records inserted in traffic table.
Timer fired: Sat May  9 20:06:32 2026
3 records inserted in traffic table.
Timer fired: Sat May  9 20:06:37 2026
8 records inserted in traffic table.
Timer fired: Sat May  9 20:06:42 2026
7 records inserted in traffic table.
Timer fired: Sat May  9 20:06:47 2026
5 records inserted in traffic table.
Timer fired: Sat May  9 20:06:52 2026
4 records inserted in traffic table.
Timer fired: Sat May  9 20:06:57 2026
5 records inserted in traffic table.
Timer fired: Sat May  9 20:07:02 2026
5 records inserted in traffic table.
Timer fired: Sat May  9 20:07:07 2026
7 records inserted in traffic table.
Timer fired: Sat May  9 20:07:12 2026
4 records inserted in traffic table.
Timer fired: Sat May  9 20:07:17 2026
6 records inserted in traffic table.
Timer fired: Sat May  9 20:07:22 2026
5 records inserted in traffic table.
Timer fired: Sat May  9 20:07:27 2026
7 records inserted in traffic table.
Timer fired: Sat May  9 20:07:32 2026
3 records inserted in traffic table.
Timer fired: Sat May  9 20:07:37 2026
7 records inserted in traffic table.
Timer fired: Sat May  9 20:07:42 2026
6 records inserted in traffic table.
Timer fired: Sat May  9 20:07:47 2026
5 records inserted in traffic table.
Timer fired: Sat May  9 20:07:52 2026
5 records inserted in traffic table.
Timer fired: Sat May  9 20:07:57 2026
4 records inserted in traffic table.
Timer fired: Sat May  9 20:08:02 2026
6 records inserted in traffic table.
Timer fired: Sat May  9 20:08:07 2026
7 records inserted in traffic table.
Timer fired: Sat May  9 20:08:12 2026
5 records inserted in traffic table.
Timer fired: Sat May  9 20:08:17 2026
5 records inserted in traffic table.
Timer fired: Sat May  9 20:08:22 2026
5 records inserted in traffic table.
Timer fired: Sat May  9 20:08:27 2026
4 records inserted in traffic table.
Timer fired: Sat May  9 20:08:32 2026
4 records inserted in traffic table.
Timer fired: Sat May  9 20:08:37 2026
9 records inserted in traffic table.
Timer fired: Sat May  9 20:08:42 2026
5 records inserted in traffic table.
Timer fired: Sat May  9 20:08:47 2026
5 records inserted in traffic table.
Timer fired: Sat May  9 20:08:52 2026
4 records inserted in traffic table.
Timer fired: Sat May  9 20:08:57 2026
6 records inserted in traffic table.
Timer fired: Sat May  9 20:09:02 2026
5 records inserted in traffic table.
Timer fired: Sat May  9 20:09:07 2026
6 records inserted in traffic table.
Timer fired: Sat May  9 20:09:12 2026
4 records inserted in traffic table.
Timer fired: Sat May  9 20:09:17 2026
5 records inserted in traffic table.
Timer fired: Sat May  9 20:09:22 2026
6 records inserted in traffic table.
Timer fired: Sat May  9 20:09:27 2026
5 records inserted in traffic table.
Timer fired: Sat May  9 20:09:32 2026
5 records inserted in traffic table.
Timer fired: Sat May  9 20:09:37 2026
7 records inserted in traffic table.
Timer fired: Sat May  9 20:09:42 2026
7 records inserted in traffic table.
Timer fired: Sat May  9 20:09:47 2026
4 records inserted in traffic table.
Timer fired: Sat May  9 20:09:52 2026
3 records inserted in traffic table.
Timer fired: Sat May  9 20:09:57 2026
6 records inserted in traffic table.
Timer fired: Sat May  9 20:10:02 2026
7 records inserted in traffic table.
Timer fired: Sat May  9 20:10:07 2026
6 records inserted in traffic table.
Timer fired: Sat May  9 20:10:12 2026
4 records inserted in traffic table.
Timer fired: Sat May  9 20:10:17 2026
6 records inserted in traffic table.
Timer fired: Sat May  9 20:10:22 2026
6 records inserted in traffic table.
Timer fired: Sat May  9 20:10:27 2026
6 records inserted in traffic table.
Timer fired: Sat May  9 20:10:32 2026
3 records inserted in traffic table.
Timer fired: Sat May  9 20:10:37 2026
7 records inserted in traffic table.
Timer fired: Sat May  9 20:10:42 2026
6 records inserted in traffic table.
Timer fired: Sat May  9 20:10:47 2026
4 records inserted in traffic table.
Timer fired: Sat May  9 20:10:52 2026
4 records inserted in traffic table.
Timer fired: Sat May  9 20:10:57 2026
6 records inserted in traffic table.
Timer fired: Sat May  9 20:11:02 2026
5 records inserted in traffic table.
Timer fired: Sat May  9 20:11:07 2026
6 records inserted in traffic table.
Timer fired: Sat May  9 20:11:12 2026
6 records inserted in traffic table.
Timer fired: Sat May  9 20:11:17 2026
5 records inserted in traffic table.
Timer fired: Sat May  9 20:11:22 2026
4 records inserted in traffic table.
Timer fired: Sat May  9 20:11:27 2026
5 records inserted in traffic table.
Timer fired: Sat May  9 20:11:32 2026
3 records inserted in traffic table.
Timer fired: Sat May  9 20:11:37 2026
9 records inserted in traffic table.
Timer fired: Sat May  9 20:11:42 2026
6 records inserted in traffic table.
Timer fired: Sat May  9 20:11:47 2026
4 records inserted in traffic table.
Timer fired: Sat May  9 20:11:52 2026
3 records inserted in traffic table.
Timer fired: Sat May  9 20:11:57 2026
6 records inserted in traffic table.
Timer fired: Sat May  9 20:12:02 2026
5 records inserted in traffic table.
Timer fired: Sat May  9 20:12:07 2026
6 records inserted in traffic table.
Timer fired: Sat May  9 20:12:12 2026
5 records inserted in traffic table.
Timer fired: Sat May  9 20:12:17 2026
5 records inserted in traffic table.
Timer fired: Sat May  9 20:12:22 2026
5 records inserted in traffic table.
Timer fired: Sat May  9 20:12:27 2026
5 records inserted in traffic table.
Timer fired: Sat May  9 20:12:32 2026
3 records inserted in traffic table.
Timer fired: Sat May  9 20:12:37 2026
7 records inserted in traffic table.
Timer fired: Sat May  9 20:12:42 2026
8 records inserted in traffic table.
Timer fired: Sat May  9 20:12:47 2026
5 records inserted in traffic table.
Timer fired: Sat May  9 20:12:52 2026
3 records inserted in traffic table.
Timer fired: Sat May  9 20:12:57 2026
5 records inserted in traffic table.
Timer fired: Sat May  9 20:13:02 2026
5 records inserted in traffic table.
Timer fired: Sat May  9 20:13:07 2026
6 records inserted in traffic table.
Timer fired: Sat May  9 20:13:12 2026
4 records inserted in traffic table.
Timer fired: Sat May  9 20:13:17 2026
6 records inserted in traffic table.
Timer fired: Sat May  9 20:13:22 2026
7 records inserted in traffic table.
Timer fired: Sat May  9 20:13:27 2026
7 records inserted in traffic table.
Timer fired: Sat May  9 20:13:32 2026
3 records inserted in traffic table.
Timer fired: Sat May  9 20:13:37 2026
7 records inserted in traffic table.
Timer fired: Sat May  9 20:13:42 2026
6 records inserted in traffic table.
Timer fired: Sat May  9 20:13:47 2026
5 records inserted in traffic table.
Timer fired: Sat May  9 20:13:52 2026
4 records inserted in traffic table.
Timer fired: Sat May  9 20:13:57 2026
4 records inserted in traffic table.
Timer fired: Sat May  9 20:14:02 2026
5 records inserted in traffic table.
Timer fired: Sat May  9 20:14:07 2026
5 records inserted in traffic table.
Timer fired: Sat May  9 20:14:12 2026
6 records inserted in traffic table.
Timer fired: Sat May  9 20:14:17 2026
6 records inserted in traffic table.
Timer fired: Sat May  9 20:14:22 2026
6 records inserted in traffic table.
Timer fired: Sat May  9 20:14:27 2026
5 records inserted in traffic table.
Timer fired: Sat May  9 20:14:32 2026
5 records inserted in traffic table.
Timer fired: Sat May  9 20:14:37 2026
8 records inserted in traffic table.
Timer fired: Sat May  9 20:14:42 2026
6 records inserted in traffic table.
Timer fired: Sat May  9 20:14:47 2026
4 records inserted in traffic table.
Timer fired: Sat May  9 20:14:52 2026
4 records inserted in traffic table.
Timer fired: Sat May  9 20:14:57 2026
6 records inserted in traffic table.
Timer fired: Sat May  9 20:15:02 2026
7 records inserted in traffic table.
Timer fired: Sat May  9 20:15:07 2026
6 records inserted in traffic table.
Timer fired: Sat May  9 20:15:12 2026
4 records inserted in traffic table.
Timer fired: Sat May  9 20:15:17 2026
5 records inserted in traffic table.
Timer fired: Sat May  9 20:15:22 2026
5 records inserted in traffic table.
Timer fired: Sat May  9 20:15:27 2026
4 records inserted in traffic table.
Timer fired: Sat May  9 20:15:32 2026
3 records inserted in traffic table.
Timer fired: Sat May  9 20:15:37 2026
8 records inserted in traffic table.
Timer fired: Sat May  9 20:15:42 2026
9 records inserted in traffic table.
Timer fired: Sat May  9 20:15:47 2026
4 records inserted in traffic table.
Timer fired: Sat May  9 20:15:52 2026
3 records inserted in traffic table.
Timer fired: Sat May  9 20:15:57 2026
5 records inserted in traffic table.
Timer fired: Sat May  9 20:16:02 2026
6 records inserted in traffic table.
Timer fired: Sat May  9 20:16:07 2026
5 records inserted in traffic table.
Timer fired: Sat May  9 20:16:12 2026
4 records inserted in traffic table.
Timer fired: Sat May  9 20:16:17 2026
8 records inserted in traffic table.
Timer fired: Sat May  9 20:16:22 2026
8 records inserted in traffic table.
Timer fired: Sat May  9 20:16:27 2026
7 records inserted in traffic table.
Timer fired: Sat May  9 20:16:32 2026
4 records inserted in traffic table.
Timer fired: Sat May  9 20:16:37 2026
8 records inserted in traffic table.
Timer fired: Sat May  9 20:16:42 2026
5 records inserted in traffic table.
Timer fired: Sat May  9 20:16:47 2026
5 records inserted in traffic table.
Timer fired: Sat May  9 20:16:52 2026
4 records inserted in traffic table.
Timer fired: Sat May  9 20:16:57 2026
4 records inserted in traffic table.
Timer fired: Sat May  9 20:17:02 2026
5 records inserted in traffic table.
Timer fired: Sat May  9 20:17:07 2026
6 records inserted in traffic table.
Timer fired: Sat May  9 20:17:12 2026
6 records inserted in traffic table.
Timer fired: Sat May  9 20:17:17 2026
6 records inserted in traffic table.
Timer fired: Sat May  9 20:17:22 2026
7 records inserted in traffic table.
Timer fired: Sat May  9 20:17:27 2026
6 records inserted in traffic table.
Timer fired: Sat May  9 20:17:32 2026
5 records inserted in traffic table.
Timer fired: Sat May  9 20:17:37 2026
7 records inserted in traffic table.
Timer fired: Sat May  9 20:17:42 2026
6 records inserted in traffic table.
Timer fired: Sat May  9 20:17:47 2026
4 records inserted in traffic table.
Timer fired: Sat May  9 20:17:52 2026
7 records inserted in traffic table.
Timer fired: Sat May  9 20:17:57 2026
6 records inserted in traffic table.
Timer fired: Sat May  9 20:18:02 2026
7 records inserted in traffic table.
Timer fired: Sat May  9 20:18:07 2026
6 records inserted in traffic table.
Timer fired: Sat May  9 20:18:12 2026
4 records inserted in traffic table.
Timer fired: Sat May  9 20:18:17 2026
5 records inserted in traffic table.
Timer fired: Sat May  9 20:18:22 2026
5 records inserted in traffic table.
Timer fired: Sat May  9 20:18:27 2026
5 records inserted in traffic table.
Timer fired: Sat May  9 20:18:32 2026
4 records inserted in traffic table.
Timer fired: Sat May  9 20:18:37 2026
6 records inserted in traffic table.
Timer fired: Sat May  9 20:18:42 2026
9 records inserted in traffic table.
Timer fired: Sat May  9 20:18:47 2026
6 records inserted in traffic table.
Timer fired: Sat May  9 20:18:52 2026
5 records inserted in traffic table.
Timer fired: Sat May  9 20:18:57 2026
4 records inserted in traffic table.
Timer fired: Sat May  9 20:19:02 2026
5 records inserted in traffic table.
Timer fired: Sat May  9 20:19:07 2026
5 records inserted in traffic table.
Timer fired: Sat May  9 20:19:12 2026
3 records inserted in traffic table.
Timer fired: Sat May  9 20:19:17 2026
5 records inserted in traffic table.
Timer fired: Sat May  9 20:19:22 2026
4 records inserted in traffic table.
Timer fired: Sat May  9 20:19:27 2026
7 records inserted in traffic table.
Timer fired: Sat May  9 20:19:32 2026
4 records inserted in traffic table.
Timer fired: Sat May  9 20:19:37 2026
7 records inserted in traffic table.
Timer fired: Sat May  9 20:19:42 2026
5 records inserted in traffic table.
Timer fired: Sat May  9 20:19:47 2026
4 records inserted in traffic table.
Timer fired: Sat May  9 20:19:52 2026
4 records inserted in traffic table.
Timer fired: Sat May  9 20:19:57 2026
6 records inserted in traffic table.
Timer fired: Sat May  9 20:20:02 2026
6 records inserted in traffic table.
Timer fired: Sat May  9 20:20:07 2026
5 records inserted in traffic table.
Timer fired: Sat May  9 20:20:12 2026
6 records inserted in traffic table.
Timer fired: Sat May  9 20:20:17 2026
6 records inserted in traffic table.
Timer fired: Sat May  9 20:20:22 2026
5 records inserted in traffic table.
Timer fired: Sat May  9 20:20:27 2026
4 records inserted in traffic table.
Timer fired: Sat May  9 20:20:32 2026
3 records inserted in traffic table.
Timer fired: Sat May  9 20:20:37 2026
7 records inserted in traffic table.
Timer fired: Sat May  9 20:20:42 2026
6 records inserted in traffic table.
Timer fired: Sat May  9 20:20:47 2026
5 records inserted in traffic table.
Timer fired: Sat May  9 20:20:52 2026
4 records inserted in traffic table.
Timer fired: Sat May  9 20:20:57 2026
6 records inserted in traffic table.
Timer fired: Sat May  9 20:21:02 2026
6 records inserted in traffic table.
Timer fired: Sat May  9 20:21:07 2026
6 records inserted in traffic table.
Timer fired: Sat May  9 20:21:12 2026
3 records inserted in traffic table.
Timer fired: Sat May  9 20:21:17 2026
6 records inserted in traffic table.
Timer fired: Sat May  9 20:21:22 2026
6 records inserted in traffic table.
Timer fired: Sat May  9 20:21:27 2026
7 records inserted in traffic table.
Timer fired: Sat May  9 20:21:32 2026
3 records inserted in traffic table.
Timer fired: Sat May  9 20:21:37 2026
7 records inserted in traffic table.
Timer fired: Sat May  9 20:21:42 2026
9 records inserted in traffic table.
Timer fired: Sat May  9 20:21:47 2026
4 records inserted in traffic table.
Timer fired: Sat May  9 20:21:52 2026
4 records inserted in traffic table.
Timer fired: Sat May  9 20:21:57 2026
5 records inserted in traffic table.
Timer fired: Sat May  9 20:22:02 2026
7 records inserted in traffic table.
Timer fired: Sat May  9 20:22:07 2026
5 records inserted in traffic table.
Timer fired: Sat May  9 20:22:12 2026
4 records inserted in traffic table.
Timer fired: Sat May  9 20:22:17 2026
5 records inserted in traffic table.
Timer fired: Sat May  9 20:22:22 2026
9 records inserted in traffic table.
Timer fired: Sat May  9 20:22:27 2026
10 records inserted in traffic table.
Timer fired: Sat May  9 20:22:32 2026
4 records inserted in traffic table.
Timer fired: Sat May  9 20:22:37 2026
7 records inserted in traffic table.
Timer fired: Sat May  9 20:22:42 2026
5 records inserted in traffic table.
Timer fired: Sat May  9 20:22:47 2026
4 records inserted in traffic table.
Timer fired: Sat May  9 20:22:52 2026
5 records inserted in traffic table.
Timer fired: Sat May  9 20:22:57 2026
5 records inserted in traffic table.
Timer fired: Sat May  9 20:23:02 2026
5 records inserted in traffic table.
Timer fired: Sat May  9 20:23:07 2026
4 records inserted in traffic table.
Timer fired: Sat May  9 20:23:12 2026
9 records inserted in traffic table.
Timer fired: Sat May  9 20:23:17 2026
4 records inserted in traffic table.
Timer fired: Sat May  9 20:23:22 2026
6 records inserted in traffic table.
Timer fired: Sat May  9 20:23:27 2026
6 records inserted in traffic table.
Timer fired: Sat May  9 20:23:32 2026
4 records inserted in traffic table.
Timer fired: Sat May  9 20:23:37 2026
7 records inserted in traffic table.
Timer fired: Sat May  9 20:23:42 2026
6 records inserted in traffic table.
Timer fired: Sat May  9 20:23:47 2026
5 records inserted in traffic table.
Timer fired: Sat May  9 20:23:52 2026
3 records inserted in traffic table.
Timer fired: Sat May  9 20:23:57 2026
7 records inserted in traffic table.
Timer fired: Sat May  9 20:24:02 2026
4 records inserted in traffic table.
Timer fired: Sat May  9 20:24:07 2026
5 records inserted in traffic table.
Timer fired: Sat May  9 20:24:12 2026
4 records inserted in traffic table.
Timer fired: Sat May  9 20:24:17 2026
5 records inserted in traffic table.
Timer fired: Sat May  9 20:24:22 2026
6 records inserted in traffic table.
Timer fired: Sat May  9 20:24:27 2026
5 records inserted in traffic table.
Timer fired: Sat May  9 20:24:32 2026
4 records inserted in traffic table.
Timer fired: Sat May  9 20:24:37 2026
7 records inserted in traffic table.
Timer fired: Sat May  9 20:24:42 2026
8 records inserted in traffic table.
Timer fired: Sat May  9 20:24:47 2026
5 records inserted in traffic table.
Timer fired: Sat May  9 20:24:52 2026
4 records inserted in traffic table.
Timer fired: Sat May  9 20:24:57 2026
5 records inserted in traffic table.
Timer fired: Sat May  9 20:25:02 2026
5 records inserted in traffic table.
Timer fired: Sat May  9 20:25:07 2026
5 records inserted in traffic table.
Timer fired: Sat May  9 20:25:12 2026
4 records inserted in traffic table.
Timer fired: Sat May  9 20:25:17 2026
5 records inserted in traffic table.
Timer fired: Sat May  9 20:25:22 2026
6 records inserted in traffic table.
Timer fired: Sat May  9 20:25:27 2026
8 records inserted in traffic table.
Timer fired: Sat May  9 20:25:32 2026
3 records inserted in traffic table.
Timer fired: Sat May  9 20:25:37 2026
8 records inserted in traffic table.
Timer fired: Sat May  9 20:25:42 2026
7 records inserted in traffic table.
Timer fired: Sat May  9 20:25:47 2026
5 records inserted in traffic table.
Timer fired: Sat May  9 20:25:52 2026
4 records inserted in traffic table.
Timer fired: Sat May  9 20:25:57 2026
5 records inserted in traffic table.
Timer fired: Sat May  9 20:26:02 2026
5 records inserted in traffic table.
Timer fired: Sat May  9 20:26:07 2026
4 records inserted in traffic table.
Timer fired: Sat May  9 20:26:12 2026
7 records inserted in traffic table.
Timer fired: Sat May  9 20:26:17 2026
4 records inserted in traffic table.
Timer fired: Sat May  9 20:26:22 2026
5 records inserted in traffic table.
Timer fired: Sat May  9 20:26:27 2026
7 records inserted in traffic table.
Timer fired: Sat May  9 20:26:32 2026
4 records inserted in traffic table.
Timer fired: Sat May  9 20:26:37 2026
7 records inserted in traffic table.
Timer fired: Sat May  9 20:26:42 2026
6 records inserted in traffic table.
Timer fired: Sat May  9 20:26:47 2026
5 records inserted in traffic table.
Timer fired: Sat May  9 20:26:52 2026
4 records inserted in traffic table.
Timer fired: Sat May  9 20:26:57 2026
6 records inserted in traffic table.
Timer fired: Sat May  9 20:27:02 2026
4 records inserted in traffic table.
Timer fired: Sat May  9 20:27:07 2026
6 records inserted in traffic table.
Timer fired: Sat May  9 20:27:12 2026
5 records inserted in traffic table.
Timer fired: Sat May  9 20:27:17 2026
4 records inserted in traffic table.
Timer fired: Sat May  9 20:27:22 2026
5 records inserted in traffic table.
Timer fired: Sat May  9 20:27:27 2026
5 records inserted in traffic table.
Timer fired: Sat May  9 20:27:32 2026
4 records inserted in traffic table.
Timer fired: Sat May  9 20:27:37 2026
7 records inserted in traffic table.
Timer fired: Sat May  9 20:27:42 2026
7 records inserted in traffic table.
Timer fired: Sat May  9 20:27:47 2026
4 records inserted in traffic table.
Timer fired: Sat May  9 20:27:52 2026
5 records inserted in traffic table.
Timer fired: Sat May  9 20:27:57 2026
7 records inserted in traffic table.
Timer fired: Sat May  9 20:28:02 2026
4 records inserted in traffic table.
Timer fired: Sat May  9 20:28:07 2026
5 records inserted in traffic table.
Timer fired: Sat May  9 20:28:12 2026
6 records inserted in traffic table.
Timer fired: Sat May  9 20:28:17 2026
5 records inserted in traffic table.
Timer fired: Sat May  9 20:28:22 2026
4 records inserted in traffic table.
Timer fired: Sat May  9 20:28:27 2026
7 records inserted in traffic table.
Timer fired: Sat May  9 20:28:32 2026
3 records inserted in traffic table.
Timer fired: Sat May  9 20:28:37 2026
7 records inserted in traffic table.
Timer fired: Sat May  9 20:28:42 2026
6 records inserted in traffic table.
Timer fired: Sat May  9 20:28:47 2026
6 records inserted in traffic table.
Timer fired: Sat May  9 20:28:52 2026
4 records inserted in traffic table.
Timer fired: Sat May  9 20:28:57 2026
5 records inserted in traffic table.
Timer fired: Sat May  9 20:29:02 2026
4 records inserted in traffic table.
Timer fired: Sat May  9 20:29:07 2026
5 records inserted in traffic table.
Timer fired: Sat May  9 20:29:12 2026
6 records inserted in traffic table.
Timer fired: Sat May  9 20:29:17 2026
5 records inserted in traffic table.
Timer fired: Sat May  9 20:29:22 2026
5 records inserted in traffic table.
Timer fired: Sat May  9 20:29:27 2026
6 records inserted in traffic table.
Timer fired: Sat May  9 20:29:32 2026
5 records inserted in traffic table.
Timer fired: Sat May  9 20:29:37 2026
8 records inserted in traffic table.
Timer fired: Sat May  9 20:29:42 2026
5 records inserted in traffic table.
Timer fired: Sat May  9 20:29:47 2026
5 records inserted in traffic table.
Timer fired: Sat May  9 20:29:52 2026
5 records inserted in traffic table.
Timer fired: Sat May  9 20:29:57 2026
8 records inserted in traffic table.
Timer fired: Sat May  9 20:30:02 2026
5 records inserted in traffic table.
Timer fired: Sat May  9 20:30:07 2026
5 records inserted in traffic table.
Timer fired: Sat May  9 20:30:12 2026
5 records inserted in traffic table.
Timer fired: Sat May  9 20:30:17 2026
5 records inserted in traffic table.
Timer fired: Sat May  9 20:30:22 2026
5 records inserted in traffic table.
Timer fired: Sat May  9 20:30:27 2026
6 records inserted in traffic table.
Timer fired: Sat May  9 20:30:32 2026
3 records inserted in traffic table.
Timer fired: Sat May  9 20:30:37 2026
8 records inserted in traffic table.
Timer fired: Sat May  9 20:30:42 2026
7 records inserted in traffic table.
Timer fired: Sat May  9 20:30:47 2026
5 records inserted in traffic table.
Timer fired: Sat May  9 20:30:52 2026
4 records inserted in traffic table.
Timer fired: Sat May  9 20:30:57 2026
6 records inserted in traffic table.
Timer fired: Sat May  9 20:31:02 2026
4 records inserted in traffic table.
Timer fired: Sat May  9 20:31:07 2026
5 records inserted in traffic table.
Timer fired: Sat May  9 20:31:12 2026
4 records inserted in traffic table.
Timer fired: Sat May  9 20:31:17 2026
5 records inserted in traffic table.
Timer fired: Sat May  9 20:31:22 2026
6 records inserted in traffic table.
Timer fired: Sat May  9 20:31:27 2026
9 records inserted in traffic table.
Timer fired: Sat May  9 20:31:32 2026
3 records inserted in traffic table.
Timer fired: Sat May  9 20:31:37 2026
7 records inserted in traffic table.
Timer fired: Sat May  9 20:31:42 2026
7 records inserted in traffic table.
Timer fired: Sat May  9 20:31:47 2026
4 records inserted in traffic table.
Timer fired: Sat May  9 20:31:52 2026
3 records inserted in traffic table.
Timer fired: Sat May  9 20:31:57 2026
5 records inserted in traffic table.
Timer fired: Sat May  9 20:32:02 2026
5 records inserted in traffic table.
Timer fired: Sat May  9 20:32:07 2026
8 records inserted in traffic table.
Timer fired: Sat May  9 20:32:12 2026
6 records inserted in traffic table.
Timer fired: Sat May  9 20:32:17 2026
5 records inserted in traffic table.
Timer fired: Sat May  9 20:32:22 2026
4 records inserted in traffic table.
Timer fired: Sat May  9 20:32:27 2026
8 records inserted in traffic table.
Timer fired: Sat May  9 20:32:32 2026
4 records inserted in traffic table.
Timer fired: Sat May  9 20:32:37 2026
6 records inserted in traffic table.
Timer fired: Sat May  9 20:32:42 2026
5 records inserted in traffic table.
Timer fired: Sat May  9 20:32:47 2026
4 records inserted in traffic table.
Timer fired: Sat May  9 20:32:52 2026
5 records inserted in traffic table.
Timer fired: Sat May  9 20:32:57 2026
4 records inserted in traffic table.
Timer fired: Sat May  9 20:33:02 2026
5 records inserted in traffic table.
Timer fired: Sat May  9 20:33:07 2026
6 records inserted in traffic table.
Timer fired: Sat May  9 20:33:12 2026
7 records inserted in traffic table.
Timer fired: Sat May  9 20:33:17 2026
5 records inserted in traffic table.
Timer fired: Sat May  9 20:33:22 2026
5 records inserted in traffic table.
Timer fired: Sat May  9 20:33:27 2026
6 records inserted in traffic table.
Timer fired: Sat May  9 20:33:32 2026
5 records inserted in traffic table.
Timer fired: Sat May  9 20:33:37 2026
12 records inserted in traffic table.
Timer fired: Sat May  9 20:33:42 2026
6 records inserted in traffic table.
Timer fired: Sat May  9 20:33:47 2026
4 records inserted in traffic table.
Timer fired: Sat May  9 20:33:52 2026
3 records inserted in traffic table.
Timer fired: Sat May  9 20:33:57 2026
5 records inserted in traffic table.
Timer fired: Sat May  9 20:34:02 2026
5 records inserted in traffic table.
Timer fired: Sat May  9 20:34:07 2026
5 records inserted in traffic table.
Timer fired: Sat May  9 20:34:12 2026
5 records inserted in traffic table.
Timer fired: Sat May  9 20:34:17 2026
7 records inserted in traffic table.
Timer fired: Sat May  9 20:34:22 2026
7 records inserted in traffic table.
Timer fired: Sat May  9 20:34:27 2026
4 records inserted in traffic table.
Timer fired: Sat May  9 20:34:32 2026
5 records inserted in traffic table.
Timer fired: Sat May  9 20:34:37 2026
9 records inserted in traffic table.
Timer fired: Sat May  9 20:34:42 2026
5 records inserted in traffic table.
Timer fired: Sat May  9 20:34:47 2026
3 records inserted in traffic table.
Timer fired: Sat May  9 20:34:52 2026
4 records inserted in traffic table.
Timer fired: Sat May  9 20:34:57 2026
7 records inserted in traffic table.
Timer fired: Sat May  9 20:35:02 2026
5 records inserted in traffic table.
Timer fired: Sat May  9 20:35:07 2026
6 records inserted in traffic table.
Timer fired: Sat May  9 20:35:12 2026
4 records inserted in traffic table.
Timer fired: Sat May  9 20:35:17 2026
5 records inserted in traffic table.
Timer fired: Sat May  9 20:35:22 2026
5 records inserted in traffic table.
Timer fired: Sat May  9 20:35:27 2026
4 records inserted in traffic table.
Timer fired: Sat May  9 20:35:32 2026
3 records inserted in traffic table.
Timer fired: Sat May  9 20:35:37 2026
8 records inserted in traffic table.
Timer fired: Sat May  9 20:35:42 2026
6 records inserted in traffic table.
Timer fired: Sat May  9 20:35:47 2026
3 records inserted in traffic table.
Timer fired: Sat May  9 20:35:52 2026
5 records inserted in traffic table.
Timer fired: Sat May  9 20:35:57 2026
6 records inserted in traffic table.
Timer fired: Sat May  9 20:36:02 2026
5 records inserted in traffic table.
Timer fired: Sat May  9 20:36:07 2026
4 records inserted in traffic table.
Timer fired: Sat May  9 20:36:12 2026
5 records inserted in traffic table.
Timer fired: Sat May  9 20:36:17 2026
6 records inserted in traffic table.
Timer fired: Sat May  9 20:36:22 2026
5 records inserted in traffic table.
Timer fired: Sat May  9 20:36:27 2026
5 records inserted in traffic table.
Timer fired: Sat May  9 20:36:32 2026
4 records inserted in traffic table.
Timer fired: Sat May  9 20:36:37 2026
11 records inserted in traffic table.
Timer fired: Sat May  9 20:36:42 2026
7 records inserted in traffic table.
Timer fired: Sat May  9 20:36:47 2026
3 records inserted in traffic table.
Timer fired: Sat May  9 20:36:52 2026
4 records inserted in traffic table.
Timer fired: Sat May  9 20:36:57 2026
5 records inserted in traffic table.
Timer fired: Sat May  9 20:37:02 2026
5 records inserted in traffic table.
Timer fired: Sat May  9 20:37:07 2026
5 records inserted in traffic table.
Timer fired: Sat May  9 20:37:12 2026
7 records inserted in traffic table.
Timer fired: Sat May  9 20:37:17 2026
5 records inserted in traffic table.
Timer fired: Sat May  9 20:37:22 2026
6 records inserted in traffic table.
Timer fired: Sat May  9 20:37:27 2026
5 records inserted in traffic table.
Timer fired: Sat May  9 20:37:32 2026
4 records inserted in traffic table.
Timer fired: Sat May  9 20:37:37 2026
9 records inserted in traffic table.
Timer fired: Sat May  9 20:37:42 2026
6 records inserted in traffic table.
Timer fired: Sat May  9 20:37:47 2026
4 records inserted in traffic table.
Timer fired: Sat May  9 20:37:52 2026
4 records inserted in traffic table.
Timer fired: Sat May  9 20:37:57 2026
6 records inserted in traffic table.
Timer fired: Sat May  9 20:38:02 2026
4 records inserted in traffic table.
Timer fired: Sat May  9 20:38:07 2026
6 records inserted in traffic table.
Timer fired: Sat May  9 20:38:12 2026
6 records inserted in traffic table.
Timer fired: Sat May  9 20:38:17 2026
6 records inserted in traffic table.
Timer fired: Sat May  9 20:38:22 2026
6 records inserted in traffic table.
Timer fired: Sat May  9 20:38:27 2026
5 records inserted in traffic table.
Timer fired: Sat May  9 20:38:32 2026
3 records inserted in traffic table.
Timer fired: Sat May  9 20:38:37 2026
8 records inserted in traffic table.
Timer fired: Sat May  9 20:38:42 2026
7 records inserted in traffic table.
Timer fired: Sat May  9 20:38:47 2026
5 records inserted in traffic table.
Timer fired: Sat May  9 20:38:52 2026
5 records inserted in traffic table.
Timer fired: Sat May  9 20:38:57 2026
8 records inserted in traffic table.
Timer fired: Sat May  9 20:39:02 2026
5 records inserted in traffic table.
Timer fired: Sat May  9 20:39:07 2026
4 records inserted in traffic table.
Timer fired: Sat May  9 20:39:12 2026
5 records inserted in traffic table.
Timer fired: Sat May  9 20:39:17 2026
6 records inserted in traffic table.
Timer fired: Sat May  9 20:39:22 2026
5 records inserted in traffic table.
Timer fired: Sat May  9 20:39:27 2026
4 records inserted in traffic table.
Timer fired: Sat May  9 20:39:32 2026
4 records inserted in traffic table.
Timer fired: Sat May  9 20:39:37 2026
10 records inserted in traffic table.
Timer fired: Sat May  9 20:39:42 2026
6 records inserted in traffic table.
Timer fired: Sat May  9 20:39:47 2026
4 records inserted in traffic table.
Timer fired: Sat May  9 20:39:52 2026
4 records inserted in traffic table.
Timer fired: Sat May  9 20:39:57 2026
7 records inserted in traffic table.
Timer fired: Sat May  9 20:40:02 2026
7 records inserted in traffic table.
Timer fired: Sat May  9 20:40:07 2026
4 records inserted in traffic table.
Timer fired: Sat May  9 20:40:12 2026
4 records inserted in traffic table.
Timer fired: Sat May  9 20:40:17 2026
5 records inserted in traffic table.
Timer fired: Sat May  9 20:40:22 2026
8 records inserted in traffic table.
Timer fired: Sat May  9 20:40:27 2026
6 records inserted in traffic table.
Timer fired: Sat May  9 20:40:32 2026
4 records inserted in traffic table.
Timer fired: Sat May  9 20:40:37 2026
8 records inserted in traffic table.
Timer fired: Sat May  9 20:40:42 2026
7 records inserted in traffic table.
Timer fired: Sat May  9 20:40:47 2026
5 records inserted in traffic table.
Timer fired: Sat May  9 20:40:52 2026
5 records inserted in traffic table.
Timer fired: Sat May  9 20:40:57 2026
7 records inserted in traffic table.
Timer fired: Sat May  9 20:41:02 2026
7 records inserted in traffic table.
Timer fired: Sat May  9 20:41:07 2026
7 records inserted in traffic table.
Timer fired: Sat May  9 20:41:12 2026
4 records inserted in traffic table.
Timer fired: Sat May  9 20:41:17 2026
5 records inserted in traffic table.
Timer fired: Sat May  9 20:41:22 2026
4 records inserted in traffic table.
Timer fired: Sat May  9 20:41:27 2026
5 records inserted in traffic table.
Timer fired: Sat May  9 20:41:32 2026
5 records inserted in traffic table.
Timer fired: Sat May  9 20:41:37 2026
8 records inserted in traffic table.
Timer fired: Sat May  9 20:41:42 2026
7 records inserted in traffic table.
Timer fired: Sat May  9 20:41:47 2026
3 records inserted in traffic table.
Timer fired: Sat May  9 20:41:52 2026
5 records inserted in traffic table.
Timer fired: Sat May  9 20:41:57 2026
5 records inserted in traffic table.
Timer fired: Sat May  9 20:42:02 2026
5 records inserted in traffic table.
Timer fired: Sat May  9 20:42:07 2026
4 records inserted in traffic table.
Timer fired: Sat May  9 20:42:12 2026
5 records inserted in traffic table.
Timer fired: Sat May  9 20:42:17 2026
7 records inserted in traffic table.
Timer fired: Sat May  9 20:42:22 2026
5 records inserted in traffic table.
Timer fired: Sat May  9 20:42:27 2026
8 records inserted in traffic table.
Timer fired: Sat May  9 20:42:32 2026
5 records inserted in traffic table.
Timer fired: Sat May  9 20:42:37 2026
10 records inserted in traffic table.
Timer fired: Sat May  9 20:42:42 2026
6 records inserted in traffic table.
Timer fired: Sat May  9 20:42:47 2026
3 records inserted in traffic table.
Timer fired: Sat May  9 20:42:52 2026
4 records inserted in traffic table.
Timer fired: Sat May  9 20:42:57 2026
8 records inserted in traffic table.
Timer fired: Sat May  9 20:43:02 2026
6 records inserted in traffic table.
Timer fired: Sat May  9 20:43:07 2026
6 records inserted in traffic table.
Timer fired: Sat May  9 20:43:12 2026
6 records inserted in traffic table.
Timer fired: Sat May  9 20:43:17 2026
7 records inserted in traffic table.
Timer fired: Sat May  9 20:43:22 2026
7 records inserted in traffic table.
Timer fired: Sat May  9 20:43:27 2026
4 records inserted in traffic table.
Timer fired: Sat May  9 20:43:32 2026
4 records inserted in traffic table.
Timer fired: Sat May  9 20:43:37 2026
9 records inserted in traffic table.
Timer fired: Sat May  9 20:43:42 2026
7 records inserted in traffic table.
Timer fired: Sat May  9 20:43:47 2026
4 records inserted in traffic table.
Timer fired: Sat May  9 20:43:52 2026
4 records inserted in traffic table.
Timer fired: Sat May  9 20:43:57 2026
7 records inserted in traffic table.
Timer fired: Sat May  9 20:44:02 2026
4 records inserted in traffic table.
Timer fired: Sat May  9 20:44:07 2026
7 records inserted in traffic table.
Timer fired: Sat May  9 20:44:12 2026
4 records inserted in traffic table.
Timer fired: Sat May  9 20:44:17 2026
6 records inserted in traffic table.
Timer fired: Sat May  9 20:44:22 2026
5 records inserted in traffic table.
Timer fired: Sat May  9 20:44:27 2026
3 records inserted in traffic table.
Timer fired: Sat May  9 20:44:32 2026
8 records inserted in traffic table.
Timer fired: Sat May  9 20:44:37 2026
7 records inserted in traffic table.
Timer fired: Sat May  9 20:44:42 2026
6 records inserted in traffic table.
Timer fired: Sat May  9 20:44:47 2026
4 records inserted in traffic table.
Timer fired: Sat May  9 20:44:52 2026
6 records inserted in traffic table.
Timer fired: Sat May  9 20:44:57 2026
6 records inserted in traffic table.
Timer fired: Sat May  9 20:45:02 2026
5 records inserted in traffic table.
Timer fired: Sat May  9 20:45:07 2026
4 records inserted in traffic table.
Timer fired: Sat May  9 20:45:12 2026
4 records inserted in traffic table.
Timer fired: Sat May  9 20:45:17 2026
8 records inserted in traffic table.
Timer fired: Sat May  9 20:45:22 2026
5 records inserted in traffic table.
Timer fired: Sat May  9 20:45:27 2026
6 records inserted in traffic table.
Timer fired: Sat May  9 20:45:32 2026
5 records inserted in traffic table.
Timer fired: Sat May  9 20:45:37 2026
10 records inserted in traffic table.
Timer fired: Sat May  9 20:45:42 2026
6 records inserted in traffic table.
Timer fired: Sat May  9 20:45:47 2026
4 records inserted in traffic table.
Timer fired: Sat May  9 20:45:52 2026
5 records inserted in traffic table.
Timer fired: Sat May  9 20:45:57 2026
5 records inserted in traffic table.
Timer fired: Sat May  9 20:46:02 2026
4 records inserted in traffic table.
Timer fired: Sat May  9 20:46:07 2026
4 records inserted in traffic table.
Timer fired: Sat May  9 20:46:12 2026
8 records inserted in traffic table.
Timer fired: Sat May  9 20:46:17 2026
10 records inserted in traffic table.
Timer fired: Sat May  9 20:46:22 2026
9 records inserted in traffic table.
Timer fired: Sat May  9 20:46:27 2026
6 records inserted in traffic table.
Timer fired: Sat May  9 20:46:32 2026
4 records inserted in traffic table.
Timer fired: Sat May  9 20:46:37 2026
7 records inserted in traffic table.
Timer fired: Sat May  9 20:46:42 2026
5 records inserted in traffic table.
Timer fired: Sat May  9 20:46:47 2026
4 records inserted in traffic table.
Timer fired: Sat May  9 20:46:52 2026
4 records inserted in traffic table.
Timer fired: Sat May  9 20:46:57 2026
6 records inserted in traffic table.
Timer fired: Sat May  9 20:47:02 2026
8 records inserted in traffic table.
Timer fired: Sat May  9 20:47:07 2026
4 records inserted in traffic table.
Timer fired: Sat May  9 20:47:12 2026
7 records inserted in traffic table.
Timer fired: Sat May  9 20:47:17 2026
7 records inserted in traffic table.
Timer fired: Sat May  9 20:47:22 2026
3 records inserted in traffic table.
Timer fired: Sat May  9 20:47:27 2026
5 records inserted in traffic table.
Timer fired: Sat May  9 20:47:32 2026
8 records inserted in traffic table.
Timer fired: Sat May  9 20:47:37 2026
9 records inserted in traffic table.
Timer fired: Sat May  9 20:47:42 2026
5 records inserted in traffic table.
Timer fired: Sat May  9 20:47:47 2026
5 records inserted in traffic table.
Timer fired: Sat May  9 20:47:52 2026
5 records inserted in traffic table.
Timer fired: Sat May  9 20:47:57 2026
7 records inserted in traffic table.
Timer fired: Sat May  9 20:48:02 2026
5 records inserted in traffic table.
Timer fired: Sat May  9 20:48:07 2026
4 records inserted in traffic table.
Timer fired: Sat May  9 20:48:12 2026
5 records inserted in traffic table.
Timer fired: Sat May  9 20:48:17 2026
9 records inserted in traffic table.
Timer fired: Sat May  9 20:48:22 2026
5 records inserted in traffic table.
Timer fired: Sat May  9 20:48:27 2026
5 records inserted in traffic table.
Timer fired: Sat May  9 20:48:32 2026
4 records inserted in traffic table.
Timer fired: Sat May  9 20:48:37 2026
8 records inserted in traffic table.
Timer fired: Sat May  9 20:48:42 2026
8 records inserted in traffic table.
Timer fired: Sat May  9 20:48:47 2026
8 records inserted in traffic table.
Timer fired: Sat May  9 20:48:52 2026
4 records inserted in traffic table.
Timer fired: Sat May  9 20:48:57 2026
8 records inserted in traffic table.
Timer fired: Sat May  9 20:49:02 2026
5 records inserted in traffic table.
Timer fired: Sat May  9 20:49:07 2026
4 records inserted in traffic table.
Timer fired: Sat May  9 20:49:12 2026
4 records inserted in traffic table.
Timer fired: Sat May  9 20:49:17 2026
8 records inserted in traffic table.
Timer fired: Sat May  9 20:49:22 2026
6 records inserted in traffic table.
Timer fired: Sat May  9 20:49:27 2026
8 records inserted in traffic table.
Timer fired: Sat May  9 20:49:32 2026
8 records inserted in traffic table.
Timer fired: Sat May  9 20:49:37 2026
10 records inserted in traffic table.
Timer fired: Sat May  9 20:49:42 2026
6 records inserted in traffic table.
Timer fired: Sat May  9 20:49:47 2026
6 records inserted in traffic table.
Timer fired: Sat May  9 20:49:52 2026
3 records inserted in traffic table.
Timer fired: Sat May  9 20:49:57 2026
5 records inserted in traffic table.
Timer fired: Sat May  9 20:50:02 2026
8 records inserted in traffic table.
Timer fired: Sat May  9 20:50:07 2026
5 records inserted in traffic table.
Timer fired: Sat May  9 20:50:12 2026
7 records inserted in traffic table.
Timer fired: Sat May  9 20:50:17 2026
8 records inserted in traffic table.
Timer fired: Sat May  9 20:50:22 2026
4 records inserted in traffic table.
Timer fired: Sat May  9 20:50:27 2026
4 records inserted in traffic table.
Timer fired: Sat May  9 20:50:32 2026
7 records inserted in traffic table.
Timer fired: Sat May  9 20:50:37 2026
8 records inserted in traffic table.
Timer fired: Sat May  9 20:50:42 2026
6 records inserted in traffic table.
Timer fired: Sat May  9 20:50:47 2026
7 records inserted in traffic table.
Timer fired: Sat May  9 20:50:52 2026
3 records inserted in traffic table.
Timer fired: Sat May  9 20:50:57 2026
7 records inserted in traffic table.
Timer fired: Sat May  9 20:51:02 2026
4 records inserted in traffic table.
Timer fired: Sat May  9 20:51:07 2026
4 records inserted in traffic table.
Timer fired: Sat May  9 20:51:12 2026
5 records inserted in traffic table.
Timer fired: Sat May  9 20:51:17 2026
7 records inserted in traffic table.
Timer fired: Sat May  9 20:51:22 2026
5 records inserted in traffic table.
Timer fired: Sat May  9 20:51:27 2026
4 records inserted in traffic table.
Timer fired: Sat May  9 20:51:32 2026
7 records inserted in traffic table.
Timer fired: Sat May  9 20:51:37 2026
9 records inserted in traffic table.
Timer fired: Sat May  9 20:51:42 2026
9 records inserted in traffic table.
Timer fired: Sat May  9 20:51:47 2026
5 records inserted in traffic table.
Timer fired: Sat May  9 20:51:52 2026
3 records inserted in traffic table.
Timer fired: Sat May  9 20:51:57 2026
6 records inserted in traffic table.
Timer fired: Sat May  9 20:52:02 2026
7 records inserted in traffic table.
Timer fired: Sat May  9 20:52:07 2026
5 records inserted in traffic table.
Timer fired: Sat May  9 20:52:12 2026
7 records inserted in traffic table.
Timer fired: Sat May  9 20:52:17 2026
8 records inserted in traffic table.
Timer fired: Sat May  9 20:52:22 2026
4 records inserted in traffic table.
Timer fired: Sat May  9 20:52:27 2026
7 records inserted in traffic table.
Timer fired: Sat May  9 20:52:32 2026
6 records inserted in traffic table.
Timer fired: Sat May  9 20:52:37 2026
10 records inserted in traffic table.
Timer fired: Sat May  9 20:52:42 2026
6 records inserted in traffic table.
Timer fired: Sat May  9 20:52:47 2026
3 records inserted in traffic table.
Timer fired: Sat May  9 20:52:52 2026
4 records inserted in traffic table.
Timer fired: Sat May  9 20:52:57 2026
6 records inserted in traffic table.
Timer fired: Sat May  9 20:53:02 2026
6 records inserted in traffic table.
Timer fired: Sat May  9 20:53:07 2026
3 records inserted in traffic table.
Timer fired: Sat May  9 20:53:12 2026
6 records inserted in traffic table.
Timer fired: Sat May  9 20:53:17 2026
7 records inserted in traffic table.
Timer fired: Sat May  9 20:53:22 2026
6 records inserted in traffic table.
Timer fired: Sat May  9 20:53:27 2026
5 records inserted in traffic table.
Timer fired: Sat May  9 20:53:32 2026
5 records inserted in traffic table.
Timer fired: Sat May  9 20:53:37 2026
8 records inserted in traffic table.
Timer fired: Sat May  9 20:53:42 2026
5 records inserted in traffic table.
Timer fired: Sat May  9 20:53:47 2026
5 records inserted in traffic table.
Timer fired: Sat May  9 20:53:52 2026
4 records inserted in traffic table.
Timer fired: Sat May  9 20:53:57 2026
7 records inserted in traffic table.
Timer fired: Sat May  9 20:54:02 2026
5 records inserted in traffic table.
Timer fired: Sat May  9 20:54:07 2026
4 records inserted in traffic table.
Timer fired: Sat May  9 20:54:12 2026
4 records inserted in traffic table.
Timer fired: Sat May  9 20:54:17 2026
7 records inserted in traffic table.
Timer fired: Sat May  9 20:54:22 2026
5 records inserted in traffic table.
Timer fired: Sat May  9 20:54:27 2026
4 records inserted in traffic table.
Timer fired: Sat May  9 20:54:32 2026
6 records inserted in traffic table.
Timer fired: Sat May  9 20:54:37 2026
9 records inserted in traffic table.
Timer fired: Sat May  9 20:54:42 2026
7 records inserted in traffic table.
Timer fired: Sat May  9 20:54:47 2026
3 records inserted in traffic table.
Timer fired: Sat May  9 20:54:52 2026
4 records inserted in traffic table.
Timer fired: Sat May  9 20:54:57 2026
6 records inserted in traffic table.
Timer fired: Sat May  9 20:55:02 2026
6 records inserted in traffic table.
Timer fired: Sat May  9 20:55:07 2026
4 records inserted in traffic table.
Timer fired: Sat May  9 20:55:12 2026
4 records inserted in traffic table.
Timer fired: Sat May  9 20:55:17 2026
6 records inserted in traffic table.
Timer fired: Sat May  9 20:55:22 2026
5 records inserted in traffic table.
Timer fired: Sat May  9 20:55:27 2026
7 records inserted in traffic table.
Timer fired: Sat May  9 20:55:32 2026
5 records inserted in traffic table.
Timer fired: Sat May  9 20:55:37 2026
10 records inserted in traffic table.
Timer fired: Sat May  9 20:55:42 2026
6 records inserted in traffic table.
Timer fired: Sat May  9 20:55:47 2026
5 records inserted in traffic table.
Timer fired: Sat May  9 20:55:52 2026
3 records inserted in traffic table.
Timer fired: Sat May  9 20:55:57 2026
5 records inserted in traffic table.
Timer fired: Sat May  9 20:56:02 2026
4 records inserted in traffic table.
Timer fired: Sat May  9 20:56:07 2026
5 records inserted in traffic table.
Timer fired: Sat May  9 20:56:12 2026
7 records inserted in traffic table.
Timer fired: Sat May  9 20:56:17 2026
7 records inserted in traffic table.
Timer fired: Sat May  9 20:56:22 2026
5 records inserted in traffic table.
Timer fired: Sat May  9 20:56:27 2026
5 records inserted in traffic table.
Timer fired: Sat May  9 20:56:32 2026
6 records inserted in traffic table.
Timer fired: Sat May  9 20:56:37 2026
9 records inserted in traffic table.
Timer fired: Sat May  9 20:56:42 2026
6 records inserted in traffic table.
Timer fired: Sat May  9 20:56:47 2026
4 records inserted in traffic table.
Timer fired: Sat May  9 20:56:52 2026
3 records inserted in traffic table.
Timer fired: Sat May  9 20:56:57 2026
8 records inserted in traffic table.
Timer fired: Sat May  9 20:57:02 2026
5 records inserted in traffic table.
Timer fired: Sat May  9 20:57:07 2026
6 records inserted in traffic table.
Timer fired: Sat May  9 20:57:12 2026
5 records inserted in traffic table.
Timer fired: Sat May  9 20:57:17 2026
7 records inserted in traffic table.
Timer fired: Sat May  9 20:57:22 2026
3 records inserted in traffic table.
Timer fired: Sat May  9 20:57:27 2026
5 records inserted in traffic table.
Timer fired: Sat May  9 20:57:32 2026
6 records inserted in traffic table.
Timer fired: Sat May  9 20:57:37 2026
9 records inserted in traffic table.
Timer fired: Sat May  9 20:57:42 2026
7 records inserted in traffic table.
Timer fired: Sat May  9 20:57:47 2026
3 records inserted in traffic table.
Timer fired: Sat May  9 20:57:52 2026
4 records inserted in traffic table.
Timer fired: Sat May  9 20:57:57 2026
5 records inserted in traffic table.
Timer fired: Sat May  9 20:58:02 2026
9 records inserted in traffic table.
Timer fired: Sat May  9 20:58:07 2026
6 records inserted in traffic table.
Timer fired: Sat May  9 20:58:12 2026
4 records inserted in traffic table.
Timer fired: Sat May  9 20:58:17 2026
8 records inserted in traffic table.
Timer fired: Sat May  9 20:58:22 2026
6 records inserted in traffic table.
Timer fired: Sat May  9 20:58:27 2026
6 records inserted in traffic table.
Timer fired: Sat May  9 20:58:32 2026
5 records inserted in traffic table.
Timer fired: Sat May  9 20:58:37 2026
11 records inserted in traffic table.
Timer fired: Sat May  9 20:58:42 2026
7 records inserted in traffic table.
Timer fired: Sat May  9 20:58:47 2026
7 records inserted in traffic table.
Timer fired: Sat May  9 20:58:52 2026
4 records inserted in traffic table.
Timer fired: Sat May  9 20:58:57 2026
7 records inserted in traffic table.
Timer fired: Sat May  9 20:59:02 2026
6 records inserted in traffic table.
Timer fired: Sat May  9 20:59:07 2026
4 records inserted in traffic table.
Timer fired: Sat May  9 20:59:12 2026
6 records inserted in traffic table.
Timer fired: Sat May  9 20:59:17 2026
7 records inserted in traffic table.
Timer fired: Sat May  9 20:59:22 2026
4 records inserted in traffic table.
Timer fired: Sat May  9 20:59:27 2026
4 records inserted in traffic table.
Timer fired: Sat May  9 20:59:32 2026
7 records inserted in traffic table.
Timer fired: Sat May  9 20:59:37 2026
8 records inserted in traffic table.
Timer fired: Sat May  9 20:59:42 2026
8 records inserted in traffic table.
Timer fired: Sat May  9 20:59:47 2026
4 records inserted in traffic table.
Timer fired: Sat May  9 20:59:52 2026
4 records inserted in traffic table.
Timer fired: Sat May  9 20:59:57 2026
7 records inserted in traffic table.
Timer fired: Sat May  9 21:00:02 2026
8 records inserted in traffic table.
Timer fired: Sat May  9 21:00:07 2026
6 records inserted in traffic table.
Timer fired: Sat May  9 21:00:12 2026
5 records inserted in traffic table.
Timer fired: Sat May  9 21:00:17 2026
6 records inserted in traffic table.
Timer fired: Sat May  9 21:00:22 2026
5 records inserted in traffic table.
Timer fired: Sat May  9 21:00:27 2026
4 records inserted in traffic table.
Timer fired: Sat May  9 21:00:32 2026
6 records inserted in traffic table.
Timer fired: Sat May  9 21:00:37 2026
10 records inserted in traffic table.
Timer fired: Sat May  9 21:00:42 2026
8 records inserted in traffic table.
Timer fired: Sat May  9 21:00:47 2026
4 records inserted in traffic table.
Timer fired: Sat May  9 21:00:52 2026
5 records inserted in traffic table.
Timer fired: Sat May  9 21:00:57 2026
5 records inserted in traffic table.
Timer fired: Sat May  9 21:01:02 2026
4 records inserted in traffic table.
Timer fired: Sat May  9 21:01:07 2026
6 records inserted in traffic table.
Timer fired: Sat May  9 21:01:12 2026
7 records inserted in traffic table.
Timer fired: Sat May  9 21:01:17 2026
9 records inserted in traffic table.
Timer fired: Sat May  9 21:01:22 2026
4 records inserted in traffic table.
Timer fired: Sat May  9 21:01:27 2026
8 records inserted in traffic table.
Timer fired: Sat May  9 21:01:32 2026
6 records inserted in traffic table.
Timer fired: Sat May  9 21:01:37 2026
11 records inserted in traffic table.
Timer fired: Sat May  9 21:01:42 2026
7 records inserted in traffic table.
Timer fired: Sat May  9 21:01:47 2026
6 records inserted in traffic table.
Timer fired: Sat May  9 21:01:52 2026
4 records inserted in traffic table.
Timer fired: Sat May  9 21:01:57 2026
7 records inserted in traffic table.
Timer fired: Sat May  9 21:02:02 2026
7 records inserted in traffic table.
Timer fired: Sat May  9 21:02:07 2026
8 records inserted in traffic table.
Timer fired: Sat May  9 21:02:12 2026
6 records inserted in traffic table.
Timer fired: Sat May  9 21:02:17 2026
7 records inserted in traffic table.
Timer fired: Sat May  9 21:02:22 2026
4 records inserted in traffic table.
Timer fired: Sat May  9 21:02:27 2026
4 records inserted in traffic table.
Timer fired: Sat May  9 21:02:32 2026
4 records inserted in traffic table.
Timer fired: Sat May  9 21:02:37 2026
9 records inserted in traffic table.
Timer fired: Sat May  9 21:02:42 2026
5 records inserted in traffic table.
Timer fired: Sat May  9 21:02:47 2026
3 records inserted in traffic table.
Timer fired: Sat May  9 21:02:52 2026
6 records inserted in traffic table.
Timer fired: Sat May  9 21:02:57 2026
7 records inserted in traffic table.
Timer fired: Sat May  9 21:03:02 2026
4 records inserted in traffic table.
Timer fired: Sat May  9 21:03:07 2026
7 records inserted in traffic table.
Timer fired: Sat May  9 21:03:12 2026
5 records inserted in traffic table.
Timer fired: Sat May  9 21:03:17 2026
7 records inserted in traffic table.
Timer fired: Sat May  9 21:03:22 2026
5 records inserted in traffic table.
Timer fired: Sat May  9 21:03:27 2026
5 records inserted in traffic table.
Timer fired: Sat May  9 21:03:32 2026
6 records inserted in traffic table.
Timer fired: Sat May  9 21:03:37 2026
8 records inserted in traffic table.
Timer fired: Sat May  9 21:03:42 2026
8 records inserted in traffic table.
Timer fired: Sat May  9 21:03:47 2026
3 records inserted in traffic table.
Timer fired: Sat May  9 21:03:52 2026
3 records inserted in traffic table.
Timer fired: Sat May  9 21:03:57 2026
7 records inserted in traffic table.
Timer fired: Sat May  9 21:04:02 2026
8 records inserted in traffic table.
Timer fired: Sat May  9 21:04:07 2026
4 records inserted in traffic table.
Timer fired: Sat May  9 21:04:12 2026
4 records inserted in traffic table.
Timer fired: Sat May  9 21:04:17 2026
6 records inserted in traffic table.
Timer fired: Sat May  9 21:04:22 2026
5 records inserted in traffic table.
Timer fired: Sat May  9 21:04:27 2026
8 records inserted in traffic table.
Timer fired: Sat May  9 21:04:32 2026
5 records inserted in traffic table.
Timer fired: Sat May  9 21:04:37 2026
7 records inserted in traffic table.
Timer fired: Sat May  9 21:04:42 2026
6 records inserted in traffic table.
Timer fired: Sat May  9 21:04:47 2026
4 records inserted in traffic table.
Timer fired: Sat May  9 21:04:52 2026
4 records inserted in traffic table.
Timer fired: Sat May  9 21:04:57 2026
6 records inserted in traffic table.
Timer fired: Sat May  9 21:05:02 2026
6 records inserted in traffic table.
Timer fired: Sat May  9 21:05:07 2026
4 records inserted in traffic table.
Timer fired: Sat May  9 21:05:12 2026
8 records inserted in traffic table.
Timer fired: Sat May  9 21:05:17 2026
5 records inserted in traffic table.
Timer fired: Sat May  9 21:05:22 2026
6 records inserted in traffic table.
Timer fired: Sat May  9 21:05:27 2026
6 records inserted in traffic table.
Timer fired: Sat May  9 21:05:32 2026
5 records inserted in traffic table.
Timer fired: Sat May  9 21:05:37 2026
7 records inserted in traffic table.
Timer fired: Sat May  9 21:05:42 2026
7 records inserted in traffic table.
Timer fired: Sat May  9 21:05:47 2026
4 records inserted in traffic table.
Timer fired: Sat May  9 21:05:52 2026
5 records inserted in traffic table.
Timer fired: Sat May  9 21:05:57 2026
6 records inserted in traffic table.
Timer fired: Sat May  9 21:06:02 2026
5 records inserted in traffic table.
Timer fired: Sat May  9 21:06:07 2026
5 records inserted in traffic table.
Timer fired: Sat May  9 21:06:12 2026
6 records inserted in traffic table.
Timer fired: Sat May  9 21:06:17 2026
4 records inserted in traffic table.
Timer fired: Sat May  9 21:06:22 2026
4 records inserted in traffic table.
Timer fired: Sat May  9 21:06:27 2026
6 records inserted in traffic table.
Timer fired: Sat May  9 21:06:32 2026
9 records inserted in traffic table.
Timer fired: Sat May  9 21:06:37 2026
6 records inserted in traffic table.
Timer fired: Sat May  9 21:06:42 2026
12 records inserted in traffic table.
Timer fired: Sat May  9 21:06:47 2026
8 records inserted in traffic table.
Timer fired: Sat May  9 21:06:52 2026
6 records inserted in traffic table.
Timer fired: Sat May  9 21:06:57 2026
6 records inserted in traffic table.
Timer fired: Sat May  9 21:07:02 2026
8 records inserted in traffic table.
Timer fired: Sat May  9 21:07:07 2026
4 records inserted in traffic table.
Timer fired: Sat May  9 21:07:12 2026
7 records inserted in traffic table.
Timer fired: Sat May  9 21:07:17 2026
6 records inserted in traffic table.
Timer fired: Sat May  9 21:07:22 2026
5 records inserted in traffic table.
Timer fired: Sat May  9 21:07:27 2026
4 records inserted in traffic table.
Timer fired: Sat May  9 21:07:32 2026
7 records inserted in traffic table.
Timer fired: Sat May  9 21:07:37 2026
6 records inserted in traffic table.
Timer fired: Sat May  9 21:07:42 2026
6 records inserted in traffic table.
Timer fired: Sat May  9 21:07:47 2026
7 records inserted in traffic table.
Timer fired: Sat May  9 21:07:52 2026
5 records inserted in traffic table.
Timer fired: Sat May  9 21:07:57 2026
5 records inserted in traffic table.
Timer fired: Sat May  9 21:08:02 2026
6 records inserted in traffic table.
Timer fired: Sat May  9 21:08:07 2026
3 records inserted in traffic table.
Timer fired: Sat May  9 21:08:12 2026
8 records inserted in traffic table.
Timer fired: Sat May  9 21:08:17 2026
7 records inserted in traffic table.
Timer fired: Sat May  9 21:08:22 2026
4 records inserted in traffic table.
Timer fired: Sat May  9 21:08:27 2026
4 records inserted in traffic table.
Timer fired: Sat May  9 21:08:32 2026
7 records inserted in traffic table.
Timer fired: Sat May  9 21:08:37 2026
5 records inserted in traffic table.
Timer fired: Sat May  9 21:08:42 2026
13 records inserted in traffic table.
Timer fired: Sat May  9 21:08:47 2026
8 records inserted in traffic table.
Timer fired: Sat May  9 21:08:52 2026
5 records inserted in traffic table.
Timer fired: Sat May  9 21:08:57 2026
6 records inserted in traffic table.
Timer fired: Sat May  9 21:09:02 2026
6 records inserted in traffic table.
Timer fired: Sat May  9 21:09:07 2026
3 records inserted in traffic table.
Timer fired: Sat May  9 21:09:12 2026
5 records inserted in traffic table.
Timer fired: Sat May  9 21:09:17 2026
6 records inserted in traffic table.
Timer fired: Sat May  9 21:09:22 2026
5 records inserted in traffic table.
Timer fired: Sat May  9 21:09:27 2026
4 records inserted in traffic table.
Timer fired: Sat May  9 21:09:32 2026
7 records inserted in traffic table.
Timer fired: Sat May  9 21:09:37 2026
6 records inserted in traffic table.
Timer fired: Sat May  9 21:09:42 2026
7 records inserted in traffic table.
Timer fired: Sat May  9 21:09:47 2026
5 records inserted in traffic table.
Timer fired: Sat May  9 21:09:52 2026
5 records inserted in traffic table.
Timer fired: Sat May  9 21:09:57 2026
4 records inserted in traffic table.
Timer fired: Sat May  9 21:10:02 2026
7 records inserted in traffic table.
Timer fired: Sat May  9 21:10:07 2026
3 records inserted in traffic table.
Timer fired: Sat May  9 21:10:12 2026
5 records inserted in traffic table.
Timer fired: Sat May  9 21:10:17 2026
6 records inserted in traffic table.
Timer fired: Sat May  9 21:10:22 2026
6 records inserted in traffic table.
Timer fired: Sat May  9 21:10:27 2026
7 records inserted in traffic table.
Timer fired: Sat May  9 21:10:32 2026
7 records inserted in traffic table.
Timer fired: Sat May  9 21:10:37 2026
6 records inserted in traffic table.
Timer fired: Sat May  9 21:10:42 2026
6 records inserted in traffic table.
Timer fired: Sat May  9 21:10:47 2026
4 records inserted in traffic table.
Timer fired: Sat May  9 21:10:52 2026
7 records inserted in traffic table.
Timer fired: Sat May  9 21:10:57 2026
6 records inserted in traffic table.
Timer fired: Sat May  9 21:11:02 2026
7 records inserted in traffic table.
Timer fired: Sat May  9 21:11:07 2026
4 records inserted in traffic table.
Timer fired: Sat May  9 21:11:12 2026
5 records inserted in traffic table.
Timer fired: Sat May  9 21:11:17 2026
7 records inserted in traffic table.
Timer fired: Sat May  9 21:11:22 2026
5 records inserted in traffic table.
Timer fired: Sat May  9 21:11:27 2026
4 records inserted in traffic table.
Timer fired: Sat May  9 21:11:32 2026
6 records inserted in traffic table.
Timer fired: Sat May  9 21:11:37 2026
7 records inserted in traffic table.
Timer fired: Sat May  9 21:11:42 2026
7 records inserted in traffic table.
Timer fired: Sat May  9 21:11:47 2026
4 records inserted in traffic table.
Timer fired: Sat May  9 21:11:52 2026
6 records inserted in traffic table.
Timer fired: Sat May  9 21:11:57 2026
5 records inserted in traffic table.
Timer fired: Sat May  9 21:12:02 2026
6 records inserted in traffic table.
Timer fired: Sat May  9 21:12:07 2026
3 records inserted in traffic table.
Timer fired: Sat May  9 21:12:12 2026
4 records inserted in traffic table.
Timer fired: Sat May  9 21:12:17 2026
5 records inserted in traffic table.
Timer fired: Sat May  9 21:12:22 2026
6 records inserted in traffic table.
Timer fired: Sat May  9 21:12:27 2026
5 records inserted in traffic table.
Timer fired: Sat May  9 21:12:32 2026
7 records inserted in traffic table.
Timer fired: Sat May  9 21:12:37 2026
8 records inserted in traffic table.
Timer fired: Sat May  9 21:12:42 2026
8 records inserted in traffic table.
Timer fired: Sat May  9 21:12:47 2026
5 records inserted in traffic table.
Timer fired: Sat May  9 21:12:52 2026
4 records inserted in traffic table.
Timer fired: Sat May  9 21:12:57 2026
5 records inserted in traffic table.
Timer fired: Sat May  9 21:13:02 2026
7 records inserted in traffic table.
Timer fired: Sat May  9 21:13:07 2026
5 records inserted in traffic table.
Timer fired: Sat May  9 21:13:12 2026
5 records inserted in traffic table.
Timer fired: Sat May  9 21:13:17 2026
5 records inserted in traffic table.
Timer fired: Sat May  9 21:13:22 2026
12 records inserted in traffic table.
Timer fired: Sat May  9 21:13:27 2026
6 records inserted in traffic table.
Timer fired: Sat May  9 21:13:32 2026
8 records inserted in traffic table.
Timer fired: Sat May  9 21:13:37 2026
8 records inserted in traffic table.
Timer fired: Sat May  9 21:13:42 2026
6 records inserted in traffic table.
Timer fired: Sat May  9 21:13:47 2026
3 records inserted in traffic table.
Timer fired: Sat May  9 21:13:52 2026
4 records inserted in traffic table.
Timer fired: Sat May  9 21:13:57 2026
4 records inserted in traffic table.
Timer fired: Sat May  9 21:14:02 2026
6 records inserted in traffic table.
Timer fired: Sat May  9 21:14:07 2026
4 records inserted in traffic table.
Timer fired: Sat May  9 21:14:12 2026
8 records inserted in traffic table.
Timer fired: Sat May  9 21:14:17 2026
5 records inserted in traffic table.
Timer fired: Sat May  9 21:14:22 2026
6 records inserted in traffic table.
Timer fired: Sat May  9 21:14:27 2026
6 records inserted in traffic table.
Timer fired: Sat May  9 21:14:32 2026
7 records inserted in traffic table.
Timer fired: Sat May  9 21:14:37 2026
6 records inserted in traffic table.
Timer fired: Sat May  9 21:14:42 2026
7 records inserted in traffic table.
Timer fired: Sat May  9 21:14:47 2026
3 records inserted in traffic table.
Timer fired: Sat May  9 21:14:52 2026
4 records inserted in traffic table.
Timer fired: Sat May  9 21:14:57 2026
5 records inserted in traffic table.
Timer fired: Sat May  9 21:15:02 2026
8 records inserted in traffic table.
Timer fired: Sat May  9 21:15:07 2026
3 records inserted in traffic table.
Timer fired: Sat May  9 21:15:12 2026
4 records inserted in traffic table.
Timer fired: Sat May  9 21:15:17 2026
5 records inserted in traffic table.
Timer fired: Sat May  9 21:15:22 2026
5 records inserted in traffic table.
Timer fired: Sat May  9 21:15:27 2026
5 records inserted in traffic table.
Timer fired: Sat May  9 21:15:32 2026
7 records inserted in traffic table.
Timer fired: Sat May  9 21:15:37 2026
7 records inserted in traffic table.
Timer fired: Sat May  9 21:15:42 2026
7 records inserted in traffic table.
Timer fired: Sat May  9 21:15:47 2026
5 records inserted in traffic table.
Timer fired: Sat May  9 21:15:52 2026
5 records inserted in traffic table.
Timer fired: Sat May  9 21:15:57 2026
3 records inserted in traffic table.
Timer fired: Sat May  9 21:16:02 2026
6 records inserted in traffic table.
Timer fired: Sat May  9 21:16:07 2026
4 records inserted in traffic table.
Timer fired: Sat May  9 21:16:12 2026
5 records inserted in traffic table.
Timer fired: Sat May  9 21:16:17 2026
7 records inserted in traffic table.
Timer fired: Sat May  9 21:16:22 2026
7 records inserted in traffic table.
Timer fired: Sat May  9 21:16:27 2026
4 records inserted in traffic table.
Timer fired: Sat May  9 21:16:32 2026
8 records inserted in traffic table.
Timer fired: Sat May  9 21:16:37 2026
7 records inserted in traffic table.
Timer fired: Sat May  9 21:16:42 2026
7 records inserted in traffic table.
Timer fired: Sat May  9 21:16:47 2026
4 records inserted in traffic table.
Timer fired: Sat May  9 21:16:52 2026
5 records inserted in traffic table.
Timer fired: Sat May  9 21:16:57 2026
4 records inserted in traffic table.
Timer fired: Sat May  9 21:17:02 2026
5 records inserted in traffic table.
Timer fired: Sat May  9 21:17:07 2026
4 records inserted in traffic table.
Timer fired: Sat May  9 21:17:12 2026
6 records inserted in traffic table.
Timer fired: Sat May  9 21:17:17 2026
8 records inserted in traffic table.
Timer fired: Sat May  9 21:17:22 2026
6 records inserted in traffic table.
Timer fired: Sat May  9 21:17:27 2026
4 records inserted in traffic table.
Timer fired: Sat May  9 21:17:32 2026
7 records inserted in traffic table.
Timer fired: Sat May  9 21:17:37 2026
9 records inserted in traffic table.
Timer fired: Sat May  9 21:17:42 2026
7 records inserted in traffic table.
Timer fired: Sat May  9 21:17:47 2026
5 records inserted in traffic table.
Timer fired: Sat May  9 21:17:52 2026
5 records inserted in traffic table.
Timer fired: Sat May  9 21:17:57 2026
3 records inserted in traffic table.
Timer fired: Sat May  9 21:18:02 2026
6 records inserted in traffic table.
Timer fired: Sat May  9 21:18:07 2026
4 records inserted in traffic table.
Timer fired: Sat May  9 21:18:12 2026
5 records inserted in traffic table.
Timer fired: Sat May  9 21:18:17 2026
7 records inserted in traffic table.
Timer fired: Sat May  9 21:18:22 2026
6 records inserted in traffic table.
Timer fired: Sat May  9 21:18:27 2026
4 records inserted in traffic table.
Timer fired: Sat May  9 21:18:32 2026
7 records inserted in traffic table.
Timer fired: Sat May  9 21:18:37 2026
7 records inserted in traffic table.
Timer fired: Sat May  9 21:18:42 2026
8 records inserted in traffic table.
Timer fired: Sat May  9 21:18:47 2026
6 records inserted in traffic table.
Timer fired: Sat May  9 21:18:52 2026
4 records inserted in traffic table.
Timer fired: Sat May  9 21:18:57 2026
3 records inserted in traffic table.
Timer fired: Sat May  9 21:19:02 2026
6 records inserted in traffic table.
Timer fired: Sat May  9 21:19:07 2026
4 records inserted in traffic table.
Timer fired: Sat May  9 21:19:12 2026
6 records inserted in traffic table.
Timer fired: Sat May  9 21:19:17 2026
7 records inserted in traffic table.
Timer fired: Sat May  9 21:19:22 2026
5 records inserted in traffic table.
Timer fired: Sat May  9 21:19:27 2026
4 records inserted in traffic table.
Timer fired: Sat May  9 21:19:32 2026
8 records inserted in traffic table.
Timer fired: Sat May  9 21:19:37 2026
6 records inserted in traffic table.
Timer fired: Sat May  9 21:19:42 2026
8 records inserted in traffic table.
Timer fired: Sat May  9 21:19:47 2026
4 records inserted in traffic table.
Timer fired: Sat May  9 21:19:52 2026
4 records inserted in traffic table.
Timer fired: Sat May  9 21:19:57 2026
6 records inserted in traffic table.
Timer fired: Sat May  9 21:20:02 2026
10 records inserted in traffic table.
Timer fired: Sat May  9 21:20:07 2026
4 records inserted in traffic table.
Timer fired: Sat May  9 21:20:12 2026
5 records inserted in traffic table.
Timer fired: Sat May  9 21:20:17 2026
6 records inserted in traffic table.
Timer fired: Sat May  9 21:20:22 2026
6 records inserted in traffic table.
Timer fired: Sat May  9 21:20:27 2026
3 records inserted in traffic table.
Timer fired: Sat May  9 21:20:32 2026
6 records inserted in traffic table.
Timer fired: Sat May  9 21:20:37 2026
5 records inserted in traffic table.
Timer fired: Sat May  9 21:20:42 2026
7 records inserted in traffic table.
Timer fired: Sat May  9 21:20:47 2026
7 records inserted in traffic table.
Timer fired: Sat May  9 21:20:52 2026
5 records inserted in traffic table.
Timer fired: Sat May  9 21:20:57 2026
4 records inserted in traffic table.
Timer fired: Sat May  9 21:21:02 2026
6 records inserted in traffic table.
Timer fired: Sat May  9 21:21:07 2026
7 records inserted in traffic table.
Timer fired: Sat May  9 21:21:12 2026
5 records inserted in traffic table.
Timer fired: Sat May  9 21:21:17 2026
6 records inserted in traffic table.
Timer fired: Sat May  9 21:21:22 2026
4 records inserted in traffic table.
Timer fired: Sat May  9 21:21:27 2026
4 records inserted in traffic table.
Timer fired: Sat May  9 21:21:32 2026
8 records inserted in traffic table.
Timer fired: Sat May  9 21:21:37 2026
8 records inserted in traffic table.
Timer fired: Sat May  9 21:21:42 2026
9 records inserted in traffic table.
Timer fired: Sat May  9 21:21:47 2026
5 records inserted in traffic table.
Timer fired: Sat May  9 21:21:52 2026
5 records inserted in traffic table.
Timer fired: Sat May  9 21:21:57 2026
3 records inserted in traffic table.
Timer fired: Sat May  9 21:22:02 2026
12 records inserted in traffic table.
Timer fired: Sat May  9 21:22:07 2026
7 records inserted in traffic table.
Timer fired: Sat May  9 21:22:12 2026
6 records inserted in traffic table.
Timer fired: Sat May  9 21:22:17 2026
7 records inserted in traffic table.
Timer fired: Sat May  9 21:22:22 2026
5 records inserted in traffic table.
Timer fired: Sat May  9 21:22:27 2026
9 records inserted in traffic table.
Timer fired: Sat May  9 21:22:32 2026
8 records inserted in traffic table.
Timer fired: Sat May  9 21:22:37 2026
7 records inserted in traffic table.
Timer fired: Sat May  9 21:22:42 2026
7 records inserted in traffic table.
Timer fired: Sat May  9 21:22:47 2026
5 records inserted in traffic table.
Timer fired: Sat May  9 21:22:52 2026
5 records inserted in traffic table.
Timer fired: Sat May  9 21:22:57 2026
5 records inserted in traffic table.
Timer fired: Sat May  9 21:23:02 2026
7 records inserted in traffic table.
Timer fired: Sat May  9 21:23:07 2026
4 records inserted in traffic table.
Timer fired: Sat May  9 21:23:12 2026
6 records inserted in traffic table.
Timer fired: Sat May  9 21:23:17 2026
4 records inserted in traffic table.
Timer fired: Sat May  9 21:23:22 2026
7 records inserted in traffic table.
Timer fired: Sat May  9 21:23:27 2026
4 records inserted in traffic table.
Timer fired: Sat May  9 21:23:32 2026
7 records inserted in traffic table.
Timer fired: Sat May  9 21:23:37 2026
10 records inserted in traffic table.
Timer fired: Sat May  9 21:23:42 2026
6 records inserted in traffic table.
Timer fired: Sat May  9 21:23:47 2026
3 records inserted in traffic table.
Timer fired: Sat May  9 21:23:52 2026
4 records inserted in traffic table.
Timer fired: Sat May  9 21:23:57 2026
8 records inserted in traffic table.
Timer fired: Sat May  9 21:24:02 2026
6 records inserted in traffic table.
Timer fired: Sat May  9 21:24:07 2026
4 records inserted in traffic table.
Timer fired: Sat May  9 21:24:12 2026
6 records inserted in traffic table.
Timer fired: Sat May  9 21:24:17 2026
5 records inserted in traffic table.
Timer fired: Sat May  9 21:24:22 2026
6 records inserted in traffic table.
Timer fired: Sat May  9 21:24:27 2026
4 records inserted in traffic table.
Timer fired: Sat May  9 21:24:32 2026
8 records inserted in traffic table.
Timer fired: Sat May  9 21:24:37 2026
8 records inserted in traffic table.
Timer fired: Sat May  9 21:24:42 2026
9 records inserted in traffic table.
Timer fired: Sat May  9 21:24:47 2026
3 records inserted in traffic table.
Timer fired: Sat May  9 21:24:52 2026
4 records inserted in traffic table.
Timer fired: Sat May  9 21:24:57 2026
4 records inserted in traffic table.
Timer fired: Sat May  9 21:25:02 2026
8 records inserted in traffic table.
Timer fired: Sat May  9 21:25:07 2026
5 records inserted in traffic table.
Timer fired: Sat May  9 21:25:12 2026
7 records inserted in traffic table.
Timer fired: Sat May  9 21:25:17 2026
4 records inserted in traffic table.
Timer fired: Sat May  9 21:25:22 2026
7 records inserted in traffic table.
Timer fired: Sat May  9 21:25:27 2026
5 records inserted in traffic table.
Timer fired: Sat May  9 21:25:32 2026
5 records inserted in traffic table.
Timer fired: Sat May  9 21:25:37 2026
7 records inserted in traffic table.
Timer fired: Sat May  9 21:25:42 2026
8 records inserted in traffic table.
Timer fired: Sat May  9 21:25:47 2026
5 records inserted in traffic table.
Timer fired: Sat May  9 21:25:52 2026
5 records inserted in traffic table.
Timer fired: Sat May  9 21:25:57 2026
5 records inserted in traffic table.
Timer fired: Sat May  9 21:26:02 2026
5 records inserted in traffic table.
Timer fired: Sat May  9 21:26:07 2026
4 records inserted in traffic table.
Timer fired: Sat May  9 21:26:12 2026
6 records inserted in traffic table.
Timer fired: Sat May  9 21:26:17 2026
4 records inserted in traffic table.
Timer fired: Sat May  9 21:26:22 2026
6 records inserted in traffic table.
Timer fired: Sat May  9 21:26:27 2026
5 records inserted in traffic table.
Timer fired: Sat May  9 21:26:32 2026
6 records inserted in traffic table.
Timer fired: Sat May  9 21:26:37 2026
7 records inserted in traffic table.
Timer fired: Sat May  9 21:26:42 2026
8 records inserted in traffic table.
Timer fired: Sat May  9 21:26:47 2026
4 records inserted in traffic table.
Timer fired: Sat May  9 21:26:52 2026
5 records inserted in traffic table.
Timer fired: Sat May  9 21:26:57 2026
4 records inserted in traffic table.
Timer fired: Sat May  9 21:27:02 2026
5 records inserted in traffic table.
Timer fired: Sat May  9 21:27:07 2026
3 records inserted in traffic table.
Timer fired: Sat May  9 21:27:12 2026
6 records inserted in traffic table.
Timer fired: Sat May  9 21:27:17 2026
5 records inserted in traffic table.
Timer fired: Sat May  9 21:27:22 2026
6 records inserted in traffic table.
Timer fired: Sat May  9 21:27:27 2026
5 records inserted in traffic table.
Timer fired: Sat May  9 21:27:32 2026
6 records inserted in traffic table.
Timer fired: Sat May  9 21:27:37 2026
8 records inserted in traffic table.
Timer fired: Sat May  9 21:27:42 2026
7 records inserted in traffic table.
Timer fired: Sat May  9 21:27:47 2026
4 records inserted in traffic table.
Timer fired: Sat May  9 21:27:52 2026
5 records inserted in traffic table.
Timer fired: Sat May  9 21:27:57 2026
6 records inserted in traffic table.
Timer fired: Sat May  9 21:28:02 2026
7 records inserted in traffic table.
Timer fired: Sat May  9 21:28:07 2026
4 records inserted in traffic table.
Timer fired: Sat May  9 21:28:12 2026
5 records inserted in traffic table.
Timer fired: Sat May  9 21:28:17 2026
5 records inserted in traffic table.
Timer fired: Sat May  9 21:28:22 2026
7 records inserted in traffic table.
Timer fired: Sat May  9 21:28:27 2026
5 records inserted in traffic table.
Timer fired: Sat May  9 21:28:32 2026
6 records inserted in traffic table.
Timer fired: Sat May  9 21:28:37 2026
8 records inserted in traffic table.
Timer fired: Sat May  9 21:28:42 2026
9 records inserted in traffic table.
Timer fired: Sat May  9 21:28:47 2026
6 records inserted in traffic table.
Timer fired: Sat May  9 21:28:52 2026
5 records inserted in traffic table.
Timer fired: Sat May  9 21:28:57 2026
5 records inserted in traffic table.
Timer fired: Sat May  9 21:29:02 2026
7 records inserted in traffic table.
Timer fired: Sat May  9 21:29:07 2026
5 records inserted in traffic table.
Timer fired: Sat May  9 21:29:12 2026
7 records inserted in traffic table.
Timer fired: Sat May  9 21:29:17 2026
9 records inserted in traffic table.
Timer fired: Sat May  9 21:29:22 2026
10 records inserted in traffic table.
Timer fired: Sat May  9 21:29:27 2026
5 records inserted in traffic table.
Timer fired: Sat May  9 21:29:32 2026
15 records inserted in traffic table.
Timer fired: Sat May  9 21:29:37 2026
11 records inserted in traffic table.
Timer fired: Sat May  9 21:29:42 2026
11 records inserted in traffic table.
Timer fired: Sat May  9 21:29:47 2026
6 records inserted in traffic table.
Timer fired: Sat May  9 21:29:52 2026
5 records inserted in traffic table.
Timer fired: Sat May  9 21:29:57 2026
5 records inserted in traffic table.
Timer fired: Sat May  9 21:30:02 2026
8 records inserted in traffic table.
Timer fired: Sat May  9 21:30:07 2026
6 records inserted in traffic table.
Timer fired: Sat May  9 21:30:12 2026
5 records inserted in traffic table.
Timer fired: Sat May  9 21:30:17 2026
6 records inserted in traffic table.
Timer fired: Sat May  9 21:30:22 2026
6 records inserted in traffic table.
Timer fired: Sat May  9 21:30:27 2026
4 records inserted in traffic table.
Timer fired: Sat May  9 21:30:32 2026
5 records inserted in traffic table.
Timer fired: Sat May  9 21:30:37 2026
10 records inserted in traffic table.
Timer fired: Sat May  9 21:30:42 2026
9 records inserted in traffic table.
Timer fired: Sat May  9 21:30:47 2026
5 records inserted in traffic table.
Timer fired: Sat May  9 21:30:52 2026
8 records inserted in traffic table.
Timer fired: Sat May  9 21:30:57 2026
4 records inserted in traffic table.
Timer fired: Sat May  9 21:31:02 2026
6 records inserted in traffic table.
Timer fired: Sat May  9 21:31:07 2026
4 records inserted in traffic table.
Timer fired: Sat May  9 21:31:12 2026
5 records inserted in traffic table.
Timer fired: Sat May  9 21:31:17 2026
4 records inserted in traffic table.
Timer fired: Sat May  9 21:31:22 2026
7 records inserted in traffic table.
Timer fired: Sat May  9 21:31:27 2026
5 records inserted in traffic table.
Timer fired: Sat May  9 21:31:32 2026
5 records inserted in traffic table.
Timer fired: Sat May  9 21:31:37 2026
9 records inserted in traffic table.
Timer fired: Sat May  9 21:31:42 2026
8 records inserted in traffic table.
Timer fired: Sat May  9 21:31:47 2026
5 records inserted in traffic table.
Timer fired: Sat May  9 21:31:52 2026
8 records inserted in traffic table.
Timer fired: Sat May  9 21:31:57 2026
4 records inserted in traffic table.
Timer fired: Sat May  9 21:32:02 2026
7 records inserted in traffic table.
Timer fired: Sat May  9 21:32:07 2026
9 records inserted in traffic table.
Timer fired: Sat May  9 21:32:12 2026
5 records inserted in traffic table.
Timer fired: Sat May  9 21:32:17 2026
6 records inserted in traffic table.
Timer fired: Sat May  9 21:32:22 2026
9 records inserted in traffic table.
Timer fired: Sat May  9 21:32:27 2026
4 records inserted in traffic table.
Timer fired: Sat May  9 21:32:32 2026
6 records inserted in traffic table.
Timer fired: Sat May  9 21:32:37 2026
9 records inserted in traffic table.
Timer fired: Sat May  9 21:32:42 2026
9 records inserted in traffic table.
Timer fired: Sat May  9 21:32:47 2026
4 records inserted in traffic table.
Timer fired: Sat May  9 21:32:52 2026
8 records inserted in traffic table.
Timer fired: Sat May  9 21:32:57 2026
6 records inserted in traffic table.
Timer fired: Sat May  9 21:33:02 2026
5 records inserted in traffic table.
Timer fired: Sat May  9 21:33:07 2026
4 records inserted in traffic table.
Timer fired: Sat May  9 21:33:12 2026
4 records inserted in traffic table.
Timer fired: Sat May  9 21:33:17 2026
5 records inserted in traffic table.
Timer fired: Sat May  9 21:33:22 2026
9 records inserted in traffic table.
Timer fired: Sat May  9 21:33:27 2026
5 records inserted in traffic table.
Timer fired: Sat May  9 21:33:32 2026
7 records inserted in traffic table.
Timer fired: Sat May  9 21:33:37 2026
9 records inserted in traffic table.
Timer fired: Sat May  9 21:33:42 2026
8 records inserted in traffic table.
Timer fired: Sat May  9 21:33:47 2026
4 records inserted in traffic table.
Timer fired: Sat May  9 21:33:52 2026
12 records inserted in traffic table.
Timer fired: Sat May  9 21:33:57 2026
7 records inserted in traffic table.
Timer fired: Sat May  9 21:34:02 2026
5 records inserted in traffic table.
Timer fired: Sat May  9 21:34:07 2026
4 records inserted in traffic table.
Timer fired: Sat May  9 21:34:12 2026
5 records inserted in traffic table.
Timer fired: Sat May  9 21:34:17 2026
5 records inserted in traffic table.
Timer fired: Sat May  9 21:34:22 2026
9 records inserted in traffic table.
Timer fired: Sat May  9 21:34:27 2026
4 records inserted in traffic table.
Timer fired: Sat May  9 21:34:32 2026
7 records inserted in traffic table.
Timer fired: Sat May  9 21:34:37 2026
7 records inserted in traffic table.
Timer fired: Sat May  9 21:34:42 2026
9 records inserted in traffic table.
Timer fired: Sat May  9 21:34:47 2026
5 records inserted in traffic table.
Timer fired: Sat May  9 21:34:52 2026
5 records inserted in traffic table.
Timer fired: Sat May  9 21:34:57 2026
4 records inserted in traffic table.
Timer fired: Sat May  9 21:35:02 2026
7 records inserted in traffic table.
Timer fired: Sat May  9 21:35:07 2026
4 records inserted in traffic table.
Timer fired: Sat May  9 21:35:12 2026
5 records inserted in traffic table.
Timer fired: Sat May  9 21:35:17 2026
5 records inserted in traffic table.
Timer fired: Sat May  9 21:35:22 2026
13 records inserted in traffic table.
Timer fired: Sat May  9 21:35:27 2026
3 records inserted in traffic table.
Timer fired: Sat May  9 21:35:32 2026
6 records inserted in traffic table.
Timer fired: Sat May  9 21:35:37 2026
6 records inserted in traffic table.
Timer fired: Sat May  9 21:35:42 2026
8 records inserted in traffic table.
Timer fired: Sat May  9 21:35:47 2026
4 records inserted in traffic table.
Timer fired: Sat May  9 21:35:52 2026
7 records inserted in traffic table.
Timer fired: Sat May  9 21:35:57 2026
3 records inserted in traffic table.
Timer fired: Sat May  9 21:36:02 2026
5 records inserted in traffic table.
Timer fired: Sat May  9 21:36:07 2026
3 records inserted in traffic table.
Timer fired: Sat May  9 21:36:12 2026
4 records inserted in traffic table.
Timer fired: Sat May  9 21:36:17 2026
3 records inserted in traffic table.
Timer fired: Sat May  9 21:36:22 2026
7 records inserted in traffic table.
Timer fired: Sat May  9 21:36:27 2026
6 records inserted in traffic table.
Timer fired: Sat May  9 21:36:32 2026
5 records inserted in traffic table.
Timer fired: Sat May  9 21:36:37 2026
10 records inserted in traffic table.
Timer fired: Sat May  9 21:36:42 2026
6 records inserted in traffic table.
Timer fired: Sat May  9 21:36:47 2026
3 records inserted in traffic table.
Timer fired: Sat May  9 21:36:52 2026
6 records inserted in traffic table.
Timer fired: Sat May  9 21:36:57 2026
6 records inserted in traffic table.
Timer fired: Sat May  9 21:37:02 2026
5 records inserted in traffic table.
Timer fired: Sat May  9 21:37:07 2026
5 records inserted in traffic table.
Timer fired: Sat May  9 21:37:12 2026
5 records inserted in traffic table.
Timer fired: Sat May  9 21:37:17 2026
3 records inserted in traffic table.
Timer fired: Sat May  9 21:37:22 2026
10 records inserted in traffic table.
Timer fired: Sat May  9 21:37:27 2026
4 records inserted in traffic table.
Timer fired: Sat May  9 21:37:32 2026
6 records inserted in traffic table.
Timer fired: Sat May  9 21:37:37 2026
8 records inserted in traffic table.
Timer fired: Sat May  9 21:37:42 2026
9 records inserted in traffic table.
Timer fired: Sat May  9 21:37:47 2026
4 records inserted in traffic table.
Timer fired: Sat May  9 21:37:52 2026
4 records inserted in traffic table.
Timer fired: Sat May  9 21:37:57 2026
7 records inserted in traffic table.
Timer fired: Sat May  9 21:38:02 2026
6 records inserted in traffic table.
Timer fired: Sat May  9 21:38:07 2026
6 records inserted in traffic table.
Timer fired: Sat May  9 21:38:12 2026
4 records inserted in traffic table.
Timer fired: Sat May  9 21:38:17 2026
3 records inserted in traffic table.
Timer fired: Sat May  9 21:38:22 2026
7 records inserted in traffic table.
Timer fired: Sat May  9 21:38:27 2026
5 records inserted in traffic table.
Timer fired: Sat May  9 21:38:32 2026
6 records inserted in traffic table.
Timer fired: Sat May  9 21:38:37 2026
8 records inserted in traffic table.
Timer fired: Sat May  9 21:38:42 2026
8 records inserted in traffic table.
Timer fired: Sat May  9 21:38:47 2026
4 records inserted in traffic table.
Timer fired: Sat May  9 21:38:52 2026
8 records inserted in traffic table.
Timer fired: Sat May  9 21:38:57 2026
4 records inserted in traffic table.
Timer fired: Sat May  9 21:39:02 2026
6 records inserted in traffic table.
Timer fired: Sat May  9 21:39:07 2026
3 records inserted in traffic table.
Timer fired: Sat May  9 21:39:12 2026
4 records inserted in traffic table.
Timer fired: Sat May  9 21:39:17 2026
4 records inserted in traffic table.
Timer fired: Sat May  9 21:39:22 2026
6 records inserted in traffic table.
Timer fired: Sat May  9 21:39:27 2026
4 records inserted in traffic table.
Timer fired: Sat May  9 21:39:32 2026
6 records inserted in traffic table.
Timer fired: Sat May  9 21:39:37 2026
8 records inserted in traffic table.
Timer fired: Sat May  9 21:39:42 2026
7 records inserted in traffic table.
Timer fired: Sat May  9 21:39:47 2026
5 records inserted in traffic table.
Timer fired: Sat May  9 21:39:52 2026
3 records inserted in traffic table.
Timer fired: Sat May  9 21:39:57 2026
4 records inserted in traffic table.
Timer fired: Sat May  9 21:40:02 2026
7 records inserted in traffic table.
Timer fired: Sat May  9 21:40:07 2026
5 records inserted in traffic table.
Timer fired: Sat May  9 21:40:12 2026
5 records inserted in traffic table.
Timer fired: Sat May  9 21:40:17 2026
5 records inserted in traffic table.
Timer fired: Sat May  9 21:40:22 2026
7 records inserted in traffic table.
Timer fired: Sat May  9 21:40:27 2026
5 records inserted in traffic table.
Timer fired: Sat May  9 21:40:32 2026
5 records inserted in traffic table.
Timer fired: Sat May  9 21:40:37 2026
8 records inserted in traffic table.
Timer fired: Sat May  9 21:40:42 2026
6 records inserted in traffic table.
Timer fired: Sat May  9 21:40:47 2026
4 records inserted in traffic table.
Timer fired: Sat May  9 21:40:52 2026
4 records inserted in traffic table.
Timer fired: Sat May  9 21:40:57 2026
4 records inserted in traffic table.
Timer fired: Sat May  9 21:41:02 2026
6 records inserted in traffic table.
Timer fired: Sat May  9 21:41:07 2026
8 records inserted in traffic table.
Timer fired: Sat May  9 21:41:12 2026
4 records inserted in traffic table.
Timer fired: Sat May  9 21:41:17 2026
4 records inserted in traffic table.
Timer fired: Sat May  9 21:41:22 2026
6 records inserted in traffic table.
Timer fired: Sat May  9 21:41:27 2026
4 records inserted in traffic table.
Timer fired: Sat May  9 21:41:32 2026
6 records inserted in traffic table.
Timer fired: Sat May  9 21:41:37 2026
13 records inserted in traffic table.
Timer fired: Sat May  9 21:41:42 2026
8 records inserted in traffic table.
Timer fired: Sat May  9 21:41:47 2026
4 records inserted in traffic table.
Timer fired: Sat May  9 21:41:52 2026
4 records inserted in traffic table.
Timer fired: Sat May  9 21:41:57 2026
5 records inserted in traffic table.
Timer fired: Sat May  9 21:42:02 2026
6 records inserted in traffic table.
Timer fired: Sat May  9 21:42:07 2026
6 records inserted in traffic table.
Timer fired: Sat May  9 21:42:12 2026
6 records inserted in traffic table.
Timer fired: Sat May  9 21:42:17 2026
3 records inserted in traffic table.
Timer fired: Sat May  9 21:42:22 2026
7 records inserted in traffic table.
Timer fired: Sat May  9 21:42:27 2026
6 records inserted in traffic table.
Timer fired: Sat May  9 21:42:32 2026
4 records inserted in traffic table.
Timer fired: Sat May  9 21:42:37 2026
9 records inserted in traffic table.
Timer fired: Sat May  9 21:42:42 2026
9 records inserted in traffic table.
Timer fired: Sat May  9 21:42:47 2026
5 records inserted in traffic table.
Timer fired: Sat May  9 21:42:52 2026
3 records inserted in traffic table.
Timer fired: Sat May  9 21:42:57 2026
3 records inserted in traffic table.
Timer fired: Sat May  9 21:43:02 2026
6 records inserted in traffic table.
Timer fired: Sat May  9 21:43:07 2026
7 records inserted in traffic table.
Timer fired: Sat May  9 21:43:12 2026
5 records inserted in traffic table.
Timer fired: Sat May  9 21:43:17 2026
3 records inserted in traffic table.
Timer fired: Sat May  9 21:43:22 2026
5 records inserted in traffic table.
Timer fired: Sat May  9 21:43:27 2026
7 records inserted in traffic table.
Timer fired: Sat May  9 21:43:32 2026
3 records inserted in traffic table.
Timer fired: Sat May  9 21:43:37 2026
9 records inserted in traffic table.
Timer fired: Sat May  9 21:43:42 2026
10 records inserted in traffic table.
Timer fired: Sat May  9 21:43:47 2026
4 records inserted in traffic table.
Timer fired: Sat May  9 21:43:52 2026
4 records inserted in traffic table.
Timer fired: Sat May  9 21:43:57 2026
4 records inserted in traffic table.
Timer fired: Sat May  9 21:44:02 2026
5 records inserted in traffic table.
Timer fired: Sat May  9 21:44:07 2026
6 records inserted in traffic table.
Timer fired: Sat May  9 21:44:12 2026
5 records inserted in traffic table.
Timer fired: Sat May  9 21:44:17 2026
4 records inserted in traffic table.
Timer fired: Sat May  9 21:44:22 2026
5 records inserted in traffic table.
Timer fired: Sat May  9 21:44:27 2026
6 records inserted in traffic table.
Timer fired: Sat May  9 21:44:32 2026
5 records inserted in traffic table.
Timer fired: Sat May  9 23:42:03 2026
10 records inserted in traffic table.
Timer fired: Sat May  9 23:42:08 2026
29 records inserted in traffic table.
Timer fired: Sat May  9 23:42:13 2026
8 records inserted in traffic table.
Timer fired: Sat May  9 23:42:18 2026
3 records inserted in traffic table.
Timer fired: Sat May  9 23:42:23 2026
1 records inserted in traffic table.
Timer fired: Sat May  9 23:42:28 2026
4 records inserted in traffic table.
Timer fired: Sat May  9 23:42:33 2026
2 records inserted in traffic table.
Timer fired: Sat May  9 23:42:38 2026
1 records inserted in traffic table.
Timer fired: Sat May  9 23:42:43 2026
5 records inserted in traffic table.
Timer fired: Sat May  9 23:42:48 2026
3 records inserted in traffic table.
Timer fired: Sat May  9 23:42:53 2026
7 records inserted in traffic table.
Timer fired: Sat May  9 23:42:58 2026
8 records inserted in traffic table.
Timer fired: Sat May  9 23:43:03 2026
7 records inserted in traffic table.
Timer fired: Sat May  9 23:43:08 2026
5 records inserted in traffic table.
Timer fired: Sat May  9 23:43:13 2026
9 records inserted in traffic table.
Timer fired: Sat May  9 23:43:18 2026
2 records inserted in traffic table.
Timer fired: Sat May  9 23:43:23 2026
2 records inserted in traffic table.
Timer fired: Sat May  9 23:43:28 2026
4 records inserted in traffic table.
Timer fired: Sat May  9 23:43:33 2026
4 records inserted in traffic table.
Timer fired: Sat May  9 23:43:38 2026
7 records inserted in traffic table.
Timer fired: Sat May  9 23:43:43 2026
8 records inserted in traffic table.
Timer fired: Sat May  9 23:43:48 2026
4 records inserted in traffic table.
Timer fired: Sat May  9 23:43:53 2026
3 records inserted in traffic table.
Timer fired: Sat May  9 23:43:58 2026
3 records inserted in traffic table.
Timer fired: Sat May  9 23:44:03 2026
10 records inserted in traffic table.
Timer fired: Sat May  9 23:44:08 2026
9 records inserted in traffic table.
Timer fired: Sat May  9 23:44:13 2026
12 records inserted in traffic table.
Timer fired: Sat May  9 23:44:18 2026
6 records inserted in traffic table.
Timer fired: Sat May  9 23:44:23 2026
9 records inserted in traffic table.
Timer fired: Sat May  9 23:44:28 2026
8 records inserted in traffic table.
Timer fired: Sat May  9 23:44:33 2026
3 records inserted in traffic table.
Timer fired: Sat May  9 23:44:38 2026
3 records inserted in traffic table.
Timer fired: Sat May  9 23:44:43 2026
3 records inserted in traffic table.
Timer fired: Sat May  9 23:44:48 2026
3 records inserted in traffic table.
Timer fired: Sat May  9 23:44:53 2026
4 records inserted in traffic table.
Timer fired: Sat May  9 23:44:58 2026
9 records inserted in traffic table.
Timer fired: Sat May  9 23:45:03 2026
10 records inserted in traffic table.
Timer fired: Sat May  9 23:45:08 2026
12 records inserted in traffic table.
Timer fired: Sun May 10 07:36:43 2026
23 records inserted in traffic table.
Timer fired: Sun May 10 07:36:49 2026
7 records inserted in traffic table.
Timer fired: Sun May 10 07:36:54 2026
13 records inserted in traffic table.
Timer fired: Sun May 10 07:36:59 2026
6 records inserted in traffic table.
Timer fired: Sun May 10 07:37:04 2026
1 records inserted in traffic table.
Timer fired: Sun May 10 07:37:09 2026
1 records inserted in traffic table.
Timer fired: Sun May 10 07:37:14 2026
3 records inserted in traffic table.
Timer fired: Sun May 10 07:37:19 2026
4 records inserted in traffic table.
Timer fired: Sun May 10 07:37:24 2026
2 records inserted in traffic table.
Timer fired: Sun May 10 07:37:29 2026
3 records inserted in traffic table.
Timer fired: Sun May 10 07:37:34 2026
5 records inserted in traffic table.
Timer fired: Sun May 10 07:37:39 2026
13 records inserted in traffic table.
Timer fired: Sun May 10 07:37:44 2026
3 records inserted in traffic table.
Timer fired: Sun May 10 07:37:49 2026
3 records inserted in traffic table.
Timer fired: Sun May 10 07:37:54 2026
5 records inserted in traffic table.
Timer fired: Sun May 10 07:37:59 2026
3 records inserted in traffic table.
Timer fired: Sun May 10 07:38:04 2026
3 records inserted in traffic table.
Timer fired: Sun May 10 07:38:09 2026
1 records inserted in traffic table.
Timer fired: Sun May 10 07:38:14 2026
3 records inserted in traffic table.
Timer fired: Sun May 10 07:38:19 2026
3 records inserted in traffic table.
Timer fired: Sun May 10 07:38:24 2026
7 records inserted in traffic table.
Timer fired: Sun May 10 07:38:29 2026
4 records inserted in traffic table.
Timer fired: Sun May 10 07:38:34 2026
5 records inserted in traffic table.
Timer fired: Sun May 10 07:38:39 2026
6 records inserted in traffic table.
Timer fired: Sun May 10 07:38:44 2026
2 records inserted in traffic table.
Timer fired: Sun May 10 07:38:49 2026
3 records inserted in traffic table.
Timer fired: Sun May 10 07:38:54 2026
4 records inserted in traffic table.
Timer fired: Sun May 10 07:38:59 2026
5 records inserted in traffic table.
Timer fired: Sun May 10 07:39:04 2026
10 records inserted in traffic table.
Timer fired: Sun May 10 07:39:09 2026
3 records inserted in traffic table.
Timer fired: Sun May 10 07:39:14 2026
3 records inserted in traffic table.
Timer fired: Sun May 10 07:39:19 2026
2 records inserted in traffic table.
Timer fired: Sun May 10 07:39:24 2026
2 records inserted in traffic table.
Timer fired: Sun May 10 07:39:29 2026
3 records inserted in traffic table.
Timer fired: Sun May 10 07:39:34 2026
5 records inserted in traffic table.
Timer fired: Sun May 10 07:39:39 2026
16 records inserted in traffic table.
Timer fired: Sun May 10 07:39:44 2026
18 records inserted in traffic table.
Timer fired: Sun May 10 07:39:49 2026
4 records inserted in traffic table.
Timer fired: Sun May 10 07:39:54 2026
8 records inserted in traffic table.
Timer fired: Sun May 10 07:39:59 2026
4 records inserted in traffic table.
Timer fired: Sun May 10 07:40:04 2026
4 records inserted in traffic table.
Timer fired: Sun May 10 07:40:09 2026
2 records inserted in traffic table.
Timer fired: Sun May 10 07:40:14 2026
2 records inserted in traffic table.
Timer fired: Sun May 10 07:40:19 2026
5 records inserted in traffic table.
Timer fired: Sun May 10 07:40:24 2026
6 records inserted in traffic table.
Timer fired: Sun May 10 07:40:29 2026
14 records inserted in traffic table.
Timer fired: Sun May 10 07:40:34 2026
12 records inserted in traffic table.
Timer fired: Sun May 10 07:40:39 2026
12 records inserted in traffic table.
Timer fired: Sun May 10 07:40:44 2026
3 records inserted in traffic table.
Timer fired: Sun May 10 07:40:49 2026
2 records inserted in traffic table.
Timer fired: Sun May 10 07:40:54 2026
4 records inserted in traffic table.
Timer fired: Sun May 10 07:40:59 2026
5 records inserted in traffic table.
Timer fired: Sun May 10 07:41:04 2026
3 records inserted in traffic table.
Timer fired: Sun May 10 07:41:09 2026
3 records inserted in traffic table.
Timer fired: Sun May 10 07:41:14 2026
11 records inserted in traffic table.
Timer fired: Sun May 10 07:41:19 2026
11 records inserted in traffic table.
Timer fired: Sun May 10 07:41:24 2026
5 records inserted in traffic table.
Timer fired: Sun May 10 07:41:29 2026
1 records inserted in traffic table.
Timer fired: Sun May 10 07:41:34 2026
5 records inserted in traffic table.
Timer fired: Sun May 10 07:41:39 2026
6 records inserted in traffic table.
Timer fired: Sun May 10 07:41:44 2026
3 records inserted in traffic table.
Timer fired: Sun May 10 07:41:49 2026
3 records inserted in traffic table.
Timer fired: Sun May 10 07:41:54 2026
6 records inserted in traffic table.
Timer fired: Sun May 10 07:41:59 2026
12 records inserted in traffic table.
Timer fired: Sun May 10 07:42:04 2026
10 records inserted in traffic table.
Timer fired: Sun May 10 07:42:09 2026
4 records inserted in traffic table.
Timer fired: Sun May 10 07:42:14 2026
2 records inserted in traffic table.
Timer fired: Sun May 10 07:42:19 2026
6 records inserted in traffic table.
Timer fired: Sun May 10 07:42:24 2026
3 records inserted in traffic table.
Timer fired: Sun May 10 07:42:29 2026
1 records inserted in traffic table.
Timer fired: Sun May 10 07:42:34 2026
6 records inserted in traffic table.
Timer fired: Sun May 10 07:42:39 2026
8 records inserted in traffic table.
Timer fired: Sun May 10 07:42:44 2026
10 records inserted in traffic table.
Timer fired: Sun May 10 07:42:49 2026
8 records inserted in traffic table.
Timer fired: Sun May 10 07:42:54 2026
5 records inserted in traffic table.
Timer fired: Sun May 10 07:42:59 2026
3 records inserted in traffic table.
Timer fired: Sun May 10 07:43:04 2026
5 records inserted in traffic table.
Timer fired: Sun May 10 07:43:09 2026
2 records inserted in traffic table.
Timer fired: Sun May 10 07:43:14 2026
3 records inserted in traffic table.
Timer fired: Sun May 10 07:43:19 2026
2 records inserted in traffic table.
Timer fired: Sun May 10 07:43:24 2026
4 records inserted in traffic table.
Timer fired: Sun May 10 07:43:29 2026
9 records inserted in traffic table.
Timer fired: Sun May 10 07:43:34 2026
11 records inserted in traffic table.
Timer fired: Sun May 10 07:43:39 2026
9 records inserted in traffic table.
Timer fired: Sun May 10 07:43:44 2026
17 records inserted in traffic table.
Timer fired: Sun May 10 07:43:49 2026
3 records inserted in traffic table.
Timer fired: Sun May 10 07:43:54 2026
4 records inserted in traffic table.
Timer fired: Sun May 10 07:43:59 2026
5 records inserted in traffic table.
Timer fired: Sun May 10 07:44:04 2026
2 records inserted in traffic table.
Timer fired: Sun May 10 07:44:09 2026
2 records inserted in traffic table.
Timer fired: Sun May 10 07:44:14 2026
2 records inserted in traffic table.
Timer fired: Sun May 10 07:44:19 2026
4 records inserted in traffic table.
Timer fired: Sun May 10 07:44:24 2026
2 records inserted in traffic table.
Timer fired: Sun May 10 07:44:29 2026
3 records inserted in traffic table.
Timer fired: Sun May 10 07:44:34 2026
5 records inserted in traffic table.
Timer fired: Sun May 10 07:44:39 2026
6 records inserted in traffic table.
Timer fired: Sun May 10 07:44:44 2026
2 records inserted in traffic table.
Timer fired: Sun May 10 07:44:49 2026
3 records inserted in traffic table.
Timer fired: Sun May 10 07:44:54 2026
4 records inserted in traffic table.
Timer fired: Sun May 10 07:44:59 2026
3 records inserted in traffic table.
Timer fired: Sun May 10 07:45:04 2026
5 records inserted in traffic table.
Timer fired: Sun May 10 07:45:09 2026
1 records inserted in traffic table.
Timer fired: Sun May 10 07:45:14 2026
5 records inserted in traffic table.
Timer fired: Sun May 10 07:45:19 2026
4 records inserted in traffic table.
Timer fired: Sun May 10 07:45:24 2026
2 records inserted in traffic table.
Timer fired: Sun May 10 07:45:29 2026
1 records inserted in traffic table.
Timer fired: Sun May 10 07:45:34 2026
5 records inserted in traffic table.
Timer fired: Sun May 10 07:45:39 2026
6 records inserted in traffic table.
Timer fired: Sun May 10 07:45:44 2026
2 records inserted in traffic table.
Timer fired: Sun May 10 07:45:49 2026
2 records inserted in traffic table.
Timer fired: Sun May 10 07:45:54 2026
6 records inserted in traffic table.
Timer fired: Sun May 10 07:45:59 2026
6 records inserted in traffic table.
Timer fired: Sun May 10 07:46:04 2026
3 records inserted in traffic table.
Timer fired: Sun May 10 07:46:09 2026
1 records inserted in traffic table.
Timer fired: Sun May 10 07:46:14 2026
2 records inserted in traffic table.
Timer fired: Sun May 10 07:46:19 2026
5 records inserted in traffic table.
Timer fired: Sun May 10 07:46:24 2026
3 records inserted in traffic table.
Timer fired: Sun May 10 07:46:29 2026
2 records inserted in traffic table.
Timer fired: Sun May 10 07:46:34 2026
5 records inserted in traffic table.
Timer fired: Sun May 10 07:46:39 2026
6 records inserted in traffic table.
Timer fired: Sun May 10 07:46:44 2026
6 records inserted in traffic table.
Timer fired: Sun May 10 07:46:49 2026
4 records inserted in traffic table.
Timer fired: Sun May 10 07:46:54 2026
4 records inserted in traffic table.
Timer fired: Sun May 10 07:46:59 2026
4 records inserted in traffic table.
Timer fired: Sun May 10 07:47:04 2026
4 records inserted in traffic table.
Timer fired: Sun May 10 07:47:09 2026
2 records inserted in traffic table.
Timer fired: Sun May 10 07:47:14 2026
5 records inserted in traffic table.
Timer fired: Sun May 10 07:47:19 2026
3 records inserted in traffic table.
Timer fired: Sun May 10 07:47:24 2026
2 records inserted in traffic table.
Timer fired: Sun May 10 07:47:29 2026
3 records inserted in traffic table.
Timer fired: Sun May 10 07:47:34 2026
6 records inserted in traffic table.
Timer fired: Sun May 10 07:47:39 2026
7 records inserted in traffic table.
Timer fired: Sun May 10 07:47:44 2026
4 records inserted in traffic table.
Timer fired: Sun May 10 07:47:49 2026
5 records inserted in traffic table.
Timer fired: Sun May 10 07:47:54 2026
3 records inserted in traffic table.
Timer fired: Sun May 10 07:47:59 2026
5 records inserted in traffic table.
Timer fired: Sun May 10 07:48:04 2026
3 records inserted in traffic table.
Timer fired: Sun May 10 07:48:09 2026
2 records inserted in traffic table.
Timer fired: Sun May 10 07:48:14 2026
5 records inserted in traffic table.
Timer fired: Sun May 10 07:48:19 2026
4 records inserted in traffic table.
Timer fired: Sun May 10 07:48:24 2026
2 records inserted in traffic table.
Timer fired: Sun May 10 07:48:29 2026
2 records inserted in traffic table.
Timer fired: Sun May 10 07:48:34 2026
5 records inserted in traffic table.
Timer fired: Sun May 10 07:48:39 2026
5 records inserted in traffic table.
Timer fired: Sun May 10 07:48:44 2026
4 records inserted in traffic table.
Timer fired: Sun May 10 07:48:49 2026
3 records inserted in traffic table.
Timer fired: Sun May 10 07:48:54 2026
4 records inserted in traffic table.
Timer fired: Sun May 10 07:48:59 2026
7 records inserted in traffic table.
Timer fired: Sun May 10 07:49:04 2026
5 records inserted in traffic table.
Timer fired: Sun May 10 07:49:09 2026
3 records inserted in traffic table.
Timer fired: Sun May 10 07:49:14 2026
2 records inserted in traffic table.
Timer fired: Sun May 10 07:49:19 2026
2 records inserted in traffic table.
Timer fired: Sun May 10 07:49:24 2026
1 records inserted in traffic table.
Timer fired: Sun May 10 07:49:29 2026
2 records inserted in traffic table.
Timer fired: Sun May 10 07:49:34 2026
8 records inserted in traffic table.
Timer fired: Sun May 10 07:49:39 2026
7 records inserted in traffic table.
Timer fired: Sun May 10 07:49:44 2026
5 records inserted in traffic table.
Timer fired: Sun May 10 07:49:49 2026
3 records inserted in traffic table.
Timer fired: Sun May 10 07:49:54 2026
4 records inserted in traffic table.
Timer fired: Sun May 10 07:49:59 2026
3 records inserted in traffic table.
Timer fired: Sun May 10 07:50:04 2026
3 records inserted in traffic table.
Timer fired: Sun May 10 07:50:09 2026
1 records inserted in traffic table.
Timer fired: Sun May 10 07:50:14 2026
3 records inserted in traffic table.
Timer fired: Sun May 10 07:50:19 2026
4 records inserted in traffic table.
Timer fired: Sun May 10 07:50:24 2026
3 records inserted in traffic table.
Timer fired: Sun May 10 07:50:29 2026
5 records inserted in traffic table.
Timer fired: Sun May 10 07:50:34 2026
7 records inserted in traffic table.
Timer fired: Sun May 10 07:50:39 2026
6 records inserted in traffic table.
Timer fired: Sun May 10 07:50:44 2026
4 records inserted in traffic table.
Timer fired: Sun May 10 07:50:49 2026
2 records inserted in traffic table.
Timer fired: Sun May 10 07:50:54 2026
3 records inserted in traffic table.
Timer fired: Sun May 10 07:50:59 2026
7 records inserted in traffic table.
Timer fired: Sun May 10 07:51:04 2026
9 records inserted in traffic table.
Timer fired: Sun May 10 07:51:09 2026
3 records inserted in traffic table.
Timer fired: Sun May 10 07:51:14 2026
4 records inserted in traffic table.
Timer fired: Sun May 10 07:51:19 2026
3 records inserted in traffic table.
Timer fired: Sun May 10 07:51:24 2026
1 records inserted in traffic table.
Timer fired: Sun May 10 07:51:29 2026
1 records inserted in traffic table.
Timer fired: Sun May 10 07:51:34 2026
6 records inserted in traffic table.
Timer fired: Sun May 10 07:51:39 2026
7 records inserted in traffic table.
Timer fired: Sun May 10 07:51:44 2026
3 records inserted in traffic table.
Timer fired: Sun May 10 07:51:49 2026
2 records inserted in traffic table.
Timer fired: Sun May 10 07:51:54 2026
6 records inserted in traffic table.
Timer fired: Sun May 10 07:51:59 2026
4 records inserted in traffic table.
Timer fired: Sun May 10 07:52:04 2026
2 records inserted in traffic table.
Timer fired: Sun May 10 07:52:09 2026
2 records inserted in traffic table.
Timer fired: Sun May 10 07:52:14 2026
2 records inserted in traffic table.
Timer fired: Sun May 10 07:52:19 2026
3 records inserted in traffic table.
Timer fired: Sun May 10 07:52:24 2026
3 records inserted in traffic table.
Timer fired: Sun May 10 07:52:29 2026
2 records inserted in traffic table.
Timer fired: Sun May 10 07:52:34 2026
6 records inserted in traffic table.
Timer fired: Sun May 10 07:52:39 2026
7 records inserted in traffic table.
Timer fired: Sun May 10 07:52:44 2026
3 records inserted in traffic table.
Timer fired: Sun May 10 07:52:49 2026
2 records inserted in traffic table.
Timer fired: Sun May 10 07:52:54 2026
5 records inserted in traffic table.
Timer fired: Sun May 10 07:52:59 2026
3 records inserted in traffic table.
Timer fired: Sun May 10 07:53:04 2026
3 records inserted in traffic table.
Timer fired: Sun May 10 07:53:09 2026
1 records inserted in traffic table.
Timer fired: Sun May 10 07:53:14 2026
3 records inserted in traffic table.
Timer fired: Sun May 10 07:53:19 2026
4 records inserted in traffic table.
Timer fired: Sun May 10 07:53:24 2026
6 records inserted in traffic table.
Timer fired: Sun May 10 07:53:29 2026
2 records inserted in traffic table.
Timer fired: Sun May 10 07:53:34 2026
5 records inserted in traffic table.
Timer fired: Sun May 10 07:53:39 2026
34 records inserted in traffic table.
Timer fired: Sun May 10 07:53:44 2026
49 records inserted in traffic table.
Timer fired: Sun May 10 07:53:49 2026
7 records inserted in traffic table.
Timer fired: Sun May 10 07:53:54 2026
9 records inserted in traffic table.
Timer fired: Sun May 10 07:53:59 2026
7 records inserted in traffic table.
Timer fired: Sun May 10 07:54:04 2026
7 records inserted in traffic table.
Timer fired: Sun May 10 07:54:09 2026
4 records inserted in traffic table.
Timer fired: Sun May 10 07:54:14 2026
8 records inserted in traffic table.
Timer fired: Sun May 10 07:54:19 2026
4 records inserted in traffic table.
Timer fired: Sun May 10 07:54:24 2026
3 records inserted in traffic table.
Timer fired: Sun May 10 07:54:29 2026
22 records inserted in traffic table.
Timer fired: Sun May 10 07:54:34 2026
49 records inserted in traffic table.
Timer fired: Sun May 10 07:54:39 2026
23 records inserted in traffic table.
Timer fired: Sun May 10 07:54:44 2026
38 records inserted in traffic table.
Timer fired: Sun May 10 07:54:49 2026
6 records inserted in traffic table.
Timer fired: Sun May 10 07:54:54 2026
6 records inserted in traffic table.
Timer fired: Sun May 10 07:54:59 2026
10 records inserted in traffic table.
Timer fired: Sun May 10 07:55:04 2026
4 records inserted in traffic table.
Timer fired: Sun May 10 07:55:09 2026
4 records inserted in traffic table.
Timer fired: Sun May 10 07:55:14 2026
16 records inserted in traffic table.
Timer fired: Sun May 10 07:55:19 2026
36 records inserted in traffic table.
Timer fired: Sun May 10 07:55:24 2026
27 records inserted in traffic table.
Timer fired: Sun May 10 07:55:29 2026
26 records inserted in traffic table.
Timer fired: Sun May 10 07:55:34 2026
8 records inserted in traffic table.
Timer fired: Sun May 10 07:55:39 2026
10 records inserted in traffic table.
Timer fired: Sun May 10 07:55:44 2026
9 records inserted in traffic table.
Timer fired: Sun May 10 07:55:49 2026
14 records inserted in traffic table.
Timer fired: Sun May 10 07:55:54 2026
16 records inserted in traffic table.
Timer fired: Sun May 10 07:55:59 2026
20 records inserted in traffic table.
Timer fired: Sun May 10 07:56:04 2026
23 records inserted in traffic table.
Timer fired: Sun May 10 07:56:09 2026
33 records inserted in traffic table.
Timer fired: Sun May 10 07:56:14 2026
19 records inserted in traffic table.
Timer fired: Sun May 10 07:56:19 2026
5 records inserted in traffic table.
Timer fired: Sun May 10 07:56:24 2026
5 records inserted in traffic table.
Timer fired: Sun May 10 07:56:29 2026
6 records inserted in traffic table.
Timer fired: Sun May 10 07:56:34 2026
15 records inserted in traffic table.
Timer fired: Sun May 10 07:56:39 2026
13 records inserted in traffic table.
Timer fired: Sun May 10 07:56:44 2026
19 records inserted in traffic table.
Timer fired: Sun May 10 07:56:49 2026
21 records inserted in traffic table.
Timer fired: Sun May 10 07:56:54 2026
43 records inserted in traffic table.
Timer fired: Sun May 10 07:56:59 2026
43 records inserted in traffic table.
Timer fired: Sun May 10 07:57:04 2026
19 records inserted in traffic table.
Timer fired: Sun May 10 07:57:09 2026
5 records inserted in traffic table.
Timer fired: Sun May 10 07:57:14 2026
5 records inserted in traffic table.
Timer fired: Sun May 10 07:57:19 2026
5 records inserted in traffic table.
Timer fired: Sun May 10 07:57:24 2026
5 records inserted in traffic table.
Timer fired: Sun May 10 07:57:29 2026
18 records inserted in traffic table.
Timer fired: Sun May 10 07:57:34 2026
24 records inserted in traffic table.
Timer fired: Sun May 10 07:57:39 2026
41 records inserted in traffic table.
Timer fired: Sun May 10 07:57:44 2026
44 records inserted in traffic table.
Timer fired: Sun May 10 07:57:49 2026
13 records inserted in traffic table.
Timer fired: Sun May 10 07:57:54 2026
12 records inserted in traffic table.
Timer fired: Sun May 10 07:57:59 2026
11 records inserted in traffic table.
Timer fired: Sun May 10 07:58:04 2026
10 records inserted in traffic table.
Timer fired: Sun May 10 07:58:09 2026
4 records inserted in traffic table.
Timer fired: Sun May 10 07:58:14 2026
8 records inserted in traffic table.
Timer fired: Sun May 10 07:58:19 2026
10 records inserted in traffic table.
Timer fired: Sun May 10 07:58:24 2026
28 records inserted in traffic table.
Timer fired: Sun May 10 07:58:29 2026
42 records inserted in traffic table.
Timer fired: Sun May 10 07:58:34 2026
18 records inserted in traffic table.
Timer fired: Sun May 10 07:58:39 2026
9 records inserted in traffic table.
Timer fired: Sun May 10 07:58:44 2026
10 records inserted in traffic table.
Timer fired: Sun May 10 07:58:49 2026
6 records inserted in traffic table.
Timer fired: Sun May 10 07:58:54 2026
10 records inserted in traffic table.
Timer fired: Sun May 10 07:58:59 2026
14 records inserted in traffic table.
Timer fired: Sun May 10 07:59:04 2026
9 records inserted in traffic table.
Timer fired: Sun May 10 07:59:09 2026
16 records inserted in traffic table.
Timer fired: Sun May 10 07:59:14 2026
34 records inserted in traffic table.
Timer fired: Sun May 10 07:59:19 2026
9 records inserted in traffic table.
Timer fired: Sun May 10 07:59:24 2026
8 records inserted in traffic table.
Timer fired: Sun May 10 07:59:29 2026
6 records inserted in traffic table.
Timer fired: Sun May 10 07:59:34 2026
9 records inserted in traffic table.
Timer fired: Sun May 10 07:59:39 2026
7 records inserted in traffic table.
Timer fired: Sun May 10 07:59:44 2026
11 records inserted in traffic table.
Timer fired: Sun May 10 07:59:49 2026
6 records inserted in traffic table.
Timer fired: Sun May 10 07:59:54 2026
17 records inserted in traffic table.
Timer fired: Sun May 10 07:59:59 2026
32 records inserted in traffic table.
Timer fired: Sun May 10 08:00:04 2026
9 records inserted in traffic table.
Timer fired: Sun May 10 08:00:09 2026
2 records inserted in traffic table.
Timer fired: Sun May 10 08:00:14 2026
5 records inserted in traffic table.
Timer fired: Sun May 10 08:00:19 2026
2 records inserted in traffic table.
Timer fired: Sun May 10 08:00:24 2026
7 records inserted in traffic table.
Timer fired: Sun May 10 08:00:29 2026
9 records inserted in traffic table.
Timer fired: Sun May 10 08:00:34 2026
11 records inserted in traffic table.
Timer fired: Sun May 10 08:00:39 2026
18 records inserted in traffic table.
Timer fired: Sun May 10 08:00:44 2026
28 records inserted in traffic table.
Timer fired: Sun May 10 08:00:49 2026
9 records inserted in traffic table.
Timer fired: Sun May 10 08:00:54 2026
9 records inserted in traffic table.
Timer fired: Sun May 10 08:00:59 2026
12 records inserted in traffic table.
Timer fired: Sun May 10 08:01:04 2026
8 records inserted in traffic table.
Timer fired: Sun May 10 08:01:09 2026
43 records inserted in traffic table.
Timer fired: Sun May 10 08:01:14 2026
24 records inserted in traffic table.
Timer fired: Sun May 10 08:01:19 2026
13 records inserted in traffic table.
Timer fired: Sun May 10 08:01:24 2026
19 records inserted in traffic table.
Timer fired: Sun May 10 08:01:29 2026
15 records inserted in traffic table.
Timer fired: Sun May 10 08:01:34 2026
11 records inserted in traffic table.
Timer fired: Sun May 10 08:01:39 2026
8 records inserted in traffic table.
Timer fired: Sun May 10 08:01:44 2026
6 records inserted in traffic table.
Timer fired: Sun May 10 08:01:49 2026
5 records inserted in traffic table.
Timer fired: Sun May 10 08:01:54 2026
18 records inserted in traffic table.
Timer fired: Sun May 10 08:01:59 2026
32 records inserted in traffic table.
Timer fired: Sun May 10 08:02:04 2026
7 records inserted in traffic table.
Timer fired: Sun May 10 08:02:09 2026
25 records inserted in traffic table.
Timer fired: Sun May 10 08:02:14 2026
18 records inserted in traffic table.
Timer fired: Sun May 10 08:02:19 2026
9 records inserted in traffic table.
Timer fired: Sun May 10 08:02:24 2026
11 records inserted in traffic table.
Timer fired: Sun May 10 08:02:29 2026
5 records inserted in traffic table.
Timer fired: Sun May 10 08:02:34 2026
6 records inserted in traffic table.
Timer fired: Sun May 10 08:02:39 2026
13 records inserted in traffic table.
Timer fired: Sun May 10 08:02:44 2026
49 records inserted in traffic table.
Timer fired: Sun May 10 08:02:49 2026
5 records inserted in traffic table.
Timer fired: Sun May 10 08:02:54 2026
19 records inserted in traffic table.
Timer fired: Sun May 10 08:02:59 2026
48 records inserted in traffic table.
Timer fired: Sun May 10 08:03:04 2026
7 records inserted in traffic table.
Timer fired: Sun May 10 08:03:09 2026
10 records inserted in traffic table.
Timer fired: Sun May 10 08:03:14 2026
6 records inserted in traffic table.
Timer fired: Sun May 10 08:03:19 2026
3 records inserted in traffic table.
Timer fired: Sun May 10 08:03:24 2026
7 records inserted in traffic table.
Timer fired: Sun May 10 08:03:29 2026
27 records inserted in traffic table.
Timer fired: Sun May 10 08:03:34 2026
10 records inserted in traffic table.
Timer fired: Sun May 10 08:03:39 2026
46 records inserted in traffic table.
Timer fired: Sun May 10 08:03:44 2026
49 records inserted in traffic table.
Timer fired: Sun May 10 08:03:49 2026
12 records inserted in traffic table.
Timer fired: Sun May 10 08:03:54 2026
12 records inserted in traffic table.
Timer fired: Sun May 10 08:03:59 2026
13 records inserted in traffic table.
Timer fired: Sun May 10 08:04:04 2026
6 records inserted in traffic table.
Timer fired: Sun May 10 08:04:09 2026
8 records inserted in traffic table.
Timer fired: Sun May 10 08:04:14 2026
38 records inserted in traffic table.
Timer fired: Sun May 10 08:04:19 2026
20 records inserted in traffic table.
Timer fired: Sun May 10 08:04:24 2026
17 records inserted in traffic table.
Timer fired: Sun May 10 08:04:29 2026
49 records inserted in traffic table.
Timer fired: Sun May 10 08:04:34 2026
23 records inserted in traffic table.
Timer fired: Sun May 10 08:04:39 2026
12 records inserted in traffic table.
Timer fired: Sun May 10 08:04:44 2026
8 records inserted in traffic table.
Timer fired: Sun May 10 08:04:49 2026
6 records inserted in traffic table.
Timer fired: Sun May 10 08:04:54 2026
13 records inserted in traffic table.
Timer fired: Sun May 10 08:04:59 2026
48 records inserted in traffic table.
Timer fired: Sun May 10 08:05:04 2026
41 records inserted in traffic table.
Timer fired: Sun May 10 08:05:09 2026
8 records inserted in traffic table.
Timer fired: Sun May 10 08:05:14 2026
28 records inserted in traffic table.
Timer fired: Sun May 10 08:05:19 2026
25 records inserted in traffic table.
Timer fired: Sun May 10 08:05:24 2026
11 records inserted in traffic table.
Timer fired: Sun May 10 08:05:29 2026
4 records inserted in traffic table.
Timer fired: Sun May 10 08:05:34 2026
13 records inserted in traffic table.
Timer fired: Sun May 10 08:05:39 2026
9 records inserted in traffic table.
Timer fired: Sun May 10 08:05:44 2026
20 records inserted in traffic table.
Timer fired: Sun May 10 08:05:49 2026
23 records inserted in traffic table.
Timer fired: Sun May 10 08:05:54 2026
12 records inserted in traffic table.
Timer fired: Sun May 10 08:05:59 2026
24 records inserted in traffic table.
Timer fired: Sun May 10 08:06:04 2026
12 records inserted in traffic table.
Timer fired: Sun May 10 08:06:09 2026
5 records inserted in traffic table.
Timer fired: Sun May 10 08:06:14 2026
7 records inserted in traffic table.
Timer fired: Sun May 10 08:06:19 2026
8 records inserted in traffic table.
Timer fired: Sun May 10 08:06:24 2026
11 records inserted in traffic table.
Timer fired: Sun May 10 08:06:29 2026
14 records inserted in traffic table.
Timer fired: Sun May 10 08:06:34 2026
11 records inserted in traffic table.
Timer fired: Sun May 10 08:06:39 2026
23 records inserted in traffic table.
Timer fired: Sun May 10 08:06:44 2026
23 records inserted in traffic table.
Timer fired: Sun May 10 08:06:49 2026
11 records inserted in traffic table.
Timer fired: Sun May 10 08:06:54 2026
7 records inserted in traffic table.
Timer fired: Sun May 10 08:06:59 2026
8 records inserted in traffic table.
Timer fired: Sun May 10 08:07:04 2026
12 records inserted in traffic table.
Timer fired: Sun May 10 08:07:09 2026
6 records inserted in traffic table.
Timer fired: Sun May 10 08:07:14 2026
16 records inserted in traffic table.
Timer fired: Sun May 10 08:07:19 2026
6 records inserted in traffic table.
Timer fired: Sun May 10 08:07:24 2026
19 records inserted in traffic table.
Timer fired: Sun May 10 08:07:29 2026
16 records inserted in traffic table.
Timer fired: Sun May 10 08:07:34 2026
11 records inserted in traffic table.
Timer fired: Sun May 10 08:07:39 2026
7 records inserted in traffic table.
Timer fired: Sun May 10 08:07:44 2026
5 records inserted in traffic table.
Timer fired: Sun May 10 08:07:49 2026
1 records inserted in traffic table.
Timer fired: Sun May 10 08:07:54 2026
11 records inserted in traffic table.
Timer fired: Sun May 10 08:07:59 2026
15 records inserted in traffic table.
Timer fired: Sun May 10 08:08:04 2026
9 records inserted in traffic table.
Timer fired: Sun May 10 08:08:09 2026
13 records inserted in traffic table.
Timer fired: Sun May 10 08:08:14 2026
13 records inserted in traffic table.
Timer fired: Sun May 10 08:08:19 2026
8 records inserted in traffic table.
Timer fired: Sun May 10 08:08:24 2026
7 records inserted in traffic table.
Timer fired: Sun May 10 08:08:29 2026
2 records inserted in traffic table.
Timer fired: Sun May 10 08:08:34 2026
11 records inserted in traffic table.
Timer fired: Sun May 10 08:08:39 2026
11 records inserted in traffic table.
Timer fired: Sun May 10 08:08:44 2026
14 records inserted in traffic table.
Timer fired: Sun May 10 08:08:49 2026
4 records inserted in traffic table.
Timer fired: Sun May 10 08:08:54 2026
16 records inserted in traffic table.
Timer fired: Sun May 10 08:08:59 2026
14 records inserted in traffic table.
Timer fired: Sun May 10 08:09:04 2026
12 records inserted in traffic table.
Timer fired: Sun May 10 08:09:09 2026
4 records inserted in traffic table.
Timer fired: Sun May 10 08:09:14 2026
3 records inserted in traffic table.
Timer fired: Sun May 10 08:09:19 2026
3 records inserted in traffic table.
Timer fired: Sun May 10 08:09:24 2026
14 records inserted in traffic table.
Timer fired: Sun May 10 08:09:29 2026
12 records inserted in traffic table.
Timer fired: Sun May 10 08:09:34 2026
11 records inserted in traffic table.
Timer fired: Sun May 10 08:09:39 2026
12 records inserted in traffic table.
Timer fired: Sun May 10 08:09:44 2026
9 records inserted in traffic table.
Timer fired: Sun May 10 08:09:49 2026
4 records inserted in traffic table.
Timer fired: Sun May 10 08:09:54 2026
7 records inserted in traffic table.
Timer fired: Sun May 10 08:09:59 2026
7 records inserted in traffic table.
Timer fired: Sun May 10 08:10:04 2026
11 records inserted in traffic table.
Timer fired: Sun May 10 08:10:09 2026
10 records inserted in traffic table.
Timer fired: Sun May 10 08:10:14 2026
11 records inserted in traffic table.
Timer fired: Sun May 10 08:10:19 2026
5 records inserted in traffic table.
Timer fired: Sun May 10 08:10:24 2026
9 records inserted in traffic table.
Timer fired: Sun May 10 08:10:29 2026
8 records inserted in traffic table.
Timer fired: Sun May 10 08:10:34 2026
11 records inserted in traffic table.
Timer fired: Sun May 10 08:10:39 2026
8 records inserted in traffic table.
Timer fired: Sun May 10 08:10:44 2026
5 records inserted in traffic table.
Timer fired: Sun May 10 08:10:49 2026
3 records inserted in traffic table.
Timer fired: Sun May 10 08:10:54 2026
10 records inserted in traffic table.
Timer fired: Sun May 10 08:10:59 2026
13 records inserted in traffic table.
Timer fired: Sun May 10 08:11:04 2026
5 records inserted in traffic table.
Timer fired: Sun May 10 08:11:09 2026
6 records inserted in traffic table.
Timer fired: Sun May 10 08:11:14 2026
6 records inserted in traffic table.
Timer fired: Sun May 10 08:11:19 2026
9 records inserted in traffic table.
Timer fired: Sun May 10 08:11:24 2026
10 records inserted in traffic table.
Timer fired: Sun May 10 08:11:29 2026
6 records inserted in traffic table.
Timer fired: Sun May 10 08:11:34 2026
7 records inserted in traffic table.
Timer fired: Sun May 10 08:11:39 2026
8 records inserted in traffic table.
Timer fired: Sun May 10 08:11:44 2026
7 records inserted in traffic table.
Timer fired: Sun May 10 08:11:49 2026
7 records inserted in traffic table.
Timer fired: Sun May 10 08:11:54 2026
5 records inserted in traffic table.
Timer fired: Sun May 10 08:11:59 2026
7 records inserted in traffic table.
Timer fired: Sun May 10 08:12:04 2026
7 records inserted in traffic table.
Timer fired: Sun May 10 08:12:09 2026
6 records inserted in traffic table.
Timer fired: Sun May 10 08:12:14 2026
3 records inserted in traffic table.
Timer fired: Sun May 10 08:12:19 2026
3 records inserted in traffic table.
Timer fired: Sun May 10 08:12:24 2026
6 records inserted in traffic table.
Timer fired: Sun May 10 08:12:29 2026
9 records inserted in traffic table.
Timer fired: Sun May 10 08:12:34 2026
8 records inserted in traffic table.
Timer fired: Sun May 10 08:12:39 2026
7 records inserted in traffic table.
Timer fired: Sun May 10 08:12:44 2026
6 records inserted in traffic table.
Timer fired: Sun May 10 08:12:49 2026
7 records inserted in traffic table.
Timer fired: Sun May 10 08:12:54 2026
6 records inserted in traffic table.
Timer fired: Sun May 10 08:12:59 2026
4 records inserted in traffic table.
Timer fired: Sun May 10 08:13:04 2026
3 records inserted in traffic table.
Timer fired: Sun May 10 08:13:09 2026
8 records inserted in traffic table.
Timer fired: Sun May 10 08:13:14 2026
6 records inserted in traffic table.
Timer fired: Sun May 10 08:13:19 2026
3 records inserted in traffic table.
Timer fired: Sun May 10 08:13:24 2026
7 records inserted in traffic table.
Timer fired: Sun May 10 08:13:29 2026
9 records inserted in traffic table.
Timer fired: Sun May 10 08:13:34 2026
7 records inserted in traffic table.
Timer fired: Sun May 10 08:13:39 2026
5 records inserted in traffic table.
Timer fired: Sun May 10 08:13:44 2026
4 records inserted in traffic table.
Timer fired: Sun May 10 08:13:49 2026
5 records inserted in traffic table.
Timer fired: Sun May 10 08:13:54 2026
6 records inserted in traffic table.
Timer fired: Sun May 10 08:13:59 2026
10 records inserted in traffic table.
Timer fired: Sun May 10 08:14:04 2026
6 records inserted in traffic table.
Timer fired: Sun May 10 08:14:09 2026
7 records inserted in traffic table.
Timer fired: Sun May 10 08:14:14 2026
2 records inserted in traffic table.
Timer fired: Sun May 10 08:14:19 2026
6 records inserted in traffic table.
Timer fired: Sun May 10 08:14:24 2026
6 records inserted in traffic table.
Timer fired: Sun May 10 08:14:29 2026
6 records inserted in traffic table.
Timer fired: Sun May 10 08:14:34 2026
7 records inserted in traffic table.
Timer fired: Sun May 10 08:14:39 2026
3 records inserted in traffic table.
Timer fired: Sun May 10 08:14:44 2026
11 records inserted in traffic table.
Timer fired: Sun May 10 08:14:49 2026
6 records inserted in traffic table.
Timer fired: Sun May 10 08:14:54 2026
8 records inserted in traffic table.
Timer fired: Sun May 10 08:14:59 2026
4 records inserted in traffic table.
Timer fired: Sun May 10 08:15:04 2026
5 records inserted in traffic table.
Timer fired: Sun May 10 08:15:09 2026
10 records inserted in traffic table.
Timer fired: Sun May 10 08:15:14 2026
5 records inserted in traffic table.
Timer fired: Sun May 10 08:15:19 2026
4 records inserted in traffic table.
Timer fired: Sun May 10 08:15:24 2026
5 records inserted in traffic table.
Timer fired: Sun May 10 08:15:29 2026
9 records inserted in traffic table.
Timer fired: Sun May 10 08:15:34 2026
7 records inserted in traffic table.
Timer fired: Sun May 10 08:15:39 2026
4 records inserted in traffic table.
Timer fired: Sun May 10 08:15:44 2026
3 records inserted in traffic table.
Timer fired: Sun May 10 08:15:49 2026
4 records inserted in traffic table.
Timer fired: Sun May 10 08:15:54 2026
5 records inserted in traffic table.
Timer fired: Sun May 10 08:15:59 2026
3 records inserted in traffic table.
Timer fired: Sun May 10 08:16:04 2026
7 records inserted in traffic table.
Timer fired: Sun May 10 08:16:09 2026
6 records inserted in traffic table.
Timer fired: Sun May 10 08:16:14 2026
4 records inserted in traffic table.
Timer fired: Sun May 10 08:16:19 2026
4 records inserted in traffic table.
Timer fired: Sun May 10 08:16:24 2026
5 records inserted in traffic table.
Timer fired: Sun May 10 08:16:29 2026
6 records inserted in traffic table.
Timer fired: Sun May 10 08:16:34 2026
4 records inserted in traffic table.
Timer fired: Sun May 10 08:16:39 2026
5 records inserted in traffic table.
Timer fired: Sun May 10 08:16:44 2026
3 records inserted in traffic table.
Timer fired: Sun May 10 08:16:49 2026
8 records inserted in traffic table.
Timer fired: Sun May 10 08:16:54 2026
5 records inserted in traffic table.
Timer fired: Sun May 10 08:16:59 2026
3 records inserted in traffic table.
Timer fired: Sun May 10 08:17:04 2026
4 records inserted in traffic table.
Timer fired: Sun May 10 08:17:09 2026
3 records inserted in traffic table.
Timer fired: Sun May 10 08:17:14 2026
3 records inserted in traffic table.
Timer fired: Sun May 10 08:17:19 2026
6 records inserted in traffic table.
Timer fired: Sun May 10 08:17:24 2026
5 records inserted in traffic table.
Timer fired: Sun May 10 08:17:29 2026
5 records inserted in traffic table.
Timer fired: Sun May 10 08:17:34 2026
8 records inserted in traffic table.
Timer fired: Sun May 10 08:17:39 2026
5 records inserted in traffic table.
Timer fired: Sun May 10 08:17:44 2026
3 records inserted in traffic table.
Timer fired: Sun May 10 08:17:49 2026
5 records inserted in traffic table.
Timer fired: Sun May 10 08:17:54 2026
3 records inserted in traffic table.
Timer fired: Sun May 10 08:17:59 2026
4 records inserted in traffic table.
Timer fired: Sun May 10 08:18:04 2026
7 records inserted in traffic table.
Timer fired: Sun May 10 08:18:09 2026
6 records inserted in traffic table.
Timer fired: Sun May 10 08:18:14 2026
2 records inserted in traffic table.
Timer fired: Sun May 10 08:18:19 2026
3 records inserted in traffic table.
Timer fired: Sun May 10 08:18:24 2026
4 records inserted in traffic table.
Timer fired: Sun May 10 08:18:29 2026
4 records inserted in traffic table.
Timer fired: Sun May 10 08:18:34 2026
7 records inserted in traffic table.
Timer fired: Sun May 10 08:18:39 2026
4 records inserted in traffic table.
Timer fired: Sun May 10 08:18:44 2026
3 records inserted in traffic table.
Timer fired: Sun May 10 08:18:49 2026
6 records inserted in traffic table.
Timer fired: Sun May 10 08:18:54 2026
5 records inserted in traffic table.
Timer fired: Sun May 10 08:18:59 2026
3 records inserted in traffic table.
Timer fired: Sun May 10 08:19:04 2026
9 records inserted in traffic table.
Timer fired: Sun May 10 08:19:09 2026
6 records inserted in traffic table.
Timer fired: Sun May 10 08:19:14 2026
2 records inserted in traffic table.
Timer fired: Sun May 10 08:19:19 2026
2 records inserted in traffic table.
Timer fired: Sun May 10 08:19:24 2026
3 records inserted in traffic table.
Timer fired: Sun May 10 08:19:29 2026
4 records inserted in traffic table.
Timer fired: Sun May 10 08:19:34 2026
8 records inserted in traffic table.
Timer fired: Sun May 10 08:19:39 2026
7 records inserted in traffic table.
Timer fired: Sun May 10 08:19:44 2026
2 records inserted in traffic table.
Timer fired: Sun May 10 08:19:49 2026
30 records inserted in traffic table.
Timer fired: Sun May 10 08:19:54 2026
13 records inserted in traffic table.
Timer fired: Sun May 10 08:19:59 2026
5 records inserted in traffic table.
Timer fired: Sun May 10 08:20:04 2026
9 records inserted in traffic table.
Timer fired: Sun May 10 08:20:09 2026
3 records inserted in traffic table.
Timer fired: Sun May 10 08:20:14 2026
3 records inserted in traffic table.
Timer fired: Sun May 10 08:20:19 2026
5 records inserted in traffic table.
Timer fired: Sun May 10 08:20:24 2026
5 records inserted in traffic table.
Timer fired: Sun May 10 08:20:29 2026
5 records inserted in traffic table.
Timer fired: Sun May 10 08:20:34 2026
5 records inserted in traffic table.
Timer fired: Sun May 10 08:20:39 2026
24 records inserted in traffic table.
Timer fired: Sun May 10 08:20:44 2026
4 records inserted in traffic table.
Timer fired: Sun May 10 08:20:49 2026
7 records inserted in traffic table.
Timer fired: Sun May 10 08:20:54 2026
6 records inserted in traffic table.
Timer fired: Sun May 10 08:20:59 2026
4 records inserted in traffic table.
Timer fired: Sun May 10 08:21:04 2026
24 records inserted in traffic table.
Timer fired: Sun May 10 08:21:09 2026
4 records inserted in traffic table.
Timer fired: Sun May 10 08:21:14 2026
1 records inserted in traffic table.
Timer fired: Sun May 10 08:21:19 2026
2 records inserted in traffic table.
Timer fired: Sun May 10 08:21:24 2026
3 records inserted in traffic table.
Timer fired: Sun May 10 08:21:29 2026
7 records inserted in traffic table.
Timer fired: Sun May 10 08:21:34 2026
9 records inserted in traffic table.
Timer fired: Sun May 10 08:21:39 2026
5 records inserted in traffic table.
Timer fired: Sun May 10 08:21:44 2026
23 records inserted in traffic table.
Timer fired: Sun May 10 08:21:49 2026
18 records inserted in traffic table.
Timer fired: Sun May 10 08:21:54 2026
11 records inserted in traffic table.
Timer fired: Sun May 10 08:21:59 2026
3 records inserted in traffic table.
Timer fired: Sun May 10 08:22:04 2026
12 records inserted in traffic table.
Timer fired: Sun May 10 08:22:09 2026
4 records inserted in traffic table.
Timer fired: Sun May 10 08:22:14 2026
6 records inserted in traffic table.
Timer fired: Sun May 10 08:22:19 2026
30 records inserted in traffic table.
Timer fired: Sun May 10 08:22:24 2026
15 records inserted in traffic table.
Timer fired: Sun May 10 08:22:29 2026
5 records inserted in traffic table.
Timer fired: Sun May 10 08:22:34 2026
13 records inserted in traffic table.
Timer fired: Sun May 10 08:22:39 2026
6 records inserted in traffic table.
Timer fired: Sun May 10 08:22:44 2026
4 records inserted in traffic table.
Timer fired: Sun May 10 08:22:49 2026
10 records inserted in traffic table.
Timer fired: Sun May 10 08:22:54 2026
33 records inserted in traffic table.
Timer fired: Sun May 10 08:22:59 2026
4 records inserted in traffic table.
Timer fired: Sun May 10 08:23:04 2026
7 records inserted in traffic table.
Timer fired: Sun May 10 08:23:09 2026
5 records inserted in traffic table.
Timer fired: Sun May 10 08:23:14 2026
3 records inserted in traffic table.
Timer fired: Sun May 10 08:23:19 2026
1 records inserted in traffic table.
Timer fired: Sun May 10 08:23:24 2026
5 records inserted in traffic table.
Timer fired: Sun May 10 08:23:29 2026
3 records inserted in traffic table.
Timer fired: Sun May 10 08:23:34 2026
8 records inserted in traffic table.
Timer fired: Sun May 10 08:23:39 2026
17 records inserted in traffic table.
Timer fired: Sun May 10 08:23:44 2026
11 records inserted in traffic table.
Timer fired: Sun May 10 08:23:49 2026
6 records inserted in traffic table.
Timer fired: Sun May 10 08:23:54 2026
13 records inserted in traffic table.
Timer fired: Sun May 10 08:23:59 2026
1 records inserted in traffic table.
Timer fired: Sun May 10 08:24:04 2026
28 records inserted in traffic table.
Timer fired: Sun May 10 08:24:09 2026
8 records inserted in traffic table.
Timer fired: Sun May 10 08:24:14 2026
6 records inserted in traffic table.
Timer fired: Sun May 10 08:24:19 2026
2 records inserted in traffic table.
Timer fired: Sun May 10 08:24:24 2026
6 records inserted in traffic table.
Timer fired: Sun May 10 08:24:29 2026
24 records inserted in traffic table.
Timer fired: Sun May 10 08:24:34 2026
13 records inserted in traffic table.
Timer fired: Sun May 10 08:24:39 2026
7 records inserted in traffic table.
Timer fired: Sun May 10 08:24:44 2026
3 records inserted in traffic table.
Timer fired: Sun May 10 08:24:49 2026
9 records inserted in traffic table.
Timer fired: Sun May 10 08:24:54 2026
8 records inserted in traffic table.
Timer fired: Sun May 10 08:24:59 2026
3 records inserted in traffic table.
Timer fired: Sun May 10 08:25:04 2026
7 records inserted in traffic table.
Timer fired: Sun May 10 08:25:09 2026
6 records inserted in traffic table.
Timer fired: Sun May 10 08:25:14 2026
6 records inserted in traffic table.
Timer fired: Sun May 10 08:25:19 2026
27 records inserted in traffic table.
Timer fired: Sun May 10 08:25:24 2026
25 records inserted in traffic table.
Timer fired: Sun May 10 08:25:29 2026
8 records inserted in traffic table.
Timer fired: Sun May 10 08:25:34 2026
34 records inserted in traffic table.
Timer fired: Sun May 10 08:25:39 2026
6 records inserted in traffic table.
Timer fired: Sun May 10 08:25:44 2026
6 records inserted in traffic table.
Timer fired: Sun May 10 08:25:49 2026
6 records inserted in traffic table.
Timer fired: Sun May 10 08:25:54 2026
8 records inserted in traffic table.
Timer fired: Sun May 10 08:25:59 2026
2 records inserted in traffic table.
Timer fired: Sun May 10 08:26:04 2026
10 records inserted in traffic table.
Timer fired: Sun May 10 08:26:09 2026
49 records inserted in traffic table.
Timer fired: Sun May 10 08:26:14 2026
9 records inserted in traffic table.
Timer fired: Sun May 10 08:26:19 2026
30 records inserted in traffic table.
Timer fired: Sun May 10 08:26:24 2026
11 records inserted in traffic table.
Timer fired: Sun May 10 08:26:29 2026
5 records inserted in traffic table.
Timer fired: Sun May 10 08:26:34 2026
6 records inserted in traffic table.
Timer fired: Sun May 10 08:26:39 2026
7 records inserted in traffic table.
Timer fired: Sun May 10 08:26:44 2026
3 records inserted in traffic table.
Timer fired: Sun May 10 08:26:49 2026
9 records inserted in traffic table.
Timer fired: Sun May 10 08:26:54 2026
20 records inserted in traffic table.
Timer fired: Sun May 10 08:26:59 2026
26 records inserted in traffic table.
Timer fired: Sun May 10 08:27:04 2026
10 records inserted in traffic table.
Timer fired: Sun May 10 08:27:09 2026
22 records inserted in traffic table.
Timer fired: Sun May 10 08:27:14 2026
6 records inserted in traffic table.
Timer fired: Sun May 10 08:27:19 2026
34 records inserted in traffic table.
Timer fired: Sun May 10 08:27:24 2026
7 records inserted in traffic table.
Timer fired: Sun May 10 08:27:29 2026
5 records inserted in traffic table.
Timer fired: Sun May 10 08:27:34 2026
12 records inserted in traffic table.
Timer fired: Sun May 10 08:27:39 2026
14 records inserted in traffic table.
Timer fired: Sun May 10 08:27:44 2026
9 records inserted in traffic table.
Timer fired: Sun May 10 08:27:49 2026
5 records inserted in traffic table.
Timer fired: Sun May 10 08:27:54 2026
9 records inserted in traffic table.
Timer fired: Sun May 10 08:27:59 2026
1 records inserted in traffic table.
Timer fired: Sun May 10 08:28:04 2026
29 records inserted in traffic table.
Timer fired: Sun May 10 08:28:09 2026
3 records inserted in traffic table.
Timer fired: Sun May 10 08:28:14 2026
4 records inserted in traffic table.
Timer fired: Sun May 10 08:28:19 2026
36 records inserted in traffic table.
Timer fired: Sun May 10 08:28:24 2026
16 records inserted in traffic table.
Timer fired: Sun May 10 08:28:29 2026
10 records inserted in traffic table.
Timer fired: Sun May 10 08:28:34 2026
17 records inserted in traffic table.
Timer fired: Sun May 10 08:28:39 2026
13 records inserted in traffic table.
Timer fired: Sun May 10 08:28:44 2026
2 records inserted in traffic table.
Timer fired: Sun May 10 08:28:49 2026
10 records inserted in traffic table.
Timer fired: Sun May 10 08:28:54 2026
4 records inserted in traffic table.
Timer fired: Sun May 10 08:28:59 2026
2 records inserted in traffic table.
Timer fired: Sun May 10 08:29:04 2026
19 records inserted in traffic table.
Timer fired: Sun May 10 08:29:09 2026
13 records inserted in traffic table.
Timer fired: Sun May 10 08:29:14 2026
6 records inserted in traffic table.
Timer fired: Sun May 10 08:29:19 2026
14 records inserted in traffic table.
Timer fired: Sun May 10 08:29:24 2026
13 records inserted in traffic table.
Timer fired: Sun May 10 08:29:29 2026
5 records inserted in traffic table.
Timer fired: Sun May 10 08:29:34 2026
13 records inserted in traffic table.
Timer fired: Sun May 10 08:29:39 2026
4 records inserted in traffic table.
Timer fired: Sun May 10 08:29:44 2026
2 records inserted in traffic table.
Timer fired: Sun May 10 08:29:49 2026
15 records inserted in traffic table.
Timer fired: Sun May 10 08:29:54 2026
11 records inserted in traffic table.
Timer fired: Sun May 10 08:29:59 2026
5 records inserted in traffic table.
Timer fired: Sun May 10 08:30:04 2026
10 records inserted in traffic table.
Timer fired: Sun May 10 08:30:09 2026
10 records inserted in traffic table.
Timer fired: Sun May 10 08:30:14 2026
2 records inserted in traffic table.
Timer fired: Sun May 10 08:30:19 2026
33 records inserted in traffic table.
Timer fired: Sun May 10 08:30:24 2026
6 records inserted in traffic table.
Timer fired: Sun May 10 08:30:29 2026
6 records inserted in traffic table.
Timer fired: Sun May 10 08:30:34 2026
9 records inserted in traffic table.
Timer fired: Sun May 10 08:30:39 2026
15 records inserted in traffic table.
Timer fired: Sun May 10 08:30:44 2026
6 records inserted in traffic table.
Timer fired: Sun May 10 08:30:49 2026
7 records inserted in traffic table.
Timer fired: Sun May 10 08:30:54 2026
8 records inserted in traffic table.
Timer fired: Sun May 10 08:30:59 2026
18 records inserted in traffic table.
Timer fired: Sun May 10 08:31:04 2026
14 records inserted in traffic table.
Timer fired: Sun May 10 08:31:09 2026
5 records inserted in traffic table.
Timer fired: Sun May 10 08:31:14 2026
3 records inserted in traffic table.
Timer fired: Sun May 10 08:31:19 2026
5 records inserted in traffic table.
Timer fired: Sun May 10 08:31:24 2026
7 records inserted in traffic table.
Timer fired: Sun May 10 08:31:29 2026
7 records inserted in traffic table.
Timer fired: Sun May 10 08:31:34 2026
8 records inserted in traffic table.
Timer fired: Sun May 10 08:31:39 2026
7 records inserted in traffic table.
Timer fired: Sun May 10 08:31:44 2026
15 records inserted in traffic table.
Timer fired: Sun May 10 08:31:49 2026
8 records inserted in traffic table.
Timer fired: Sun May 10 08:31:54 2026
9 records inserted in traffic table.
Timer fired: Sun May 10 08:31:59 2026
5 records inserted in traffic table.
Timer fired: Sun May 10 08:32:04 2026
7 records inserted in traffic table.
Timer fired: Sun May 10 08:32:09 2026
4 records inserted in traffic table.
Timer fired: Sun May 10 08:32:14 2026
4 records inserted in traffic table.
Timer fired: Sun May 10 08:32:19 2026
10 records inserted in traffic table.
Timer fired: Sun May 10 08:32:24 2026
5 records inserted in traffic table.
Timer fired: Sun May 10 08:32:29 2026
33 records inserted in traffic table.
Timer fired: Sun May 10 08:32:34 2026
15 records inserted in traffic table.
Timer fired: Sun May 10 08:32:39 2026
7 records inserted in traffic table.
Timer fired: Sun May 10 08:32:44 2026
4 records inserted in traffic table.
Timer fired: Sun May 10 08:32:49 2026
8 records inserted in traffic table.
Timer fired: Sun May 10 08:32:54 2026
3 records inserted in traffic table.
Timer fired: Sun May 10 08:32:59 2026
3 records inserted in traffic table.
Timer fired: Sun May 10 08:33:04 2026
7 records inserted in traffic table.
Timer fired: Sun May 10 08:33:09 2026
7 records inserted in traffic table.
Timer fired: Sun May 10 08:33:14 2026
23 records inserted in traffic table.
Timer fired: Sun May 10 08:33:19 2026
4 records inserted in traffic table.
Timer fired: Sun May 10 08:33:24 2026
6 records inserted in traffic table.
Timer fired: Sun May 10 08:33:29 2026
9 records inserted in traffic table.
Timer fired: Sun May 10 08:33:34 2026
7 records inserted in traffic table.
Timer fired: Sun May 10 08:33:39 2026
4 records inserted in traffic table.
Timer fired: Sun May 10 08:33:44 2026
5 records inserted in traffic table.
Timer fired: Sun May 10 08:33:49 2026
7 records inserted in traffic table.
Timer fired: Sun May 10 08:33:54 2026
7 records inserted in traffic table.
Timer fired: Sun May 10 08:33:59 2026
15 records inserted in traffic table.
Timer fired: Sun May 10 08:34:04 2026
9 records inserted in traffic table.
Timer fired: Sun May 10 08:34:09 2026
4 records inserted in traffic table.
Timer fired: Sun May 10 08:34:14 2026
3 records inserted in traffic table.
Timer fired: Sun May 10 08:34:19 2026
4 records inserted in traffic table.
Timer fired: Sun May 10 08:34:24 2026
4 records inserted in traffic table.
Timer fired: Sun May 10 08:34:29 2026
5 records inserted in traffic table.
Timer fired: Sun May 10 08:34:34 2026
6 records inserted in traffic table.
Timer fired: Sun May 10 08:34:39 2026
6 records inserted in traffic table.
Timer fired: Sun May 10 08:34:44 2026
15 records inserted in traffic table.
Timer fired: Sun May 10 08:34:49 2026
9 records inserted in traffic table.
Timer fired: Sun May 10 08:34:54 2026
7 records inserted in traffic table.
Timer fired: Sun May 10 08:34:59 2026
4 records inserted in traffic table.
Timer fired: Sun May 10 08:35:04 2026
5 records inserted in traffic table.
Timer fired: Sun May 10 08:35:09 2026
9 records inserted in traffic table.
Timer fired: Sun May 10 08:35:14 2026
27 records inserted in traffic table.
Timer fired: Sun May 10 08:35:19 2026
6 records inserted in traffic table.
Timer fired: Sun May 10 08:35:24 2026
9 records inserted in traffic table.
Timer fired: Sun May 10 08:35:29 2026
5 records inserted in traffic table.
Timer fired: Sun May 10 08:35:34 2026
9 records inserted in traffic table.
Timer fired: Sun May 10 08:35:39 2026
7 records inserted in traffic table.
Timer fired: Sun May 10 08:35:44 2026
6 records inserted in traffic table.
Timer fired: Sun May 10 08:35:49 2026
4 records inserted in traffic table.
Timer fired: Sun May 10 08:35:54 2026
4 records inserted in traffic table.
Timer fired: Sun May 10 08:35:59 2026
23 records inserted in traffic table.
Timer fired: Sun May 10 08:36:04 2026
8 records inserted in traffic table.
Timer fired: Sun May 10 08:36:09 2026
12 records inserted in traffic table.
Timer fired: Sun May 10 08:36:14 2026
8 records inserted in traffic table.
Timer fired: Sun May 10 08:36:19 2026
1 records inserted in traffic table.
Timer fired: Sun May 10 08:36:24 2026
8 records inserted in traffic table.
Timer fired: Sun May 10 08:36:29 2026
4 records inserted in traffic table.
Timer fired: Sun May 10 08:36:34 2026
8 records inserted in traffic table.
Timer fired: Sun May 10 08:36:39 2026
4 records inserted in traffic table.
Timer fired: Sun May 10 08:36:44 2026
15 records inserted in traffic table.
Timer fired: Sun May 10 08:36:49 2026
7 records inserted in traffic table.
Timer fired: Sun May 10 08:36:54 2026
9 records inserted in traffic table.
Timer fired: Sun May 10 08:36:59 2026
3 records inserted in traffic table.
Timer fired: Sun May 10 08:37:04 2026
6 records inserted in traffic table.
Timer fired: Sun May 10 08:37:09 2026
6 records inserted in traffic table.
Timer fired: Sun May 10 08:37:14 2026
5 records inserted in traffic table.
Timer fired: Sun May 10 08:37:19 2026
2 records inserted in traffic table.
Timer fired: Sun May 10 08:37:24 2026
5 records inserted in traffic table.
Timer fired: Sun May 10 08:37:29 2026
14 records inserted in traffic table.
Timer fired: Sun May 10 08:37:34 2026
8 records inserted in traffic table.
Timer fired: Sun May 10 08:37:39 2026
8 records inserted in traffic table.
Timer fired: Sun May 10 08:37:44 2026
3 records inserted in traffic table.
Timer fired: Sun May 10 08:37:49 2026
4 records inserted in traffic table.
Timer fired: Sun May 10 08:37:54 2026
6 records inserted in traffic table.
Timer fired: Sun May 10 08:37:59 2026
3 records inserted in traffic table.
Timer fired: Sun May 10 08:38:04 2026
9 records inserted in traffic table.
Timer fired: Sun May 10 08:38:09 2026
4 records inserted in traffic table.
Timer fired: Sun May 10 08:38:14 2026
17 records inserted in traffic table.
Timer fired: Sun May 10 08:38:19 2026
3 records inserted in traffic table.
Timer fired: Sun May 10 08:38:24 2026
5 records inserted in traffic table.
Timer fired: Sun May 10 08:38:29 2026
5 records inserted in traffic table.
Timer fired: Sun May 10 08:38:34 2026
5 records inserted in traffic table.
Timer fired: Sun May 10 08:38:39 2026
3 records inserted in traffic table.
Timer fired: Sun May 10 08:38:44 2026
2 records inserted in traffic table.
Timer fired: Sun May 10 08:38:49 2026
6 records inserted in traffic table.
Timer fired: Sun May 10 08:38:54 2026
6 records inserted in traffic table.
Timer fired: Sun May 10 08:38:59 2026
11 records inserted in traffic table.
Timer fired: Sun May 10 08:39:04 2026
7 records inserted in traffic table.
Timer fired: Sun May 10 08:39:09 2026
6 records inserted in traffic table.
Timer fired: Sun May 10 08:39:14 2026
9 records inserted in traffic table.
Timer fired: Sun May 10 08:39:19 2026
1 records inserted in traffic table.
Timer fired: Sun May 10 08:39:24 2026
4 records inserted in traffic table.
Timer fired: Sun May 10 08:39:29 2026
3 records inserted in traffic table.
Timer fired: Sun May 10 08:39:34 2026
6 records inserted in traffic table.
Timer fired: Sun May 10 08:39:39 2026
4 records inserted in traffic table.
Timer fired: Sun May 10 08:39:44 2026
9 records inserted in traffic table.
Timer fired: Sun May 10 08:39:49 2026
5 records inserted in traffic table.
Timer fired: Sun May 10 08:39:54 2026
6 records inserted in traffic table.
Timer fired: Sun May 10 08:39:59 2026
6 records inserted in traffic table.
Timer fired: Sun May 10 08:40:04 2026
5 records inserted in traffic table.
Timer fired: Sun May 10 08:40:09 2026
2 records inserted in traffic table.
Timer fired: Sun May 10 08:40:14 2026
7 records inserted in traffic table.
Timer fired: Sun May 10 08:40:19 2026
1 records inserted in traffic table.
Timer fired: Sun May 10 08:40:24 2026
3 records inserted in traffic table.
Timer fired: Sun May 10 08:40:29 2026
5 records inserted in traffic table.
Timer fired: Sun May 10 08:40:34 2026
6 records inserted in traffic table.
Timer fired: Sun May 10 08:40:39 2026
5 records inserted in traffic table.
Timer fired: Sun May 10 08:40:44 2026
5 records inserted in traffic table.
Timer fired: Sun May 10 08:40:49 2026
12 records inserted in traffic table.
Timer fired: Sun May 10 08:40:54 2026
4 records inserted in traffic table.
Timer fired: Sun May 10 08:40:59 2026
3 records inserted in traffic table.
Timer fired: Sun May 10 08:41:04 2026
5 records inserted in traffic table.
Timer fired: Sun May 10 08:41:09 2026
8 records inserted in traffic table.
Timer fired: Sun May 10 08:41:14 2026
5 records inserted in traffic table.
Timer fired: Sun May 10 08:41:19 2026
2 records inserted in traffic table.
Timer fired: Sun May 10 08:41:24 2026
3 records inserted in traffic table.
Timer fired: Sun May 10 08:41:29 2026
8 records inserted in traffic table.
Timer fired: Sun May 10 08:41:34 2026
15 records inserted in traffic table.
Timer fired: Sun May 10 08:41:39 2026
4 records inserted in traffic table.
Timer fired: Sun May 10 08:41:44 2026
2 records inserted in traffic table.
Timer fired: Sun May 10 08:41:49 2026
7 records inserted in traffic table.
Timer fired: Sun May 10 08:41:54 2026
8 records inserted in traffic table.
Timer fired: Sun May 10 08:41:59 2026
4 records inserted in traffic table.
Timer fired: Sun May 10 08:42:04 2026
5 records inserted in traffic table.
Timer fired: Sun May 10 08:42:09 2026
4 records inserted in traffic table.
Timer fired: Sun May 10 08:42:14 2026
6 records inserted in traffic table.
Timer fired: Sun May 10 08:42:19 2026
8 records inserted in traffic table.
Timer fired: Sun May 10 08:42:24 2026
5 records inserted in traffic table.
Timer fired: Sun May 10 08:42:29 2026
4 records inserted in traffic table.
Timer fired: Sun May 10 08:42:34 2026
7 records inserted in traffic table.
Timer fired: Sun May 10 08:42:39 2026
5 records inserted in traffic table.
Timer fired: Sun May 10 08:42:44 2026
1 records inserted in traffic table.
Timer fired: Sun May 10 08:42:49 2026
4 records inserted in traffic table.
Timer fired: Sun May 10 08:42:54 2026
5 records inserted in traffic table.
Timer fired: Sun May 10 08:42:59 2026
6 records inserted in traffic table.
Timer fired: Sun May 10 08:43:04 2026
10 records inserted in traffic table.
Timer fired: Sun May 10 08:43:09 2026
7 records inserted in traffic table.
Timer fired: Sun May 10 08:43:14 2026
2 records inserted in traffic table.
Timer fired: Sun May 10 08:43:19 2026
3 records inserted in traffic table.
Timer fired: Sun May 10 08:43:24 2026
3 records inserted in traffic table.
Timer fired: Sun May 10 08:43:29 2026
3 records inserted in traffic table.
Timer fired: Sun May 10 08:43:34 2026
7 records inserted in traffic table.
Timer fired: Sun May 10 08:43:39 2026
5 records inserted in traffic table.
Timer fired: Sun May 10 08:43:44 2026
4 records inserted in traffic table.
Timer fired: Sun May 10 08:43:49 2026
8 records inserted in traffic table.
Timer fired: Sun May 10 08:43:54 2026
7 records inserted in traffic table.
Timer fired: Sun May 10 08:43:59 2026
2 records inserted in traffic table.
Timer fired: Sun May 10 08:44:04 2026
5 records inserted in traffic table.
Timer fired: Sun May 10 08:44:09 2026
5 records inserted in traffic table.
Timer fired: Sun May 10 08:44:14 2026
3 records inserted in traffic table.
Timer fired: Sun May 10 08:44:19 2026
3 records inserted in traffic table.
Timer fired: Sun May 10 08:44:24 2026
4 records inserted in traffic table.
Timer fired: Sun May 10 08:44:29 2026
5 records inserted in traffic table.
Timer fired: Sun May 10 08:44:34 2026
9 records inserted in traffic table.
Timer fired: Sun May 10 08:44:39 2026
8 records inserted in traffic table.
Timer fired: Sun May 10 08:44:44 2026
3 records inserted in traffic table.
Timer fired: Sun May 10 08:44:49 2026
4 records inserted in traffic table.
Timer fired: Sun May 10 08:44:54 2026
6 records inserted in traffic table.
Timer fired: Sun May 10 08:44:59 2026
2 records inserted in traffic table.
Timer fired: Sun May 10 08:45:04 2026
8 records inserted in traffic table.
Timer fired: Sun May 10 08:45:09 2026
12 records inserted in traffic table.
Timer fired: Sun May 10 08:45:14 2026
30 records inserted in traffic table.
Timer fired: Sun May 10 08:45:19 2026
4 records inserted in traffic table.
Timer fired: Sun May 10 08:45:24 2026
8 records inserted in traffic table.
Timer fired: Sun May 10 08:45:29 2026
3 records inserted in traffic table.
Timer fired: Sun May 10 08:45:34 2026
9 records inserted in traffic table.
Timer fired: Sun May 10 08:45:39 2026
5 records inserted in traffic table.
Timer fired: Sun May 10 08:45:44 2026
4 records inserted in traffic table.
Timer fired: Sun May 10 08:45:49 2026
3 records inserted in traffic table.
Timer fired: Sun May 10 08:45:54 2026
5 records inserted in traffic table.
Timer fired: Sun May 10 08:45:59 2026
29 records inserted in traffic table.
Timer fired: Sun May 10 08:46:04 2026
6 records inserted in traffic table.
Timer fired: Sun May 10 08:46:09 2026
6 records inserted in traffic table.
Timer fired: Sun May 10 08:46:14 2026
7 records inserted in traffic table.
Timer fired: Sun May 10 08:46:19 2026
3 records inserted in traffic table.
Timer fired: Sun May 10 08:46:24 2026
7 records inserted in traffic table.
Timer fired: Sun May 10 08:46:29 2026
4 records inserted in traffic table.
Timer fired: Sun May 10 08:46:34 2026
6 records inserted in traffic table.
Timer fired: Sun May 10 08:46:39 2026
4 records inserted in traffic table.
Timer fired: Sun May 10 08:46:44 2026
22 records inserted in traffic table.
Timer fired: Sun May 10 08:46:49 2026
4 records inserted in traffic table.
Timer fired: Sun May 10 08:46:54 2026
7 records inserted in traffic table.
Timer fired: Sun May 10 08:46:59 2026
3 records inserted in traffic table.
Timer fired: Sun May 10 08:47:04 2026
4 records inserted in traffic table.
Timer fired: Sun May 10 08:47:09 2026
5 records inserted in traffic table.
Timer fired: Sun May 10 08:47:14 2026
5 records inserted in traffic table.
Timer fired: Sun May 10 08:47:19 2026
3 records inserted in traffic table.
Timer fired: Sun May 10 08:47:24 2026
4 records inserted in traffic table.
Timer fired: Sun May 10 08:47:29 2026
18 records inserted in traffic table.
Timer fired: Sun May 10 08:47:34 2026
19 records inserted in traffic table.
Timer fired: Sun May 10 08:47:39 2026
5 records inserted in traffic table.
Timer fired: Sun May 10 08:47:44 2026
4 records inserted in traffic table.
Timer fired: Sun May 10 08:47:49 2026
3 records inserted in traffic table.
Timer fired: Sun May 10 08:47:54 2026
7 records inserted in traffic table.
Timer fired: Sun May 10 08:47:59 2026
2 records inserted in traffic table.
Timer fired: Sun May 10 08:48:04 2026
5 records inserted in traffic table.
Timer fired: Sun May 10 08:48:09 2026
4 records inserted in traffic table.
Timer fired: Sun May 10 08:48:14 2026
15 records inserted in traffic table.
Timer fired: Sun May 10 08:48:19 2026
9 records inserted in traffic table.
Timer fired: Sun May 10 08:48:24 2026
4 records inserted in traffic table.
Timer fired: Sun May 10 08:48:29 2026
3 records inserted in traffic table.
Timer fired: Sun May 10 08:48:34 2026
7 records inserted in traffic table.
Timer fired: Sun May 10 08:48:39 2026
3 records inserted in traffic table.
Timer fired: Sun May 10 08:48:44 2026
3 records inserted in traffic table.
Timer fired: Sun May 10 08:48:49 2026
4 records inserted in traffic table.
Timer fired: Sun May 10 08:48:54 2026
5 records inserted in traffic table.
Timer fired: Sun May 10 08:48:59 2026
15 records inserted in traffic table.
Timer fired: Sun May 10 08:49:04 2026
9 records inserted in traffic table.
Timer fired: Sun May 10 08:49:09 2026
4 records inserted in traffic table.
Timer fired: Sun May 10 08:49:14 2026
4 records inserted in traffic table.
Timer fired: Sun May 10 08:49:19 2026
3 records inserted in traffic table.
Timer fired: Sun May 10 08:49:24 2026
5 records inserted in traffic table.
Timer fired: Sun May 10 08:49:29 2026
3 records inserted in traffic table.
Timer fired: Sun May 10 08:49:34 2026
7 records inserted in traffic table.
Timer fired: Sun May 10 08:49:39 2026
3 records inserted in traffic table.
Timer fired: Sun May 10 08:49:44 2026
14 records inserted in traffic table.
Timer fired: Sun May 10 08:49:49 2026
9 records inserted in traffic table.
Timer fired: Sun May 10 08:49:54 2026
5 records inserted in traffic table.
Timer fired: Sun May 10 08:49:59 2026
3 records inserted in traffic table.
Timer fired: Sun May 10 08:50:04 2026
5 records inserted in traffic table.
Timer fired: Sun May 10 08:50:09 2026
2 records inserted in traffic table.
Timer fired: Sun May 10 08:50:14 2026
8 records inserted in traffic table.
Timer fired: Sun May 10 08:50:19 2026
5 records inserted in traffic table.
Timer fired: Sun May 10 08:50:24 2026
6 records inserted in traffic table.
Timer fired: Sun May 10 08:50:29 2026
6 records inserted in traffic table.
Timer fired: Sun May 10 08:50:34 2026
15 records inserted in traffic table.
Timer fired: Sun May 10 08:50:39 2026
3 records inserted in traffic table.
Timer fired: Sun May 10 08:50:44 2026
7 records inserted in traffic table.
Timer fired: Sun May 10 08:50:49 2026
7 records inserted in traffic table.
Timer fired: Sun May 10 08:50:54 2026
9 records inserted in traffic table.
Timer fired: Sun May 10 08:50:59 2026
6 records inserted in traffic table.
Timer fired: Sun May 10 08:51:04 2026
21 records inserted in traffic table.
Timer fired: Sun May 10 08:51:09 2026
3 records inserted in traffic table.
Timer fired: Sun May 10 08:51:14 2026
6 records inserted in traffic table.
Timer fired: Sun May 10 08:51:19 2026
3 records inserted in traffic table.
Timer fired: Sun May 10 08:51:24 2026
5 records inserted in traffic table.
Timer fired: Sun May 10 08:51:29 2026
3 records inserted in traffic table.
Timer fired: Sun May 10 08:51:34 2026
10 records inserted in traffic table.
Timer fired: Sun May 10 08:51:39 2026
5 records inserted in traffic table.
Timer fired: Sun May 10 08:51:44 2026
3 records inserted in traffic table.
Timer fired: Sun May 10 08:51:49 2026
3 records inserted in traffic table.
Timer fired: Sun May 10 08:51:54 2026
8 records inserted in traffic table.
Timer fired: Sun May 10 08:51:59 2026
3 records inserted in traffic table.
Timer fired: Sun May 10 08:52:04 2026
5 records inserted in traffic table.
Timer fired: Sun May 10 08:52:09 2026
3 records inserted in traffic table.
Timer fired: Sun May 10 08:52:14 2026
3 records inserted in traffic table.
Timer fired: Sun May 10 08:52:19 2026
2 records inserted in traffic table.
Timer fired: Sun May 10 08:52:24 2026
6 records inserted in traffic table.
Timer fired: Sun May 10 08:52:29 2026
2 records inserted in traffic table.
Timer fired: Sun May 10 08:52:34 2026
6 records inserted in traffic table.
Timer fired: Sun May 10 08:52:39 2026
7 records inserted in traffic table.
Timer fired: Sun May 10 08:52:44 2026
3 records inserted in traffic table.
Timer fired: Sun May 10 08:52:49 2026
3 records inserted in traffic table.
Timer fired: Sun May 10 08:52:54 2026
6 records inserted in traffic table.
Timer fired: Sun May 10 08:52:59 2026
2 records inserted in traffic table.
Timer fired: Sun May 10 08:53:04 2026
5 records inserted in traffic table.
Timer fired: Sun May 10 08:53:09 2026
4 records inserted in traffic table.
Timer fired: Sun May 10 08:53:14 2026
3 records inserted in traffic table.
Timer fired: Sun May 10 08:53:19 2026
1 records inserted in traffic table.
Timer fired: Sun May 10 08:53:24 2026
8 records inserted in traffic table.
Timer fired: Sun May 10 08:53:29 2026
3 records inserted in traffic table.
Timer fired: Sun May 10 08:53:34 2026
6 records inserted in traffic table.
Timer fired: Sun May 10 08:53:39 2026
4 records inserted in traffic table.
Timer fired: Sun May 10 08:53:44 2026
2 records inserted in traffic table.
Timer fired: Sun May 10 08:53:49 2026
2 records inserted in traffic table.
Timer fired: Sun May 10 08:53:54 2026
7 records inserted in traffic table.
Timer fired: Sun May 10 08:53:59 2026
3 records inserted in traffic table.
Timer fired: Sun May 10 08:54:04 2026
6 records inserted in traffic table.
Timer fired: Sun May 10 08:54:09 2026
6 records inserted in traffic table.
Timer fired: Sun May 10 08:54:14 2026
3 records inserted in traffic table.
Timer fired: Sun May 10 08:54:19 2026
3 records inserted in traffic table.
Timer fired: Sun May 10 08:54:24 2026
6 records inserted in traffic table.
Timer fired: Sun May 10 08:54:29 2026
2 records inserted in traffic table.
Timer fired: Sun May 10 08:54:34 2026
5 records inserted in traffic table.
Timer fired: Sun May 10 08:54:39 2026
5 records inserted in traffic table.
Timer fired: Sun May 10 08:54:44 2026
11 records inserted in traffic table.
Timer fired: Sun May 10 08:54:49 2026
34 records inserted in traffic table.
Timer fired: Sun May 10 08:54:54 2026
10 records inserted in traffic table.
Timer fired: Sun May 10 08:54:59 2026
6 records inserted in traffic table.
Timer fired: Sun May 10 08:55:04 2026
6 records inserted in traffic table.
Timer fired: Sun May 10 08:55:09 2026
9 records inserted in traffic table.
Timer fired: Sun May 10 08:55:14 2026
8 records inserted in traffic table.
Timer fired: Sun May 10 08:55:19 2026
6 records inserted in traffic table.
Timer fired: Sun May 10 08:55:24 2026
11 records inserted in traffic table.
Timer fired: Sun May 10 08:55:29 2026
3 records inserted in traffic table.
Timer fired: Sun May 10 08:55:34 2026
27 records inserted in traffic table.
Timer fired: Sun May 10 08:55:39 2026
7 records inserted in traffic table.
Timer fired: Sun May 10 08:55:44 2026
9 records inserted in traffic table.
Timer fired: Sun May 10 08:55:49 2026
14 records inserted in traffic table.
Timer fired: Sun May 10 08:55:54 2026
8 records inserted in traffic table.
Timer fired: Sun May 10 08:55:59 2026
5 records inserted in traffic table.
Timer fired: Sun May 10 08:56:04 2026
6 records inserted in traffic table.
Timer fired: Sun May 10 08:56:09 2026
4 records inserted in traffic table.
Timer fired: Sun May 10 08:56:14 2026
1 records inserted in traffic table.
Timer fired: Sun May 10 08:56:19 2026
17 records inserted in traffic table.
Timer fired: Sun May 10 08:56:24 2026
10 records inserted in traffic table.
Timer fired: Sun May 10 08:56:29 2026
7 records inserted in traffic table.
Timer fired: Sun May 10 08:56:34 2026
4 records inserted in traffic table.
Timer fired: Sun May 10 08:56:39 2026
3 records inserted in traffic table.
Timer fired: Sun May 10 08:56:44 2026
5 records inserted in traffic table.
Timer fired: Sun May 10 08:56:49 2026
9 records inserted in traffic table.
Timer fired: Sun May 10 08:56:54 2026
9 records inserted in traffic table.
Timer fired: Sun May 10 08:56:59 2026
3 records inserted in traffic table.
Timer fired: Sun May 10 08:57:04 2026
17 records inserted in traffic table.
Timer fired: Sun May 10 08:57:09 2026
8 records inserted in traffic table.
Timer fired: Sun May 10 08:57:14 2026
4 records inserted in traffic table.
Timer fired: Sun May 10 08:57:19 2026
4 records inserted in traffic table.
Timer fired: Sun May 10 08:57:24 2026
7 records inserted in traffic table.
Timer fired: Sun May 10 08:57:29 2026
4 records inserted in traffic table.
Timer fired: Sun May 10 08:57:34 2026
4 records inserted in traffic table.
Timer fired: Sun May 10 08:57:39 2026
5 records inserted in traffic table.
Timer fired: Sun May 10 08:57:44 2026
4 records inserted in traffic table.
Timer fired: Sun May 10 08:57:49 2026
13 records inserted in traffic table.
Timer fired: Sun May 10 08:57:54 2026
10 records inserted in traffic table.
Timer fired: Sun May 10 08:57:59 2026
4 records inserted in traffic table.
Timer fired: Sun May 10 08:58:04 2026
8 records inserted in traffic table.
Timer fired: Sun May 10 08:58:09 2026
5 records inserted in traffic table.
Timer fired: Sun May 10 08:58:14 2026
3 records inserted in traffic table.
Timer fired: Sun May 10 08:58:19 2026
1 records inserted in traffic table.
Timer fired: Sun May 10 08:58:24 2026
7 records inserted in traffic table.
Timer fired: Sun May 10 08:58:29 2026
4 records inserted in traffic table.
Timer fired: Sun May 10 08:58:34 2026
15 records inserted in traffic table.
Timer fired: Sun May 10 08:58:39 2026
9 records inserted in traffic table.
Timer fired: Sun May 10 08:58:44 2026
5 records inserted in traffic table.
Timer fired: Sun May 10 08:58:49 2026
9 records inserted in traffic table.
Timer fired: Sun May 10 08:58:54 2026
8 records inserted in traffic table.
Timer fired: Sun May 10 08:58:59 2026
3 records inserted in traffic table.
Timer fired: Sun May 10 08:59:04 2026
6 records inserted in traffic table.
Timer fired: Sun May 10 08:59:09 2026
7 records inserted in traffic table.
Timer fired: Sun May 10 08:59:14 2026
7 records inserted in traffic table.
Timer fired: Sun May 10 08:59:19 2026
22 records inserted in traffic table.
Timer fired: Sun May 10 09:51:18 2026
10 records inserted in traffic table.
Timer fired: Sun May 10 09:51:23 2026
26 records inserted in traffic table.
Timer fired: Sun May 10 09:51:28 2026
10 records inserted in traffic table.
Timer fired: Sun May 10 09:51:33 2026
6 records inserted in traffic table.
Timer fired: Sun May 10 09:51:38 2026
2 records inserted in traffic table.
Timer fired: Sun May 10 09:51:43 2026
2 records inserted in traffic table.
Timer fired: Sun May 10 09:51:48 2026
4 records inserted in traffic table.
Timer fired: Sun May 10 09:51:53 2026
5 records inserted in traffic table.
Timer fired: Sun May 10 09:51:58 2026
3 records inserted in traffic table.
Timer fired: Sun May 10 09:52:03 2026
7 records inserted in traffic table.
Timer fired: Sun May 10 09:52:08 2026
3 records inserted in traffic table.
Timer fired: Sun May 10 09:52:13 2026
8 records inserted in traffic table.
Timer fired: Sun May 10 09:52:18 2026
3 records inserted in traffic table.
Timer fired: Sun May 10 09:52:23 2026
7 records inserted in traffic table.
Timer fired: Sun May 10 09:52:28 2026
11 records inserted in traffic table.
Timer fired: Sun May 10 09:52:33 2026
6 records inserted in traffic table.
Timer fired: Sun May 10 09:52:38 2026
2 records inserted in traffic table.
Timer fired: Sun May 10 09:52:43 2026
4 records inserted in traffic table.
Timer fired: Sun May 10 09:52:48 2026
5 records inserted in traffic table.
Timer fired: Sun May 10 09:52:53 2026
5 records inserted in traffic table.
Timer fired: Sun May 10 09:52:58 2026
12 records inserted in traffic table.
Timer fired: Sun May 10 09:53:03 2026
7 records inserted in traffic table.
Timer fired: Sun May 10 09:53:08 2026
7 records inserted in traffic table.
Timer fired: Sun May 10 09:53:13 2026
2 records inserted in traffic table.
Timer fired: Sun May 10 09:53:18 2026
37 records inserted in traffic table.
Timer fired: Sun May 10 09:53:23 2026
8 records inserted in traffic table.
Timer fired: Sun May 10 09:53:28 2026
12 records inserted in traffic table.
Timer fired: Sun May 10 09:53:33 2026
10 records inserted in traffic table.
Timer fired: Sun May 10 09:53:38 2026
2 records inserted in traffic table.
Timer fired: Sun May 10 09:53:43 2026
7 records inserted in traffic table.
Timer fired: Sun May 10 09:53:48 2026
8 records inserted in traffic table.
Timer fired: Sun May 10 09:53:53 2026
4 records inserted in traffic table.
Timer fired: Sun May 10 09:53:58 2026
3 records inserted in traffic table.
Timer fired: Sun May 10 09:54:03 2026
25 records inserted in traffic table.
Timer fired: Sun May 10 09:54:08 2026
7 records inserted in traffic table.
Timer fired: Sun May 10 09:54:13 2026
4 records inserted in traffic table.
Timer fired: Sun May 10 09:54:18 2026
7 records inserted in traffic table.
Timer fired: Sun May 10 09:54:23 2026
6 records inserted in traffic table.
Timer fired: Sun May 10 09:54:28 2026
8 records inserted in traffic table.
Timer fired: Sun May 10 09:54:33 2026
9 records inserted in traffic table.
Timer fired: Sun May 10 09:54:38 2026
2 records inserted in traffic table.
Timer fired: Sun May 10 09:54:43 2026
2 records inserted in traffic table.
Timer fired: Sun May 10 09:54:48 2026
15 records inserted in traffic table.
Timer fired: Sun May 10 09:54:53 2026
8 records inserted in traffic table.
Timer fired: Sun May 10 09:54:58 2026
29 records inserted in traffic table.
Timer fired: Sun May 10 09:55:03 2026
6 records inserted in traffic table.
Timer fired: Sun May 10 09:55:08 2026
3 records inserted in traffic table.
Timer fired: Sun May 10 09:55:13 2026
5 records inserted in traffic table.
Timer fired: Sun May 10 09:55:18 2026
2 records inserted in traffic table.
Timer fired: Sun May 10 09:55:23 2026
5 records inserted in traffic table.
Timer fired: Sun May 10 09:55:28 2026
6 records inserted in traffic table.
Timer fired: Sun May 10 09:55:33 2026
3 records inserted in traffic table.
Timer fired: Sun May 10 09:55:38 2026
1 records inserted in traffic table.
Timer fired: Sun May 10 09:55:43 2026
2 records inserted in traffic table.
Timer fired: Sun May 10 09:55:48 2026
6 records inserted in traffic table.
Timer fired: Sun May 10 09:55:53 2026
3 records inserted in traffic table.
Timer fired: Sun May 10 09:55:58 2026
6 records inserted in traffic table.
Timer fired: Sun May 10 09:56:03 2026
5 records inserted in traffic table.
Timer fired: Sun May 10 09:56:08 2026
2 records inserted in traffic table.
Timer fired: Sun May 10 09:56:13 2026
2 records inserted in traffic table.
Timer fired: Sun May 10 09:56:18 2026
3 records inserted in traffic table.
Timer fired: Sun May 10 09:56:23 2026
7 records inserted in traffic table.
Timer fired: Sun May 10 09:56:28 2026
5 records inserted in traffic table.
Timer fired: Sun May 10 09:56:33 2026
5 records inserted in traffic table.
Timer fired: Sun May 10 09:56:38 2026
1 records inserted in traffic table.
Timer fired: Sun May 10 09:56:43 2026
4 records inserted in traffic table.
Timer fired: Sun May 10 09:56:48 2026
4 records inserted in traffic table.
Timer fired: Sun May 10 09:56:53 2026
4 records inserted in traffic table.
Timer fired: Sun May 10 09:56:58 2026
4 records inserted in traffic table.
Timer fired: Sun May 10 09:57:03 2026
3 records inserted in traffic table.
Timer fired: Sun May 10 09:57:08 2026
4 records inserted in traffic table.
Timer fired: Sun May 10 09:57:13 2026
5 records inserted in traffic table.
Timer fired: Sun May 10 09:57:18 2026
2 records inserted in traffic table.
Timer fired: Sun May 10 09:57:23 2026
6 records inserted in traffic table.
Timer fired: Sun May 10 09:57:28 2026
11 records inserted in traffic table.
Timer fired: Sun May 10 09:57:33 2026
4 records inserted in traffic table.
Timer fired: Sun May 10 09:57:38 2026
1 records inserted in traffic table.
Timer fired: Sun May 10 09:57:43 2026
2 records inserted in traffic table.
Timer fired: Sun May 10 09:57:48 2026
2 records inserted in traffic table.
Timer fired: Sun May 10 09:57:53 2026
4 records inserted in traffic table.
Timer fired: Sun May 10 09:57:58 2026
4 records inserted in traffic table.
Timer fired: Sun May 10 09:58:03 2026
3 records inserted in traffic table.
Timer fired: Sun May 10 09:58:08 2026
3 records inserted in traffic table.
Timer fired: Sun May 10 09:58:13 2026
7 records inserted in traffic table.
Timer fired: Sun May 10 09:58:18 2026
3 records inserted in traffic table.
Timer fired: Sun May 10 09:58:23 2026
5 records inserted in traffic table.
Timer fired: Sun May 10 09:58:28 2026
6 records inserted in traffic table.
Timer fired: Sun May 10 09:58:33 2026
5 records inserted in traffic table.
Timer fired: Sun May 10 09:58:38 2026
1 records inserted in traffic table.
Timer fired: Sun May 10 09:58:43 2026
3 records inserted in traffic table.
Timer fired: Sun May 10 09:58:48 2026
3 records inserted in traffic table.
Timer fired: Sun May 10 09:58:53 2026
4 records inserted in traffic table.
Timer fired: Sun May 10 09:58:58 2026
6 records inserted in traffic table.
Timer fired: Sun May 10 09:59:03 2026
5 records inserted in traffic table.
Timer fired: Sun May 10 09:59:08 2026
2 records inserted in traffic table.
Timer fired: Sun May 10 09:59:13 2026
4 records inserted in traffic table.
Timer fired: Sun May 10 09:59:18 2026
1 records inserted in traffic table.
Timer fired: Sun May 10 09:59:23 2026
5 records inserted in traffic table.
Timer fired: Sun May 10 09:59:28 2026
9 records inserted in traffic table.
Timer fired: Sun May 10 09:59:33 2026
4 records inserted in traffic table.
Timer fired: Sun May 10 09:59:38 2026
2 records inserted in traffic table.
Timer fired: Sun May 10 09:59:43 2026
5 records inserted in traffic table.
Timer fired: Sun May 10 09:59:48 2026
5 records inserted in traffic table.
Timer fired: Sun May 10 09:59:53 2026
4 records inserted in traffic table.
Timer fired: Sun May 10 09:59:58 2026
3 records inserted in traffic table.
Timer fired: Sun May 10 10:00:03 2026
5 records inserted in traffic table.
Timer fired: Sun May 10 10:00:08 2026
2 records inserted in traffic table.
Timer fired: Sun May 10 10:00:13 2026
4 records inserted in traffic table.
Timer fired: Sun May 10 10:00:18 2026
2 records inserted in traffic table.
Timer fired: Sun May 10 10:00:23 2026
6 records inserted in traffic table.
Timer fired: Sun May 10 10:00:28 2026
12 records inserted in traffic table.
Timer fired: Sun May 10 10:00:33 2026
4 records inserted in traffic table.
Timer fired: Sun May 10 10:00:38 2026
2 records inserted in traffic table.
Timer fired: Sun May 10 10:00:43 2026
3 records inserted in traffic table.
Timer fired: Sun May 10 10:00:48 2026
2 records inserted in traffic table.
Timer fired: Sun May 10 10:00:53 2026
4 records inserted in traffic table.
Timer fired: Sun May 10 10:00:58 2026
2 records inserted in traffic table.
Timer fired: Sun May 10 10:01:03 2026
6 records inserted in traffic table.
Timer fired: Sun May 10 10:01:08 2026
4 records inserted in traffic table.
Timer fired: Sun May 10 10:01:13 2026
5 records inserted in traffic table.
Timer fired: Sun May 10 10:01:18 2026
3 records inserted in traffic table.
Timer fired: Sun May 10 10:01:23 2026
7 records inserted in traffic table.
Timer fired: Sun May 10 10:01:28 2026
7 records inserted in traffic table.
Timer fired: Sun May 10 10:01:33 2026
5 records inserted in traffic table.
Timer fired: Sun May 10 10:01:38 2026
2 records inserted in traffic table.
Timer fired: Sun May 10 10:01:43 2026
2 records inserted in traffic table.
Timer fired: Sun May 10 10:01:48 2026
3 records inserted in traffic table.
Timer fired: Sun May 10 10:01:53 2026
5 records inserted in traffic table.
Timer fired: Sun May 10 10:01:58 2026
4 records inserted in traffic table.
Timer fired: Sun May 10 10:02:03 2026
7 records inserted in traffic table.
Timer fired: Sun May 10 10:02:08 2026
3 records inserted in traffic table.
Timer fired: Sun May 10 10:02:13 2026
3 records inserted in traffic table.
Timer fired: Sun May 10 10:02:18 2026
2 records inserted in traffic table.
Timer fired: Sun May 10 10:02:23 2026
6 records inserted in traffic table.
Timer fired: Sun May 10 10:02:28 2026
8 records inserted in traffic table.
Timer fired: Sun May 10 10:02:33 2026
3 records inserted in traffic table.
Timer fired: Sun May 10 10:02:38 2026
3 records inserted in traffic table.
Timer fired: Sun May 10 10:02:43 2026
6 records inserted in traffic table.
Timer fired: Sun May 10 10:02:48 2026
4 records inserted in traffic table.
Timer fired: Sun May 10 10:02:53 2026
3 records inserted in traffic table.
Timer fired: Sun May 10 10:02:58 2026
3 records inserted in traffic table.
Timer fired: Sun May 10 10:03:03 2026
3 records inserted in traffic table.
Timer fired: Sun May 10 10:03:08 2026
4 records inserted in traffic table.
Timer fired: Sun May 10 10:03:13 2026
4 records inserted in traffic table.
Timer fired: Sun May 10 10:03:18 2026
1 records inserted in traffic table.
Timer fired: Sun May 10 10:03:23 2026
6 records inserted in traffic table.
Timer fired: Sun May 10 10:03:28 2026
11 records inserted in traffic table.
Timer fired: Sun May 10 10:03:33 2026
7 records inserted in traffic table.
Timer fired: Sun May 10 10:03:38 2026
1 records inserted in traffic table.
Timer fired: Sun May 10 10:03:43 2026
2 records inserted in traffic table.
Timer fired: Sun May 10 10:03:48 2026
2 records inserted in traffic table.
Timer fired: Sun May 10 10:03:53 2026
3 records inserted in traffic table.
Timer fired: Sun May 10 10:03:58 2026
4 records inserted in traffic table.
Timer fired: Sun May 10 10:04:03 2026
4 records inserted in traffic table.
Timer fired: Sun May 10 10:04:08 2026
2 records inserted in traffic table.
Timer fired: Sun May 10 10:04:13 2026
6 records inserted in traffic table.
Timer fired: Sun May 10 10:04:18 2026
5 records inserted in traffic table.
Timer fired: Sun May 10 10:04:23 2026
5 records inserted in traffic table.
Timer fired: Sun May 10 10:04:28 2026
11 records inserted in traffic table.
Timer fired: Sun May 10 10:04:33 2026
4 records inserted in traffic table.
Timer fired: Sun May 10 10:04:38 2026
3 records inserted in traffic table.
Timer fired: Sun May 10 10:04:43 2026
4 records inserted in traffic table.
Timer fired: Sun May 10 10:04:48 2026
3 records inserted in traffic table.
Timer fired: Sun May 10 10:04:53 2026
4 records inserted in traffic table.
Timer fired: Sun May 10 10:04:58 2026
5 records inserted in traffic table.
Timer fired: Sun May 10 10:05:03 2026
7 records inserted in traffic table.
Timer fired: Sun May 10 10:05:08 2026
2 records inserted in traffic table.
Timer fired: Sun May 10 10:05:13 2026
3 records inserted in traffic table.
Timer fired: Sun May 10 10:05:18 2026
3 records inserted in traffic table.
Timer fired: Sun May 10 10:05:23 2026
7 records inserted in traffic table.
Timer fired: Sun May 10 10:05:28 2026
8 records inserted in traffic table.
Timer fired: Sun May 10 10:05:33 2026
3 records inserted in traffic table.
Timer fired: Sun May 10 10:05:38 2026
1 records inserted in traffic table.
Timer fired: Sun May 10 10:05:43 2026
5 records inserted in traffic table.
Timer fired: Sun May 10 10:05:48 2026
5 records inserted in traffic table.
Timer fired: Sun May 10 10:05:53 2026
5 records inserted in traffic table.
Timer fired: Sun May 10 10:05:58 2026
4 records inserted in traffic table.
Timer fired: Sun May 10 10:06:03 2026
5 records inserted in traffic table.
Timer fired: Sun May 10 10:06:08 2026
3 records inserted in traffic table.
Timer fired: Sun May 10 10:06:13 2026
4 records inserted in traffic table.
Timer fired: Sun May 10 10:06:18 2026
4 records inserted in traffic table.
Timer fired: Sun May 10 10:06:23 2026
8 records inserted in traffic table.
Timer fired: Sun May 10 10:06:28 2026
7 records inserted in traffic table.
Timer fired: Sun May 10 10:06:33 2026
4 records inserted in traffic table.
Timer fired: Sun May 10 10:06:38 2026
2 records inserted in traffic table.
Timer fired: Sun May 10 10:06:43 2026
4 records inserted in traffic table.
Timer fired: Sun May 10 10:06:48 2026
5 records inserted in traffic table.
Timer fired: Sun May 10 10:06:53 2026
3 records inserted in traffic table.
Timer fired: Sun May 10 10:06:58 2026
3 records inserted in traffic table.
Timer fired: Sun May 10 10:07:03 2026
4 records inserted in traffic table.
Timer fired: Sun May 10 10:07:08 2026
2 records inserted in traffic table.
Timer fired: Sun May 10 10:07:13 2026
7 records inserted in traffic table.
Timer fired: Sun May 10 10:07:18 2026
4 records inserted in traffic table.
Timer fired: Sun May 10 10:07:23 2026
6 records inserted in traffic table.
Timer fired: Sun May 10 10:07:28 2026
7 records inserted in traffic table.
Timer fired: Sun May 10 10:07:33 2026
4 records inserted in traffic table.
Timer fired: Sun May 10 10:07:38 2026
2 records inserted in traffic table.
Timer fired: Sun May 10 10:07:43 2026
3 records inserted in traffic table.
Timer fired: Sun May 10 10:07:48 2026
3 records inserted in traffic table.
Timer fired: Sun May 10 10:07:53 2026
3 records inserted in traffic table.
Timer fired: Sun May 10 10:07:58 2026
5 records inserted in traffic table.
Timer fired: Sun May 10 10:08:03 2026
4 records inserted in traffic table.
Timer fired: Sun May 10 10:08:08 2026
3 records inserted in traffic table.
Timer fired: Sun May 10 10:08:13 2026
4 records inserted in traffic table.
Timer fired: Sun May 10 10:08:18 2026
2 records inserted in traffic table.
Timer fired: Sun May 10 10:08:23 2026
6 records inserted in traffic table.
Timer fired: Sun May 10 10:08:28 2026
8 records inserted in traffic table.
Timer fired: Sun May 10 10:08:33 2026
3 records inserted in traffic table.
Timer fired: Sun May 10 10:08:38 2026
1 records inserted in traffic table.
Timer fired: Sun May 10 10:08:43 2026
5 records inserted in traffic table.
Timer fired: Sun May 10 10:08:48 2026
3 records inserted in traffic table.
Timer fired: Sun May 10 10:08:53 2026
6 records inserted in traffic table.
Timer fired: Sun May 10 10:08:58 2026
5 records inserted in traffic table.
Timer fired: Sun May 10 10:09:03 2026
5 records inserted in traffic table.
Timer fired: Sun May 10 10:09:08 2026
4 records inserted in traffic table.
Timer fired: Sun May 10 10:09:13 2026
4 records inserted in traffic table.
Timer fired: Sun May 10 10:09:18 2026
2 records inserted in traffic table.
Timer fired: Sun May 10 10:09:23 2026
5 records inserted in traffic table.
Timer fired: Sun May 10 10:09:28 2026
11 records inserted in traffic table.
Timer fired: Sun May 10 10:09:33 2026
6 records inserted in traffic table.
Timer fired: Sun May 10 10:09:38 2026
4 records inserted in traffic table.
Timer fired: Sun May 10 10:09:43 2026
3 records inserted in traffic table.
Timer fired: Sun May 10 10:09:48 2026
2 records inserted in traffic table.
Timer fired: Sun May 10 10:09:53 2026
4 records inserted in traffic table.
Timer fired: Sun May 10 10:09:58 2026
4 records inserted in traffic table.
Timer fired: Sun May 10 10:10:03 2026
5 records inserted in traffic table.
Timer fired: Sun May 10 10:10:08 2026
2 records inserted in traffic table.
Timer fired: Sun May 10 10:10:13 2026
6 records inserted in traffic table.
Timer fired: Sun May 10 10:10:18 2026
6 records inserted in traffic table.
Timer fired: Sun May 10 10:10:23 2026
5 records inserted in traffic table.
Timer fired: Sun May 10 10:10:28 2026
8 records inserted in traffic table.
Timer fired: Sun May 10 10:10:33 2026
4 records inserted in traffic table.
Timer fired: Sun May 10 10:10:38 2026
2 records inserted in traffic table.
Timer fired: Sun May 10 10:10:43 2026
2 records inserted in traffic table.
Timer fired: Sun May 10 10:10:48 2026
3 records inserted in traffic table.
Timer fired: Sun May 10 10:10:53 2026
4 records inserted in traffic table.
Timer fired: Sun May 10 10:10:58 2026
5 records inserted in traffic table.
Timer fired: Sun May 10 10:11:03 2026
6 records inserted in traffic table.
Timer fired: Sun May 10 10:11:08 2026
3 records inserted in traffic table.
Timer fired: Sun May 10 10:11:13 2026
3 records inserted in traffic table.
Timer fired: Sun May 10 10:11:18 2026
1 records inserted in traffic table.
Timer fired: Sun May 10 10:11:23 2026
7 records inserted in traffic table.
Timer fired: Sun May 10 10:11:28 2026
10 records inserted in traffic table.
Timer fired: Sun May 10 10:11:33 2026
4 records inserted in traffic table.
Timer fired: Sun May 10 10:11:38 2026
1 records inserted in traffic table.
Timer fired: Sun May 10 10:11:43 2026
4 records inserted in traffic table.
Timer fired: Sun May 10 10:11:48 2026
5 records inserted in traffic table.
Timer fired: Sun May 10 10:11:53 2026
5 records inserted in traffic table.
Timer fired: Sun May 10 10:11:58 2026
3 records inserted in traffic table.
Timer fired: Sun May 10 10:12:03 2026
4 records inserted in traffic table.
Timer fired: Sun May 10 10:12:08 2026
2 records inserted in traffic table.
Timer fired: Sun May 10 10:12:13 2026
7 records inserted in traffic table.
Timer fired: Sun May 10 10:12:18 2026
4 records inserted in traffic table.
Timer fired: Sun May 10 10:12:23 2026
5 records inserted in traffic table.
Timer fired: Sun May 10 10:12:28 2026
11 records inserted in traffic table.
Timer fired: Sun May 10 10:12:33 2026
10 records inserted in traffic table.
Timer fired: Sun May 10 10:12:38 2026
4 records inserted in traffic table.
Timer fired: Sun May 10 10:12:43 2026
3 records inserted in traffic table.
Timer fired: Sun May 10 10:12:48 2026
2 records inserted in traffic table.
Timer fired: Sun May 10 10:12:53 2026
3 records inserted in traffic table.
Timer fired: Sun May 10 10:12:58 2026
10 records inserted in traffic table.
Timer fired: Sun May 10 10:13:03 2026
5 records inserted in traffic table.
Timer fired: Sun May 10 10:13:08 2026
5 records inserted in traffic table.
Timer fired: Sun May 10 10:13:13 2026
5 records inserted in traffic table.
Timer fired: Sun May 10 10:13:18 2026
1 records inserted in traffic table.
Timer fired: Sun May 10 10:13:23 2026
4 records inserted in traffic table.
Timer fired: Sun May 10 10:13:28 2026
9 records inserted in traffic table.
Timer fired: Sun May 10 10:13:33 2026
5 records inserted in traffic table.
Timer fired: Sun May 10 10:13:38 2026
6 records inserted in traffic table.
Timer fired: Sun May 10 10:13:43 2026
7 records inserted in traffic table.
Timer fired: Sun May 10 10:13:48 2026
3 records inserted in traffic table.
Timer fired: Sun May 10 10:13:53 2026
3 records inserted in traffic table.
Timer fired: Sun May 10 10:13:58 2026
7 records inserted in traffic table.
Timer fired: Sun May 10 10:14:03 2026
3 records inserted in traffic table.
Timer fired: Sun May 10 10:14:08 2026
4 records inserted in traffic table.
Timer fired: Sun May 10 10:14:13 2026
4 records inserted in traffic table.
Timer fired: Sun May 10 10:14:18 2026
2 records inserted in traffic table.
Timer fired: Sun May 10 10:14:23 2026
5 records inserted in traffic table.
Timer fired: Sun May 10 10:14:28 2026
6 records inserted in traffic table.
Timer fired: Sun May 10 10:14:33 2026
5 records inserted in traffic table.
Timer fired: Sun May 10 10:14:38 2026
4 records inserted in traffic table.
Timer fired: Sun May 10 10:14:43 2026
5 records inserted in traffic table.
Timer fired: Sun May 10 10:14:48 2026
2 records inserted in traffic table.
Timer fired: Sun May 10 10:14:53 2026
3 records inserted in traffic table.
Timer fired: Sun May 10 10:14:58 2026
3 records inserted in traffic table.
Timer fired: Sun May 10 10:15:03 2026
5 records inserted in traffic table.
Timer fired: Sun May 10 10:15:08 2026
3 records inserted in traffic table.
Timer fired: Sun May 10 10:15:13 2026
4 records inserted in traffic table.
Timer fired: Sun May 10 10:15:18 2026
2 records inserted in traffic table.
Timer fired: Sun May 10 10:15:23 2026
4 records inserted in traffic table.
Timer fired: Sun May 10 10:15:28 2026
10 records inserted in traffic table.
Timer fired: Sun May 10 10:15:33 2026
4 records inserted in traffic table.
Timer fired: Sun May 10 10:15:38 2026
2 records inserted in traffic table.
Timer fired: Sun May 10 10:15:43 2026
4 records inserted in traffic table.
Timer fired: Sun May 10 10:15:48 2026
4 records inserted in traffic table.
Timer fired: Sun May 10 10:15:53 2026
4 records inserted in traffic table.
Timer fired: Sun May 10 10:15:58 2026
3 records inserted in traffic table.
Timer fired: Sun May 10 10:16:03 2026
4 records inserted in traffic table.
Timer fired: Sun May 10 10:16:08 2026
3 records inserted in traffic table.
Timer fired: Sun May 10 10:16:13 2026
6 records inserted in traffic table.
Timer fired: Sun May 10 10:16:18 2026
1 records inserted in traffic table.
Timer fired: Sun May 10 10:16:23 2026
6 records inserted in traffic table.
Timer fired: Sun May 10 10:16:28 2026
9 records inserted in traffic table.
Timer fired: Sun May 10 10:16:33 2026
4 records inserted in traffic table.
Timer fired: Sun May 10 10:16:38 2026
2 records inserted in traffic table.
Timer fired: Sun May 10 10:16:43 2026
3 records inserted in traffic table.
Timer fired: Sun May 10 10:16:48 2026
4 records inserted in traffic table.
Timer fired: Sun May 10 10:16:53 2026
4 records inserted in traffic table.
Timer fired: Sun May 10 10:16:58 2026
7 records inserted in traffic table.
Timer fired: Sun May 10 10:17:03 2026
4 records inserted in traffic table.
Timer fired: Sun May 10 10:17:08 2026
3 records inserted in traffic table.
Timer fired: Sun May 10 10:17:13 2026
4 records inserted in traffic table.
Timer fired: Sun May 10 10:17:18 2026
3 records inserted in traffic table.
Timer fired: Sun May 10 10:17:23 2026
4 records inserted in traffic table.
Timer fired: Sun May 10 10:17:28 2026
9 records inserted in traffic table.
Timer fired: Sun May 10 10:17:33 2026
5 records inserted in traffic table.
Timer fired: Sun May 10 10:17:38 2026
3 records inserted in traffic table.
Timer fired: Sun May 10 10:17:43 2026
6 records inserted in traffic table.
Timer fired: Sun May 10 10:17:48 2026
2 records inserted in traffic table.
Timer fired: Sun May 10 10:17:53 2026
3 records inserted in traffic table.
Timer fired: Sun May 10 10:17:58 2026
3 records inserted in traffic table.
Timer fired: Sun May 10 10:18:03 2026
4 records inserted in traffic table.
Timer fired: Sun May 10 10:18:08 2026
5 records inserted in traffic table.
Timer fired: Sun May 10 10:18:13 2026
5 records inserted in traffic table.
Timer fired: Sun May 10 10:18:18 2026
2 records inserted in traffic table.
Timer fired: Sun May 10 10:18:23 2026
7 records inserted in traffic table.
Timer fired: Sun May 10 10:18:28 2026
13 records inserted in traffic table.
Timer fired: Sun May 10 10:18:33 2026
3 records inserted in traffic table.
Timer fired: Sun May 10 10:18:38 2026
1 records inserted in traffic table.
Timer fired: Sun May 10 10:18:43 2026
3 records inserted in traffic table.
Timer fired: Sun May 10 10:18:48 2026
4 records inserted in traffic table.
Timer fired: Sun May 10 10:18:53 2026
4 records inserted in traffic table.
Timer fired: Sun May 10 10:18:58 2026
5 records inserted in traffic table.
Timer fired: Sun May 10 10:19:03 2026
3 records inserted in traffic table.
Timer fired: Sun May 10 10:19:08 2026
3 records inserted in traffic table.
Timer fired: Sun May 10 10:19:13 2026
9 records inserted in traffic table.
Timer fired: Sun May 10 10:19:18 2026
4 records inserted in traffic table.
Timer fired: Sun May 10 10:19:23 2026
5 records inserted in traffic table.
Timer fired: Sun May 10 10:19:28 2026
8 records inserted in traffic table.
Timer fired: Sun May 10 10:19:33 2026
4 records inserted in traffic table.
Timer fired: Sun May 10 10:19:38 2026
2 records inserted in traffic table.
Timer fired: Sun May 10 10:19:43 2026
2 records inserted in traffic table.
Timer fired: Sun May 10 10:19:48 2026
2 records inserted in traffic table.
Timer fired: Sun May 10 10:19:53 2026
5 records inserted in traffic table.
Timer fired: Sun May 10 10:19:58 2026
5 records inserted in traffic table.
Timer fired: Sun May 10 10:20:03 2026
9 records inserted in traffic table.
Timer fired: Sun May 10 10:20:08 2026
3 records inserted in traffic table.
Timer fired: Sun May 10 10:20:13 2026
3 records inserted in traffic table.
Timer fired: Sun May 10 10:20:18 2026
3 records inserted in traffic table.
Timer fired: Sun May 10 10:20:23 2026
5 records inserted in traffic table.
Timer fired: Sun May 10 10:20:28 2026
7 records inserted in traffic table.
Timer fired: Sun May 10 10:20:33 2026
6 records inserted in traffic table.
Timer fired: Sun May 10 10:20:38 2026
3 records inserted in traffic table.
Timer fired: Sun May 10 10:20:43 2026
5 records inserted in traffic table.
Timer fired: Sun May 10 10:20:48 2026
6 records inserted in traffic table.
Timer fired: Sun May 10 10:20:53 2026
3 records inserted in traffic table.
Timer fired: Sun May 10 10:20:58 2026
2 records inserted in traffic table.
Timer fired: Sun May 10 10:21:03 2026
5 records inserted in traffic table.
Timer fired: Sun May 10 10:21:08 2026
3 records inserted in traffic table.
Timer fired: Sun May 10 10:21:13 2026
4 records inserted in traffic table.
Timer fired: Sun May 10 10:21:18 2026
3 records inserted in traffic table.
Timer fired: Sun May 10 10:21:23 2026
9 records inserted in traffic table.
Timer fired: Sun May 10 10:21:28 2026
10 records inserted in traffic table.
Timer fired: Sun May 10 10:21:33 2026
10 records inserted in traffic table.
Timer fired: Sun May 10 10:21:38 2026
2 records inserted in traffic table.
Timer fired: Sun May 10 10:21:43 2026
2 records inserted in traffic table.
Timer fired: Sun May 10 10:21:48 2026
3 records inserted in traffic table.
Timer fired: Sun May 10 10:21:53 2026
4 records inserted in traffic table.
Timer fired: Sun May 10 10:21:58 2026
1 records inserted in traffic table.
Timer fired: Sun May 10 10:22:03 2026
6 records inserted in traffic table.
Timer fired: Sun May 10 10:22:08 2026
6 records inserted in traffic table.
Timer fired: Sun May 10 10:22:13 2026
4 records inserted in traffic table.
Timer fired: Sun May 10 10:22:18 2026
3 records inserted in traffic table.
Timer fired: Sun May 10 10:22:23 2026
6 records inserted in traffic table.
Timer fired: Sun May 10 10:22:28 2026
10 records inserted in traffic table.
Timer fired: Sun May 10 10:22:33 2026
6 records inserted in traffic table.
Timer fired: Sun May 10 10:22:38 2026
3 records inserted in traffic table.
Timer fired: Sun May 10 10:22:43 2026
2 records inserted in traffic table.
Timer fired: Sun May 10 10:22:48 2026
2 records inserted in traffic table.
Timer fired: Sun May 10 10:22:53 2026
7 records inserted in traffic table.
Timer fired: Sun May 10 10:22:58 2026
2 records inserted in traffic table.
Timer fired: Sun May 10 10:23:03 2026
6 records inserted in traffic table.
Timer fired: Sun May 10 10:23:08 2026
3 records inserted in traffic table.
Timer fired: Sun May 10 10:23:13 2026
4 records inserted in traffic table.
Timer fired: Sun May 10 10:23:18 2026
1 records inserted in traffic table.
Timer fired: Sun May 10 10:23:23 2026
7 records inserted in traffic table.
Timer fired: Sun May 10 10:23:28 2026
7 records inserted in traffic table.
Timer fired: Sun May 10 10:23:33 2026
7 records inserted in traffic table.
Timer fired: Sun May 10 10:23:38 2026
6 records inserted in traffic table.
Timer fired: Sun May 10 10:23:43 2026
1 records inserted in traffic table.
Timer fired: Sun May 10 10:23:48 2026
2 records inserted in traffic table.
Timer fired: Sun May 10 10:23:53 2026
5 records inserted in traffic table.
Timer fired: Sun May 10 10:23:58 2026
5 records inserted in traffic table.
Timer fired: Sun May 10 10:24:03 2026
4 records inserted in traffic table.
Timer fired: Sun May 10 10:24:08 2026
4 records inserted in traffic table.
Timer fired: Sun May 10 10:24:13 2026
3 records inserted in traffic table.
Timer fired: Sun May 10 10:24:18 2026
4 records inserted in traffic table.
Timer fired: Sun May 10 10:24:23 2026
6 records inserted in traffic table.
Timer fired: Sun May 10 10:24:28 2026
7 records inserted in traffic table.
Timer fired: Sun May 10 10:24:33 2026
6 records inserted in traffic table.
Timer fired: Sun May 10 10:24:38 2026
2 records inserted in traffic table.
Timer fired: Sun May 10 10:24:43 2026
3 records inserted in traffic table.
Timer fired: Sun May 10 10:24:48 2026
3 records inserted in traffic table.
Timer fired: Sun May 10 10:24:53 2026
6 records inserted in traffic table.
Timer fired: Sun May 10 10:24:58 2026
3 records inserted in traffic table.
Timer fired: Sun May 10 10:25:03 2026
5 records inserted in traffic table.
Timer fired: Sun May 10 10:25:08 2026
6 records inserted in traffic table.
Timer fired: Sun May 10 10:25:13 2026
4 records inserted in traffic table.
Timer fired: Sun May 10 10:25:18 2026
4 records inserted in traffic table.
Timer fired: Sun May 10 10:25:23 2026
4 records inserted in traffic table.
Timer fired: Sun May 10 10:25:28 2026
8 records inserted in traffic table.
Timer fired: Sun May 10 10:25:33 2026
6 records inserted in traffic table.
Timer fired: Sun May 10 10:25:38 2026
3 records inserted in traffic table.
Timer fired: Sun May 10 10:25:43 2026
3 records inserted in traffic table.
Timer fired: Sun May 10 10:25:48 2026
2 records inserted in traffic table.
Timer fired: Sun May 10 10:25:53 2026
8 records inserted in traffic table.
Timer fired: Sun May 10 10:25:58 2026
5 records inserted in traffic table.
Timer fired: Sun May 10 10:26:03 2026
4 records inserted in traffic table.
Timer fired: Sun May 10 10:26:08 2026
3 records inserted in traffic table.
Timer fired: Sun May 10 10:26:13 2026
3 records inserted in traffic table.
Timer fired: Sun May 10 10:26:18 2026
2 records inserted in traffic table.
Timer fired: Sun May 10 10:26:23 2026
6 records inserted in traffic table.
Timer fired: Sun May 10 10:26:28 2026
8 records inserted in traffic table.
Timer fired: Sun May 10 10:26:33 2026
5 records inserted in traffic table.
Timer fired: Sun May 10 10:26:38 2026
5 records inserted in traffic table.
Timer fired: Sun May 10 10:26:43 2026
2 records inserted in traffic table.
Timer fired: Sun May 10 10:26:48 2026
3 records inserted in traffic table.
Timer fired: Sun May 10 10:26:53 2026
4 records inserted in traffic table.
Timer fired: Sun May 10 10:26:58 2026
2 records inserted in traffic table.
Timer fired: Sun May 10 10:27:03 2026
6 records inserted in traffic table.
Timer fired: Sun May 10 10:27:08 2026
5 records inserted in traffic table.
Timer fired: Sun May 10 10:27:13 2026
5 records inserted in traffic table.
Timer fired: Sun May 10 10:27:18 2026
2 records inserted in traffic table.
Timer fired: Sun May 10 10:27:23 2026
6 records inserted in traffic table.
Timer fired: Sun May 10 10:27:28 2026
11 records inserted in traffic table.
Timer fired: Sun May 10 10:27:33 2026
6 records inserted in traffic table.
Timer fired: Sun May 10 10:27:38 2026
4 records inserted in traffic table.
Timer fired: Sun May 10 10:27:43 2026
1 records inserted in traffic table.
Timer fired: Sun May 10 10:27:48 2026
2 records inserted in traffic table.
Timer fired: Sun May 10 10:27:53 2026
5 records inserted in traffic table.
Timer fired: Sun May 10 10:27:58 2026
3 records inserted in traffic table.
Timer fired: Sun May 10 10:28:03 2026
7 records inserted in traffic table.
Timer fired: Sun May 10 10:28:08 2026
5 records inserted in traffic table.
Timer fired: Sun May 10 10:28:13 2026
5 records inserted in traffic table.
Timer fired: Sun May 10 10:28:18 2026
6 records inserted in traffic table.
Timer fired: Sun May 10 10:28:23 2026
4 records inserted in traffic table.
Timer fired: Sun May 10 10:28:28 2026
11 records inserted in traffic table.
Timer fired: Sun May 10 10:28:33 2026
7 records inserted in traffic table.
Timer fired: Sun May 10 10:28:38 2026
3 records inserted in traffic table.
Timer fired: Sun May 10 10:28:43 2026
2 records inserted in traffic table.
Timer fired: Sun May 10 10:28:48 2026
3 records inserted in traffic table.
Timer fired: Sun May 10 10:28:53 2026
7 records inserted in traffic table.
Timer fired: Sun May 10 10:28:58 2026
6 records inserted in traffic table.
Timer fired: Sun May 10 10:29:03 2026
9 records inserted in traffic table.
Timer fired: Sun May 10 10:29:08 2026
7 records inserted in traffic table.
Timer fired: Sun May 10 10:29:13 2026
5 records inserted in traffic table.
Timer fired: Sun May 10 10:29:18 2026
3 records inserted in traffic table.
Timer fired: Sun May 10 10:29:23 2026
7 records inserted in traffic table.
Timer fired: Sun May 10 10:29:28 2026
7 records inserted in traffic table.
Timer fired: Sun May 10 10:29:33 2026
6 records inserted in traffic table.
Timer fired: Sun May 10 10:29:38 2026
3 records inserted in traffic table.
Timer fired: Sun May 10 10:29:43 2026
4 records inserted in traffic table.
Timer fired: Sun May 10 10:29:48 2026
5 records inserted in traffic table.
Timer fired: Sun May 10 10:29:53 2026
7 records inserted in traffic table.
Timer fired: Sun May 10 10:29:58 2026
2 records inserted in traffic table.
Timer fired: Sun May 10 10:30:03 2026
7 records inserted in traffic table.
Timer fired: Sun May 10 10:30:08 2026
3 records inserted in traffic table.
Timer fired: Sun May 10 10:30:13 2026
4 records inserted in traffic table.
Timer fired: Sun May 10 10:30:18 2026
3 records inserted in traffic table.
Timer fired: Sun May 10 10:30:23 2026
6 records inserted in traffic table.
Timer fired: Sun May 10 10:30:28 2026
8 records inserted in traffic table.
Timer fired: Sun May 10 10:30:33 2026
7 records inserted in traffic table.
Timer fired: Sun May 10 10:30:38 2026
3 records inserted in traffic table.
Timer fired: Sun May 10 10:30:43 2026
1 records inserted in traffic table.
Timer fired: Sun May 10 10:30:48 2026
4 records inserted in traffic table.
Timer fired: Sun May 10 10:30:53 2026
4 records inserted in traffic table.
Timer fired: Sun May 10 10:30:58 2026
2 records inserted in traffic table.
Timer fired: Sun May 10 10:31:03 2026
4 records inserted in traffic table.
Timer fired: Sun May 10 10:31:08 2026
6 records inserted in traffic table.
Timer fired: Sun May 10 10:31:13 2026
4 records inserted in traffic table.
Timer fired: Sun May 10 10:31:18 2026
5 records inserted in traffic table.
Timer fired: Sun May 10 10:31:23 2026
7 records inserted in traffic table.
Timer fired: Sun May 10 10:31:28 2026
9 records inserted in traffic table.
Timer fired: Sun May 10 10:31:33 2026
8 records inserted in traffic table.
Timer fired: Sun May 10 10:31:38 2026
1 records inserted in traffic table.
Timer fired: Sun May 10 10:31:43 2026
3 records inserted in traffic table.
Timer fired: Sun May 10 10:31:48 2026
4 records inserted in traffic table.
Timer fired: Sun May 10 10:31:53 2026
7 records inserted in traffic table.
Timer fired: Sun May 10 10:31:58 2026
1 records inserted in traffic table.
Timer fired: Sun May 10 10:32:03 2026
6 records inserted in traffic table.
Timer fired: Sun May 10 10:32:08 2026
3 records inserted in traffic table.
Timer fired: Sun May 10 10:32:13 2026
3 records inserted in traffic table.
Timer fired: Sun May 10 10:32:18 2026
2 records inserted in traffic table.
Timer fired: Sun May 10 10:32:23 2026
5 records inserted in traffic table.
Timer fired: Sun May 10 10:32:28 2026
5 records inserted in traffic table.
Timer fired: Sun May 10 10:32:33 2026
6 records inserted in traffic table.
Timer fired: Sun May 10 10:32:38 2026
6 records inserted in traffic table.
Timer fired: Sun May 10 10:32:43 2026
7 records inserted in traffic table.
Timer fired: Sun May 10 10:32:48 2026
3 records inserted in traffic table.
Timer fired: Sun May 10 10:32:53 2026
4 records inserted in traffic table.
Timer fired: Sun May 10 10:32:58 2026
2 records inserted in traffic table.
Timer fired: Sun May 10 10:33:03 2026
6 records inserted in traffic table.
Timer fired: Sun May 10 10:33:08 2026
7 records inserted in traffic table.
Timer fired: Sun May 10 10:33:13 2026
4 records inserted in traffic table.
Timer fired: Sun May 10 10:33:18 2026
3 records inserted in traffic table.
Timer fired: Sun May 10 10:33:23 2026
12 records inserted in traffic table.
Timer fired: Sun May 10 10:33:28 2026
5 records inserted in traffic table.
Timer fired: Sun May 10 10:33:33 2026
9 records inserted in traffic table.
Timer fired: Sun May 10 10:33:38 2026
6 records inserted in traffic table.
Timer fired: Sun May 10 10:33:43 2026
2 records inserted in traffic table.
Timer fired: Sun May 10 10:33:48 2026
4 records inserted in traffic table.
Timer fired: Sun May 10 10:33:53 2026
4 records inserted in traffic table.
Timer fired: Sun May 10 10:33:58 2026
3 records inserted in traffic table.
Timer fired: Sun May 10 10:34:03 2026
5 records inserted in traffic table.
Timer fired: Sun May 10 10:34:08 2026
4 records inserted in traffic table.
Timer fired: Sun May 10 10:34:13 2026
1 records inserted in traffic table.
Timer fired: Sun May 10 10:34:18 2026
4 records inserted in traffic table.
Timer fired: Sun May 10 10:34:23 2026
5 records inserted in traffic table.
Timer fired: Sun May 10 10:34:28 2026
7 records inserted in traffic table.
Timer fired: Sun May 10 10:34:33 2026
6 records inserted in traffic table.
Timer fired: Sun May 10 10:34:38 2026
2 records inserted in traffic table.
Timer fired: Sun May 10 10:34:43 2026
3 records inserted in traffic table.
Timer fired: Sun May 10 10:34:48 2026
2 records inserted in traffic table.
Timer fired: Sun May 10 10:34:53 2026
6 records inserted in traffic table.
Timer fired: Sun May 10 10:34:58 2026
3 records inserted in traffic table.
Timer fired: Sun May 10 10:35:03 2026
6 records inserted in traffic table.
Timer fired: Sun May 10 10:35:08 2026
5 records inserted in traffic table.
Timer fired: Sun May 10 10:35:13 2026
2 records inserted in traffic table.
Timer fired: Sun May 10 10:35:18 2026
2 records inserted in traffic table.
Timer fired: Sun May 10 10:35:23 2026
4 records inserted in traffic table.
Timer fired: Sun May 10 10:35:28 2026
6 records inserted in traffic table.
Timer fired: Sun May 10 10:35:33 2026
6 records inserted in traffic table.
Timer fired: Sun May 10 10:35:38 2026
2 records inserted in traffic table.
Timer fired: Sun May 10 10:35:43 2026
2 records inserted in traffic table.
Timer fired: Sun May 10 10:35:48 2026
2 records inserted in traffic table.
Timer fired: Sun May 10 10:35:53 2026
5 records inserted in traffic table.
Timer fired: Sun May 10 10:35:58 2026
1 records inserted in traffic table.
Timer fired: Sun May 10 10:36:03 2026
5 records inserted in traffic table.
Timer fired: Sun May 10 10:36:08 2026
3 records inserted in traffic table.
Timer fired: Sun May 10 10:36:13 2026
3 records inserted in traffic table.
Timer fired: Sun May 10 10:36:18 2026
2 records inserted in traffic table.
Timer fired: Sun May 10 10:36:23 2026
6 records inserted in traffic table.
Timer fired: Sun May 10 10:36:28 2026
8 records inserted in traffic table.
Timer fired: Sun May 10 10:36:33 2026
6 records inserted in traffic table.
Timer fired: Sun May 10 10:36:38 2026
4 records inserted in traffic table.
Timer fired: Sun May 10 10:36:43 2026
3 records inserted in traffic table.
Timer fired: Sun May 10 10:36:48 2026
3 records inserted in traffic table.
Timer fired: Sun May 10 10:36:53 2026
4 records inserted in traffic table.
Timer fired: Sun May 10 10:36:58 2026
3 records inserted in traffic table.
Timer fired: Sun May 10 10:37:03 2026
6 records inserted in traffic table.
Timer fired: Sun May 10 10:37:08 2026
3 records inserted in traffic table.
Timer fired: Sun May 10 10:37:13 2026
4 records inserted in traffic table.
Timer fired: Sun May 10 10:37:18 2026
5 records inserted in traffic table.
Timer fired: Sun May 10 10:37:23 2026
5 records inserted in traffic table.
Timer fired: Sun May 10 10:37:28 2026
6 records inserted in traffic table.
Timer fired: Sun May 10 10:37:33 2026
8 records inserted in traffic table.
Timer fired: Sun May 10 10:37:38 2026
4 records inserted in traffic table.
Timer fired: Sun May 10 10:37:43 2026
1 records inserted in traffic table.
Timer fired: Sun May 10 10:37:48 2026
2 records inserted in traffic table.
Timer fired: Sun May 10 10:37:53 2026
3 records inserted in traffic table.
Timer fired: Sun May 10 10:37:58 2026
3 records inserted in traffic table.
Timer fired: Sun May 10 10:38:03 2026
7 records inserted in traffic table.
Timer fired: Sun May 10 10:38:08 2026
4 records inserted in traffic table.
Timer fired: Sun May 10 10:38:13 2026
4 records inserted in traffic table.
Timer fired: Sun May 10 10:38:18 2026
3 records inserted in traffic table.
Timer fired: Sun May 10 10:38:23 2026
4 records inserted in traffic table.
Timer fired: Sun May 10 10:38:28 2026
6 records inserted in traffic table.
Timer fired: Sun May 10 10:38:33 2026
7 records inserted in traffic table.
Timer fired: Sun May 10 10:38:38 2026
3 records inserted in traffic table.
Timer fired: Sun May 10 10:38:43 2026
2 records inserted in traffic table.
Timer fired: Sun May 10 10:38:48 2026
4 records inserted in traffic table.
Timer fired: Sun May 10 10:38:53 2026
5 records inserted in traffic table.
Timer fired: Sun May 10 10:38:58 2026
2 records inserted in traffic table.
Timer fired: Sun May 10 10:39:03 2026
5 records inserted in traffic table.
Timer fired: Sun May 10 10:39:08 2026
4 records inserted in traffic table.
Timer fired: Sun May 10 10:39:13 2026
4 records inserted in traffic table.
Timer fired: Sun May 10 10:39:18 2026
4 records inserted in traffic table.
Timer fired: Sun May 10 10:39:23 2026
3 records inserted in traffic table.
Timer fired: Sun May 10 10:39:28 2026
7 records inserted in traffic table.
Timer fired: Sun May 10 10:39:33 2026
9 records inserted in traffic table.
Timer fired: Sun May 10 10:39:38 2026
5 records inserted in traffic table.
Timer fired: Sun May 10 10:39:43 2026
3 records inserted in traffic table.
Timer fired: Sun May 10 10:39:48 2026
3 records inserted in traffic table.
Timer fired: Sun May 10 10:39:53 2026
5 records inserted in traffic table.
Timer fired: Sun May 10 10:39:58 2026
2 records inserted in traffic table.
Timer fired: Sun May 10 10:40:03 2026
5 records inserted in traffic table.
Timer fired: Sun May 10 10:40:08 2026
3 records inserted in traffic table.
Timer fired: Sun May 10 10:40:13 2026
4 records inserted in traffic table.
Timer fired: Sun May 10 10:40:18 2026
6 records inserted in traffic table.
Timer fired: Sun May 10 10:40:23 2026
6 records inserted in traffic table.
Timer fired: Sun May 10 10:40:28 2026
8 records inserted in traffic table.
Timer fired: Sun May 10 10:40:33 2026
6 records inserted in traffic table.
Timer fired: Sun May 10 10:40:38 2026
3 records inserted in traffic table.
Timer fired: Sun May 10 10:40:43 2026
2 records inserted in traffic table.
Timer fired: Sun May 10 10:40:48 2026
2 records inserted in traffic table.
Timer fired: Sun May 10 10:40:53 2026
4 records inserted in traffic table.
Timer fired: Sun May 10 10:40:58 2026
3 records inserted in traffic table.
Timer fired: Sun May 10 10:41:03 2026
4 records inserted in traffic table.
Timer fired: Sun May 10 10:41:08 2026
5 records inserted in traffic table.
Timer fired: Sun May 10 10:41:13 2026
4 records inserted in traffic table.
Timer fired: Sun May 10 10:41:18 2026
3 records inserted in traffic table.
Timer fired: Sun May 10 10:41:23 2026
5 records inserted in traffic table.
Timer fired: Sun May 10 10:41:28 2026
6 records inserted in traffic table.
Timer fired: Sun May 10 10:41:33 2026
6 records inserted in traffic table.
Timer fired: Sun May 10 10:41:38 2026
2 records inserted in traffic table.
Timer fired: Sun May 10 10:41:43 2026
3 records inserted in traffic table.
Timer fired: Sun May 10 10:41:48 2026
3 records inserted in traffic table.
Timer fired: Sun May 10 10:41:53 2026
4 records inserted in traffic table.
Timer fired: Sun May 10 10:41:58 2026
4 records inserted in traffic table.
Timer fired: Sun May 10 10:42:03 2026
6 records inserted in traffic table.
Timer fired: Sun May 10 10:42:08 2026
2 records inserted in traffic table.
Timer fired: Sun May 10 10:42:13 2026
2 records inserted in traffic table.
Timer fired: Sun May 10 10:42:18 2026
5 records inserted in traffic table.
Timer fired: Sun May 10 10:42:23 2026
3 records inserted in traffic table.
Timer fired: Sun May 10 10:42:28 2026
7 records inserted in traffic table.
Timer fired: Sun May 10 10:42:33 2026
8 records inserted in traffic table.
Timer fired: Sun May 10 10:42:38 2026
4 records inserted in traffic table.
Timer fired: Sun May 10 10:42:43 2026
4 records inserted in traffic table.
Timer fired: Sun May 10 10:42:48 2026
2 records inserted in traffic table.
Timer fired: Sun May 10 10:42:53 2026
4 records inserted in traffic table.
Timer fired: Sun May 10 10:42:58 2026
8 records inserted in traffic table.
Timer fired: Sun May 10 10:43:03 2026
5 records inserted in traffic table.
Timer fired: Sun May 10 10:43:08 2026
3 records inserted in traffic table.
Timer fired: Sun May 10 10:43:13 2026
3 records inserted in traffic table.
Timer fired: Sun May 10 10:43:18 2026
4 records inserted in traffic table.
Timer fired: Sun May 10 10:43:23 2026
4 records inserted in traffic table.
Timer fired: Sun May 10 10:43:28 2026
4 records inserted in traffic table.
Timer fired: Sun May 10 10:43:33 2026
7 records inserted in traffic table.
Timer fired: Sun May 10 10:43:38 2026
2 records inserted in traffic table.
Timer fired: Sun May 10 10:43:43 2026
2 records inserted in traffic table.
Timer fired: Sun May 10 10:43:48 2026
3 records inserted in traffic table.
Timer fired: Sun May 10 10:43:53 2026
3 records inserted in traffic table.
Timer fired: Sun May 10 10:43:58 2026
5 records inserted in traffic table.
Timer fired: Sun May 10 10:44:03 2026
5 records inserted in traffic table.
Timer fired: Sun May 10 10:44:08 2026
3 records inserted in traffic table.
Timer fired: Sun May 10 10:44:13 2026
1 records inserted in traffic table.
Timer fired: Sun May 10 10:44:18 2026
3 records inserted in traffic table.
Timer fired: Sun May 10 10:44:23 2026
4 records inserted in traffic table.
Timer fired: Sun May 10 10:44:28 2026
7 records inserted in traffic table.
Timer fired: Sun May 10 10:44:33 2026
7 records inserted in traffic table.
Timer fired: Sun May 10 10:44:38 2026
3 records inserted in traffic table.
Timer fired: Sun May 10 10:44:43 2026
4 records inserted in traffic table.
Timer fired: Sun May 10 10:44:48 2026
3 records inserted in traffic table.
Timer fired: Sun May 10 10:44:53 2026
5 records inserted in traffic table.
Timer fired: Sun May 10 10:44:58 2026
3 records inserted in traffic table.
Timer fired: Sun May 10 10:45:03 2026
6 records inserted in traffic table.
Timer fired: Sun May 10 10:45:08 2026
4 records inserted in traffic table.
Timer fired: Sun May 10 10:45:13 2026
2 records inserted in traffic table.
Timer fired: Sun May 10 10:45:18 2026
4 records inserted in traffic table.
Timer fired: Sun May 10 10:45:23 2026
3 records inserted in traffic table.
Timer fired: Sun May 10 10:45:28 2026
8 records inserted in traffic table.
Timer fired: Sun May 10 10:45:33 2026
6 records inserted in traffic table.
Timer fired: Sun May 10 10:45:38 2026
3 records inserted in traffic table.
Timer fired: Sun May 10 10:45:43 2026
2 records inserted in traffic table.
Timer fired: Sun May 10 10:45:48 2026
4 records inserted in traffic table.
Timer fired: Sun May 10 10:45:53 2026
4 records inserted in traffic table.
Timer fired: Sun May 10 10:45:58 2026
3 records inserted in traffic table.
Timer fired: Sun May 10 10:46:03 2026
5 records inserted in traffic table.
Timer fired: Sun May 10 10:46:08 2026
3 records inserted in traffic table.
Timer fired: Sun May 10 10:46:13 2026
5 records inserted in traffic table.
Timer fired: Sun May 10 10:46:18 2026
4 records inserted in traffic table.
Timer fired: Sun May 10 10:46:23 2026
5 records inserted in traffic table.
Timer fired: Sun May 10 10:46:28 2026
6 records inserted in traffic table.
Timer fired: Sun May 10 10:46:33 2026
7 records inserted in traffic table.
Timer fired: Sun May 10 10:46:38 2026
4 records inserted in traffic table.
Timer fired: Sun May 10 10:46:43 2026
1 records inserted in traffic table.
Timer fired: Sun May 10 10:46:48 2026
2 records inserted in traffic table.
Timer fired: Sun May 10 10:46:53 2026
4 records inserted in traffic table.
Timer fired: Sun May 10 10:46:58 2026
5 records inserted in traffic table.
Timer fired: Sun May 10 10:47:03 2026
5 records inserted in traffic table.
Timer fired: Sun May 10 10:47:08 2026
4 records inserted in traffic table.
Timer fired: Sun May 10 10:47:13 2026
3 records inserted in traffic table.
Timer fired: Sun May 10 10:47:18 2026
3 records inserted in traffic table.
Timer fired: Sun May 10 10:47:23 2026
4 records inserted in traffic table.
Timer fired: Sun May 10 10:47:28 2026
5 records inserted in traffic table.
Timer fired: Sun May 10 10:47:33 2026
8 records inserted in traffic table.
Timer fired: Sun May 10 10:47:38 2026
3 records inserted in traffic table.
Timer fired: Sun May 10 10:47:43 2026
6 records inserted in traffic table.
Timer fired: Sun May 10 10:47:48 2026
2 records inserted in traffic table.
Timer fired: Sun May 10 10:47:53 2026
4 records inserted in traffic table.
Timer fired: Sun May 10 10:47:58 2026
3 records inserted in traffic table.
Timer fired: Sun May 10 10:48:03 2026
5 records inserted in traffic table.
Timer fired: Sun May 10 10:48:08 2026
3 records inserted in traffic table.
Timer fired: Sun May 10 10:48:13 2026
2 records inserted in traffic table.
Timer fired: Sun May 10 10:48:18 2026
4 records inserted in traffic table.
Timer fired: Sun May 10 10:48:23 2026
4 records inserted in traffic table.
Timer fired: Sun May 10 10:48:28 2026
10 records inserted in traffic table.
Timer fired: Sun May 10 10:48:33 2026
9 records inserted in traffic table.
Timer fired: Sun May 10 10:48:38 2026
4 records inserted in traffic table.
Timer fired: Sun May 10 10:48:43 2026
3 records inserted in traffic table.
Timer fired: Sun May 10 10:48:48 2026
2 records inserted in traffic table.
Timer fired: Sun May 10 10:48:53 2026
3 records inserted in traffic table.
Timer fired: Sun May 10 10:48:58 2026
2 records inserted in traffic table.
Timer fired: Sun May 10 10:49:03 2026
5 records inserted in traffic table.
Timer fired: Sun May 10 10:49:08 2026
3 records inserted in traffic table.
Timer fired: Sun May 10 10:49:13 2026
6 records inserted in traffic table.
Timer fired: Sun May 10 10:49:18 2026
7 records inserted in traffic table.
Timer fired: Sun May 10 10:49:23 2026
4 records inserted in traffic table.
Timer fired: Sun May 10 10:49:28 2026
7 records inserted in traffic table.
Timer fired: Sun May 10 10:49:33 2026
7 records inserted in traffic table.
Timer fired: Sun May 10 10:49:38 2026
3 records inserted in traffic table.
Timer fired: Sun May 10 10:49:43 2026
2 records inserted in traffic table.
Timer fired: Sun May 10 10:49:48 2026
4 records inserted in traffic table.
Timer fired: Sun May 10 10:49:53 2026
3 records inserted in traffic table.
Timer fired: Sun May 10 10:49:58 2026
5 records inserted in traffic table.
Timer fired: Sun May 10 10:50:03 2026
6 records inserted in traffic table.
Timer fired: Sun May 10 10:50:08 2026
4 records inserted in traffic table.
Timer fired: Sun May 10 10:50:13 2026
1 records inserted in traffic table.
Timer fired: Sun May 10 10:50:18 2026
4 records inserted in traffic table.
Timer fired: Sun May 10 10:50:23 2026
3 records inserted in traffic table.
Timer fired: Sun May 10 10:50:28 2026
6 records inserted in traffic table.
Timer fired: Sun May 10 10:50:33 2026
7 records inserted in traffic table.
Timer fired: Sun May 10 10:50:38 2026
2 records inserted in traffic table.
Timer fired: Sun May 10 10:50:43 2026
2 records inserted in traffic table.
Timer fired: Sun May 10 10:50:48 2026
3 records inserted in traffic table.
Timer fired: Sun May 10 10:50:53 2026
5 records inserted in traffic table.
Timer fired: Sun May 10 10:50:58 2026
2 records inserted in traffic table.
Timer fired: Sun May 10 10:51:03 2026
4 records inserted in traffic table.
Timer fired: Sun May 10 10:51:08 2026
3 records inserted in traffic table.
Timer fired: Sun May 10 10:51:13 2026
4 records inserted in traffic table.
Timer fired: Sun May 10 10:51:18 2026
3 records inserted in traffic table.
Timer fired: Sun May 10 10:51:23 2026
6 records inserted in traffic table.
Timer fired: Sun May 10 10:51:28 2026
4 records inserted in traffic table.
Timer fired: Sun May 10 10:51:33 2026
6 records inserted in traffic table.
Timer fired: Sun May 10 10:51:38 2026
3 records inserted in traffic table.
Timer fired: Sun May 10 10:51:43 2026
1 records inserted in traffic table.
Timer fired: Sun May 10 10:51:48 2026
2 records inserted in traffic table.
Timer fired: Sun May 10 10:51:53 2026
3 records inserted in traffic table.
Timer fired: Sun May 10 10:51:58 2026
3 records inserted in traffic table.
Timer fired: Sun May 10 10:52:03 2026
4 records inserted in traffic table.
Timer fired: Sun May 10 10:52:08 2026
3 records inserted in traffic table.
Timer fired: Sun May 10 10:52:13 2026
2 records inserted in traffic table.
Timer fired: Sun May 10 10:52:18 2026
3 records inserted in traffic table.
Timer fired: Sun May 10 10:52:23 2026
4 records inserted in traffic table.
Timer fired: Sun May 10 10:52:28 2026
6 records inserted in traffic table.
Timer fired: Sun May 10 10:52:33 2026
6 records inserted in traffic table.
Timer fired: Sun May 10 10:52:38 2026
2 records inserted in traffic table.
Timer fired: Sun May 10 10:52:43 2026
3 records inserted in traffic table.
Timer fired: Sun May 10 10:52:48 2026
3 records inserted in traffic table.
Timer fired: Sun May 10 10:52:53 2026
4 records inserted in traffic table.
Timer fired: Sun May 10 10:52:58 2026
3 records inserted in traffic table.
Timer fired: Sun May 10 10:53:03 2026
5 records inserted in traffic table.
Timer fired: Sun May 10 10:53:08 2026
4 records inserted in traffic table.
Timer fired: Sun May 10 10:53:13 2026
5 records inserted in traffic table.
Timer fired: Sun May 10 10:53:18 2026
5 records inserted in traffic table.
Timer fired: Sun May 10 10:53:23 2026
4 records inserted in traffic table.
Timer fired: Sun May 10 10:53:28 2026
8 records inserted in traffic table.
Timer fired: Sun May 10 10:53:33 2026
7 records inserted in traffic table.
Timer fired: Sun May 10 10:53:38 2026
4 records inserted in traffic table.
Timer fired: Sun May 10 10:53:43 2026
2 records inserted in traffic table.
Timer fired: Sun May 10 10:53:48 2026
4 records inserted in traffic table.
Timer fired: Sun May 10 10:53:53 2026
6 records inserted in traffic table.
Timer fired: Sun May 10 10:53:58 2026
3 records inserted in traffic table.
Timer fired: Sun May 10 10:54:03 2026
5 records inserted in traffic table.
Timer fired: Sun May 10 10:54:08 2026
2 records inserted in traffic table.
Timer fired: Sun May 10 10:54:13 2026
5 records inserted in traffic table.
Timer fired: Sun May 10 10:54:18 2026
2 records inserted in traffic table.
Timer fired: Sun May 10 10:54:23 2026
6 records inserted in traffic table.
Timer fired: Sun May 10 10:54:28 2026
8 records inserted in traffic table.
Timer fired: Sun May 10 10:54:33 2026
7 records inserted in traffic table.
Timer fired: Sun May 10 10:54:38 2026
3 records inserted in traffic table.
Timer fired: Sun May 10 10:54:43 2026
3 records inserted in traffic table.
Timer fired: Sun May 10 10:54:48 2026
4 records inserted in traffic table.
Timer fired: Sun May 10 10:54:53 2026
4 records inserted in traffic table.
Timer fired: Sun May 10 10:54:58 2026
1 records inserted in traffic table.
Timer fired: Sun May 10 10:55:03 2026
5 records inserted in traffic table.
Timer fired: Sun May 10 10:55:08 2026
4 records inserted in traffic table.
Timer fired: Sun May 10 10:55:13 2026
5 records inserted in traffic table.
Timer fired: Sun May 10 10:55:18 2026
4 records inserted in traffic table.
Timer fired: Sun May 10 10:55:23 2026
5 records inserted in traffic table.
Timer fired: Sun May 10 10:55:28 2026
6 records inserted in traffic table.
Timer fired: Sun May 10 10:55:33 2026
7 records inserted in traffic table.
Timer fired: Sun May 10 10:55:38 2026
2 records inserted in traffic table.
Timer fired: Sun May 10 10:55:43 2026
2 records inserted in traffic table.
Timer fired: Sun May 10 10:55:48 2026
3 records inserted in traffic table.
Timer fired: Sun May 10 10:55:53 2026
6 records inserted in traffic table.
Timer fired: Sun May 10 10:55:58 2026
3 records inserted in traffic table.
Timer fired: Sun May 10 10:56:03 2026
6 records inserted in traffic table.
Timer fired: Sun May 10 10:56:08 2026
4 records inserted in traffic table.
Timer fired: Sun May 10 10:56:13 2026
4 records inserted in traffic table.
Timer fired: Sun May 10 10:56:18 2026
2 records inserted in traffic table.
Timer fired: Sun May 10 10:56:23 2026
5 records inserted in traffic table.
Timer fired: Sun May 10 10:56:28 2026
6 records inserted in traffic table.
Timer fired: Sun May 10 10:56:33 2026
7 records inserted in traffic table.
Timer fired: Sun May 10 10:56:38 2026
3 records inserted in traffic table.
Timer fired: Sun May 10 10:56:43 2026
3 records inserted in traffic table.
Timer fired: Sun May 10 10:56:48 2026
5 records inserted in traffic table.
Timer fired: Sun May 10 10:56:53 2026
8 records inserted in traffic table.
Timer fired: Sun May 10 10:56:58 2026
2 records inserted in traffic table.
Timer fired: Sun May 10 10:57:03 2026
5 records inserted in traffic table.
Timer fired: Sun May 10 10:57:08 2026
5 records inserted in traffic table.
Timer fired: Sun May 10 10:57:13 2026
4 records inserted in traffic table.
Timer fired: Sun May 10 10:57:18 2026
2 records inserted in traffic table.
Timer fired: Sun May 10 10:57:23 2026
6 records inserted in traffic table.
Timer fired: Sun May 10 10:57:28 2026
8 records inserted in traffic table.
Timer fired: Sun May 10 10:57:33 2026
9 records inserted in traffic table.
Timer fired: Sun May 10 10:57:38 2026
7 records inserted in traffic table.
Timer fired: Sun May 10 10:57:43 2026
2 records inserted in traffic table.
Timer fired: Sun May 10 10:57:48 2026
1 records inserted in traffic table.
Timer fired: Sun May 10 10:57:53 2026
5 records inserted in traffic table.
Timer fired: Sun May 10 10:57:58 2026
2 records inserted in traffic table.
Timer fired: Sun May 10 10:58:03 2026
5 records inserted in traffic table.
Timer fired: Sun May 10 10:58:08 2026
1 records inserted in traffic table.
Timer fired: Sun May 10 10:58:13 2026
4 records inserted in traffic table.
Timer fired: Sun May 10 10:58:18 2026
4 records inserted in traffic table.
Timer fired: Sun May 10 10:58:23 2026
9 records inserted in traffic table.
Timer fired: Sun May 10 10:58:28 2026
8 records inserted in traffic table.
Timer fired: Sun May 10 10:58:33 2026
8 records inserted in traffic table.
Timer fired: Sun May 10 10:58:38 2026
2 records inserted in traffic table.
Timer fired: Sun May 10 10:58:43 2026
2 records inserted in traffic table.
Timer fired: Sun May 10 10:58:48 2026
1 records inserted in traffic table.
Timer fired: Sun May 10 10:58:53 2026
4 records inserted in traffic table.
Timer fired: Sun May 10 10:58:58 2026
3 records inserted in traffic table.
Timer fired: Sun May 10 10:59:03 2026
7 records inserted in traffic table.
Timer fired: Sun May 10 10:59:08 2026
4 records inserted in traffic table.
Timer fired: Sun May 10 10:59:13 2026
4 records inserted in traffic table.
Timer fired: Sun May 10 10:59:18 2026
2 records inserted in traffic table.
Timer fired: Sun May 10 10:59:23 2026
5 records inserted in traffic table.
Timer fired: Sun May 10 10:59:28 2026
5 records inserted in traffic table.
Timer fired: Sun May 10 10:59:33 2026
8 records inserted in traffic table.
Timer fired: Sun May 10 10:59:38 2026
3 records inserted in traffic table.
Timer fired: Sun May 10 10:59:43 2026
4 records inserted in traffic table.
Timer fired: Sun May 10 10:59:48 2026
2 records inserted in traffic table.
Timer fired: Sun May 10 10:59:53 2026
6 records inserted in traffic table.
Timer fired: Sun May 10 10:59:58 2026
2 records inserted in traffic table.
Timer fired: Sun May 10 11:00:03 2026
6 records inserted in traffic table.
Timer fired: Sun May 10 11:00:08 2026
3 records inserted in traffic table.
Timer fired: Sun May 10 11:00:13 2026
4 records inserted in traffic table.
Timer fired: Sun May 10 11:00:18 2026
3 records inserted in traffic table.
Timer fired: Sun May 10 11:00:23 2026
6 records inserted in traffic table.
Timer fired: Sun May 10 11:00:28 2026
5 records inserted in traffic table.
Timer fired: Sun May 10 11:00:33 2026
8 records inserted in traffic table.
Timer fired: Sun May 10 11:00:38 2026
4 records inserted in traffic table.
Timer fired: Sun May 10 11:00:43 2026
3 records inserted in traffic table.
Timer fired: Sun May 10 11:00:48 2026
1 records inserted in traffic table.
Timer fired: Sun May 10 11:00:53 2026
4 records inserted in traffic table.
Timer fired: Sun May 10 11:00:58 2026
1 records inserted in traffic table.
Timer fired: Sun May 10 11:01:03 2026
6 records inserted in traffic table.
Timer fired: Sun May 10 11:01:08 2026
2 records inserted in traffic table.
Timer fired: Sun May 10 11:01:13 2026
6 records inserted in traffic table.
Timer fired: Sun May 10 11:01:18 2026
1 records inserted in traffic table.
Timer fired: Sun May 10 11:01:23 2026
9 records inserted in traffic table.
Timer fired: Sun May 10 11:01:28 2026
6 records inserted in traffic table.
Timer fired: Sun May 10 11:01:33 2026
9 records inserted in traffic table.
Timer fired: Sun May 10 11:01:38 2026
2 records inserted in traffic table.
Timer fired: Sun May 10 11:01:43 2026
3 records inserted in traffic table.
Timer fired: Sun May 10 11:01:48 2026
2 records inserted in traffic table.
Timer fired: Sun May 10 11:01:53 2026
4 records inserted in traffic table.
Timer fired: Sun May 10 11:01:58 2026
3 records inserted in traffic table.
Timer fired: Sun May 10 11:02:03 2026
5 records inserted in traffic table.
Timer fired: Sun May 10 11:02:08 2026
2 records inserted in traffic table.
Timer fired: Sun May 10 11:02:13 2026
4 records inserted in traffic table.
Timer fired: Sun May 10 11:02:18 2026
3 records inserted in traffic table.
Timer fired: Sun May 10 11:02:23 2026
5 records inserted in traffic table.
Timer fired: Sun May 10 11:02:28 2026
5 records inserted in traffic table.
Timer fired: Sun May 10 11:02:33 2026
7 records inserted in traffic table.
Timer fired: Sun May 10 11:02:38 2026
2 records inserted in traffic table.
Timer fired: Sun May 10 11:02:43 2026
4 records inserted in traffic table.
Timer fired: Sun May 10 11:02:48 2026
2 records inserted in traffic table.
Timer fired: Sun May 10 11:02:53 2026
6 records inserted in traffic table.
Timer fired: Sun May 10 11:02:58 2026
2 records inserted in traffic table.
Timer fired: Sun May 10 11:03:03 2026
6 records inserted in traffic table.
Timer fired: Sun May 10 11:03:08 2026
2 records inserted in traffic table.
Timer fired: Sun May 10 11:03:13 2026
5 records inserted in traffic table.
Timer fired: Sun May 10 11:03:18 2026
2 records inserted in traffic table.
Timer fired: Sun May 10 11:03:23 2026
5 records inserted in traffic table.
Timer fired: Sun May 10 11:03:28 2026
9 records inserted in traffic table.
Timer fired: Sun May 10 11:03:33 2026
8 records inserted in traffic table.
Timer fired: Sun May 10 11:03:38 2026
4 records inserted in traffic table.
Timer fired: Sun May 10 11:03:43 2026
3 records inserted in traffic table.
Timer fired: Sun May 10 11:03:48 2026
2 records inserted in traffic table.
Timer fired: Sun May 10 11:03:53 2026
5 records inserted in traffic table.
Timer fired: Sun May 10 11:03:58 2026
2 records inserted in traffic table.
Timer fired: Sun May 10 11:04:03 2026
7 records inserted in traffic table.
Timer fired: Sun May 10 11:04:08 2026
1 records inserted in traffic table.
Timer fired: Sun May 10 11:04:13 2026
6 records inserted in traffic table.
Timer fired: Sun May 10 11:04:18 2026
4 records inserted in traffic table.
Timer fired: Sun May 10 11:04:23 2026
9 records inserted in traffic table.
Timer fired: Sun May 10 11:04:28 2026
4 records inserted in traffic table.
Timer fired: Sun May 10 11:04:33 2026
8 records inserted in traffic table.
Timer fired: Sun May 10 11:04:38 2026
2 records inserted in traffic table.
Timer fired: Sun May 10 11:04:43 2026
3 records inserted in traffic table.
Timer fired: Sun May 10 11:04:48 2026
3 records inserted in traffic table.
Timer fired: Sun May 10 11:04:53 2026
5 records inserted in traffic table.
Timer fired: Sun May 10 11:04:58 2026
3 records inserted in traffic table.
Timer fired: Sun May 10 11:05:03 2026
10 records inserted in traffic table.
Timer fired: Sun May 10 11:05:08 2026
3 records inserted in traffic table.
Timer fired: Sun May 10 11:05:13 2026
4 records inserted in traffic table.
Timer fired: Sun May 10 11:05:18 2026
1 records inserted in traffic table.
Timer fired: Sun May 10 11:05:23 2026
6 records inserted in traffic table.
Timer fired: Sun May 10 11:05:28 2026
5 records inserted in traffic table.
Timer fired: Sun May 10 11:05:33 2026
7 records inserted in traffic table.
Timer fired: Sun May 10 11:05:38 2026
2 records inserted in traffic table.
Timer fired: Sun May 10 11:05:43 2026
3 records inserted in traffic table.
Timer fired: Sun May 10 11:05:48 2026
4 records inserted in traffic table.
Timer fired: Sun May 10 11:05:53 2026
7 records inserted in traffic table.
Timer fired: Sun May 10 11:05:58 2026
3 records inserted in traffic table.
Timer fired: Sun May 10 11:06:03 2026
5 records inserted in traffic table.
Timer fired: Sun May 10 11:06:08 2026
2 records inserted in traffic table.
Timer fired: Sun May 10 11:06:13 2026
3 records inserted in traffic table.
Timer fired: Sun May 10 11:06:18 2026
2 records inserted in traffic table.
Timer fired: Sun May 10 11:06:23 2026
9 records inserted in traffic table.
Timer fired: Sun May 10 11:06:28 2026
5 records inserted in traffic table.
Timer fired: Sun May 10 11:06:33 2026
10 records inserted in traffic table.
Timer fired: Sun May 10 11:06:38 2026
4 records inserted in traffic table.
Timer fired: Sun May 10 11:06:43 2026
2 records inserted in traffic table.
Timer fired: Sun May 10 11:06:48 2026
1 records inserted in traffic table.
Timer fired: Sun May 10 11:06:53 2026
6 records inserted in traffic table.
Timer fired: Sun May 10 11:06:58 2026
3 records inserted in traffic table.
Timer fired: Sun May 10 11:07:03 2026
6 records inserted in traffic table.
Timer fired: Sun May 10 11:07:08 2026
2 records inserted in traffic table.
Timer fired: Sun May 10 11:07:13 2026
5 records inserted in traffic table.
Timer fired: Sun May 10 11:07:18 2026
4 records inserted in traffic table.
Timer fired: Sun May 10 11:07:23 2026
8 records inserted in traffic table.
Timer fired: Sun May 10 11:07:28 2026
7 records inserted in traffic table.
Timer fired: Sun May 10 11:07:33 2026
7 records inserted in traffic table.
Timer fired: Sun May 10 11:07:38 2026
3 records inserted in traffic table.
Timer fired: Sun May 10 11:07:43 2026
3 records inserted in traffic table.
Timer fired: Sun May 10 11:07:48 2026
1 records inserted in traffic table.
Timer fired: Sun May 10 11:07:53 2026
4 records inserted in traffic table.
Timer fired: Sun May 10 11:07:58 2026
2 records inserted in traffic table.
Timer fired: Sun May 10 11:08:03 2026
5 records inserted in traffic table.
Timer fired: Sun May 10 11:08:08 2026
2 records inserted in traffic table.
Timer fired: Sun May 10 11:08:13 2026
4 records inserted in traffic table.
Timer fired: Sun May 10 11:08:18 2026
2 records inserted in traffic table.
Timer fired: Sun May 10 11:08:23 2026
5 records inserted in traffic table.
Timer fired: Sun May 10 11:08:28 2026
7 records inserted in traffic table.
Timer fired: Sun May 10 11:08:33 2026
8 records inserted in traffic table.
Timer fired: Sun May 10 11:08:38 2026
4 records inserted in traffic table.
Timer fired: Sun May 10 11:08:43 2026
3 records inserted in traffic table.
Timer fired: Sun May 10 11:08:48 2026
1 records inserted in traffic table.
Timer fired: Sun May 10 11:08:53 2026
5 records inserted in traffic table.
Timer fired: Sun May 10 11:08:58 2026
2 records inserted in traffic table.
Timer fired: Sun May 10 11:09:03 2026
6 records inserted in traffic table.
Timer fired: Sun May 10 11:09:08 2026
3 records inserted in traffic table.
Timer fired: Sun May 10 11:09:13 2026
4 records inserted in traffic table.
Timer fired: Sun May 10 11:09:18 2026
1 records inserted in traffic table.
Timer fired: Sun May 10 11:09:23 2026
6 records inserted in traffic table.
Timer fired: Sun May 10 11:09:28 2026
7 records inserted in traffic table.
Timer fired: Sun May 10 11:09:33 2026
8 records inserted in traffic table.
Timer fired: Sun May 10 11:09:38 2026
4 records inserted in traffic table.
Timer fired: Sun May 10 11:09:43 2026
2 records inserted in traffic table.
Timer fired: Sun May 10 11:09:48 2026
2 records inserted in traffic table.
Timer fired: Sun May 10 11:09:53 2026
4 records inserted in traffic table.
Timer fired: Sun May 10 11:09:58 2026
2 records inserted in traffic table.
Timer fired: Sun May 10 11:10:03 2026
7 records inserted in traffic table.
Timer fired: Sun May 10 11:10:08 2026
3 records inserted in traffic table.
Timer fired: Sun May 10 11:10:13 2026
5 records inserted in traffic table.
Timer fired: Sun May 10 11:10:18 2026
1 records inserted in traffic table.
Timer fired: Sun May 10 11:10:23 2026
7 records inserted in traffic table.
Timer fired: Sun May 10 11:10:28 2026
4 records inserted in traffic table.
Timer fired: Sun May 10 11:10:33 2026
9 records inserted in traffic table.
Timer fired: Sun May 10 11:10:38 2026
6 records inserted in traffic table.
Timer fired: Sun May 10 11:10:43 2026
3 records inserted in traffic table.
Timer fired: Sun May 10 11:10:48 2026
1 records inserted in traffic table.
Timer fired: Sun May 10 11:10:53 2026
4 records inserted in traffic table.
Timer fired: Sun May 10 11:10:58 2026
2 records inserted in traffic table.
Timer fired: Sun May 10 11:11:03 2026
5 records inserted in traffic table.
Timer fired: Sun May 10 11:11:08 2026
4 records inserted in traffic table.
Timer fired: Sun May 10 11:11:13 2026
5 records inserted in traffic table.
Timer fired: Sun May 10 11:11:18 2026
2 records inserted in traffic table.
Timer fired: Sun May 10 11:11:23 2026
6 records inserted in traffic table.
Timer fired: Sun May 10 11:11:28 2026
5 records inserted in traffic table.
Timer fired: Sun May 10 11:11:33 2026
6 records inserted in traffic table.
Timer fired: Sun May 10 11:11:38 2026
2 records inserted in traffic table.
Timer fired: Sun May 10 11:11:43 2026
5 records inserted in traffic table.
Timer fired: Sun May 10 11:11:48 2026
1 records inserted in traffic table.
Timer fired: Sun May 10 11:11:53 2026
5 records inserted in traffic table.
Timer fired: Sun May 10 11:11:58 2026
3 records inserted in traffic table.
Timer fired: Sun May 10 11:12:03 2026
5 records inserted in traffic table.
Timer fired: Sun May 10 11:12:08 2026
2 records inserted in traffic table.
Timer fired: Sun May 10 11:12:13 2026
4 records inserted in traffic table.
Timer fired: Sun May 10 11:12:18 2026
1 records inserted in traffic table.
Timer fired: Sun May 10 11:12:23 2026
4 records inserted in traffic table.
Timer fired: Sun May 10 11:12:28 2026
9 records inserted in traffic table.
Timer fired: Sun May 10 11:12:33 2026
6 records inserted in traffic table.
Timer fired: Sun May 10 11:12:38 2026
3 records inserted in traffic table.
Timer fired: Sun May 10 11:12:43 2026
5 records inserted in traffic table.
Timer fired: Sun May 10 11:12:48 2026
2 records inserted in traffic table.
Timer fired: Sun May 10 11:12:53 2026
5 records inserted in traffic table.
Timer fired: Sun May 10 11:12:58 2026
9 records inserted in traffic table.
Timer fired: Sun May 10 11:13:03 2026
6 records inserted in traffic table.
Timer fired: Sun May 10 11:13:08 2026
3 records inserted in traffic table.
Timer fired: Sun May 10 11:13:13 2026
3 records inserted in traffic table.
Timer fired: Sun May 10 11:13:18 2026
1 records inserted in traffic table.
Timer fired: Sun May 10 11:13:23 2026
5 records inserted in traffic table.
Timer fired: Sun May 10 11:13:28 2026
7 records inserted in traffic table.
Timer fired: Sun May 10 11:13:33 2026
7 records inserted in traffic table.
Timer fired: Sun May 10 11:13:38 2026
3 records inserted in traffic table.
Timer fired: Sun May 10 11:13:43 2026
3 records inserted in traffic table.
Timer fired: Sun May 10 11:13:48 2026
2 records inserted in traffic table.
Timer fired: Sun May 10 11:13:53 2026
6 records inserted in traffic table.
Timer fired: Sun May 10 11:13:58 2026
4 records inserted in traffic table.
Timer fired: Sun May 10 11:14:03 2026
5 records inserted in traffic table.
Timer fired: Sun May 10 11:14:08 2026
2 records inserted in traffic table.
Timer fired: Sun May 10 11:14:13 2026
3 records inserted in traffic table.
Timer fired: Sun May 10 11:14:18 2026
1 records inserted in traffic table.
Timer fired: Sun May 10 11:14:23 2026
7 records inserted in traffic table.
Timer fired: Sun May 10 11:14:28 2026
6 records inserted in traffic table.
Timer fired: Sun May 10 11:14:33 2026
6 records inserted in traffic table.
Timer fired: Sun May 10 11:14:38 2026
2 records inserted in traffic table.
Timer fired: Sun May 10 11:14:43 2026
5 records inserted in traffic table.
Timer fired: Sun May 10 11:14:48 2026
3 records inserted in traffic table.
Timer fired: Sun May 10 11:14:53 2026
5 records inserted in traffic table.
Timer fired: Sun May 10 11:14:58 2026
1 records inserted in traffic table.
Timer fired: Sun May 10 11:15:03 2026
7 records inserted in traffic table.
Timer fired: Sun May 10 11:15:08 2026
2 records inserted in traffic table.
Timer fired: Sun May 10 11:15:13 2026
5 records inserted in traffic table.
Timer fired: Sun May 10 11:15:18 2026
1 records inserted in traffic table.
Timer fired: Sun May 10 11:15:23 2026
5 records inserted in traffic table.
Timer fired: Sun May 10 11:15:28 2026
6 records inserted in traffic table.
Timer fired: Sun May 10 11:15:33 2026
6 records inserted in traffic table.
Timer fired: Sun May 10 11:15:38 2026
1 records inserted in traffic table.
Timer fired: Sun May 10 11:15:43 2026
3 records inserted in traffic table.
Timer fired: Sun May 10 11:15:48 2026
1 records inserted in traffic table.
Timer fired: Sun May 10 11:15:53 2026
5 records inserted in traffic table.
Timer fired: Sun May 10 11:15:58 2026
2 records inserted in traffic table.
Timer fired: Sun May 10 11:16:03 2026
6 records inserted in traffic table.
Timer fired: Sun May 10 11:16:08 2026
2 records inserted in traffic table.
Timer fired: Sun May 10 11:16:13 2026
6 records inserted in traffic table.
Timer fired: Sun May 10 11:16:18 2026
2 records inserted in traffic table.
Timer fired: Sun May 10 11:16:23 2026
5 records inserted in traffic table.
Timer fired: Sun May 10 11:16:28 2026
6 records inserted in traffic table.
Timer fired: Sun May 10 11:16:33 2026
6 records inserted in traffic table.
Timer fired: Sun May 10 11:16:38 2026
2 records inserted in traffic table.
Timer fired: Sun May 10 11:16:43 2026
5 records inserted in traffic table.
Timer fired: Sun May 10 11:16:48 2026
2 records inserted in traffic table.
Timer fired: Sun May 10 11:16:53 2026
6 records inserted in traffic table.
Timer fired: Sun May 10 11:16:58 2026
4 records inserted in traffic table.
Timer fired: Sun May 10 11:17:03 2026
6 records inserted in traffic table.
Timer fired: Sun May 10 11:17:08 2026
2 records inserted in traffic table.
Timer fired: Sun May 10 11:17:13 2026
5 records inserted in traffic table.
Timer fired: Sun May 10 11:17:18 2026
2 records inserted in traffic table.
Timer fired: Sun May 10 11:17:23 2026
5 records inserted in traffic table.
Timer fired: Sun May 10 11:17:28 2026
7 records inserted in traffic table.
Timer fired: Sun May 10 11:17:33 2026
6 records inserted in traffic table.
Timer fired: Sun May 10 11:17:38 2026
3 records inserted in traffic table.
Timer fired: Sun May 10 11:17:43 2026
6 records inserted in traffic table.
Timer fired: Sun May 10 11:17:48 2026
2 records inserted in traffic table.
Timer fired: Sun May 10 11:17:53 2026
5 records inserted in traffic table.
Timer fired: Sun May 10 11:17:58 2026
1 records inserted in traffic table.
Timer fired: Sun May 10 11:18:03 2026
6 records inserted in traffic table.
Timer fired: Sun May 10 11:18:08 2026
1 records inserted in traffic table.
Timer fired: Sun May 10 11:18:13 2026
3 records inserted in traffic table.
Timer fired: Sun May 10 11:18:18 2026
2 records inserted in traffic table.
Timer fired: Sun May 10 11:18:23 2026
7 records inserted in traffic table.
Timer fired: Sun May 10 11:18:28 2026
8 records inserted in traffic table.
Timer fired: Sun May 10 11:18:33 2026
7 records inserted in traffic table.
Timer fired: Sun May 10 11:18:38 2026
1 records inserted in traffic table.
Timer fired: Sun May 10 11:18:43 2026
3 records inserted in traffic table.
Timer fired: Sun May 10 11:18:48 2026
2 records inserted in traffic table.
Timer fired: Sun May 10 11:18:53 2026
5 records inserted in traffic table.
Timer fired: Sun May 10 11:18:58 2026
1 records inserted in traffic table.
Timer fired: Sun May 10 11:19:03 2026
5 records inserted in traffic table.
Timer fired: Sun May 10 11:19:08 2026
3 records inserted in traffic table.
Timer fired: Sun May 10 11:19:13 2026
5 records inserted in traffic table.
Timer fired: Sun May 10 11:19:18 2026
3 records inserted in traffic table.
Timer fired: Sun May 10 11:19:23 2026
5 records inserted in traffic table.
Timer fired: Sun May 10 11:19:28 2026
5 records inserted in traffic table.
Timer fired: Sun May 10 11:19:33 2026
6 records inserted in traffic table.
Timer fired: Sun May 10 11:19:38 2026
1 records inserted in traffic table.
Timer fired: Sun May 10 11:19:43 2026
3 records inserted in traffic table.
Timer fired: Sun May 10 11:19:48 2026
2 records inserted in traffic table.
Timer fired: Sun May 10 11:19:53 2026
7 records inserted in traffic table.
Timer fired: Sun May 10 11:19:58 2026
3 records inserted in traffic table.
Timer fired: Sun May 10 11:20:03 2026
7 records inserted in traffic table.
Timer fired: Sun May 10 11:20:08 2026
1 records inserted in traffic table.
Timer fired: Sun May 10 11:20:13 2026
5 records inserted in traffic table.
Timer fired: Sun May 10 11:20:18 2026
3 records inserted in traffic table.
Timer fired: Sun May 10 11:20:23 2026
6 records inserted in traffic table.
Timer fired: Sun May 10 11:20:28 2026
5 records inserted in traffic table.
Timer fired: Sun May 10 11:20:33 2026
6 records inserted in traffic table.
Timer fired: Sun May 10 11:20:38 2026
2 records inserted in traffic table.
Timer fired: Sun May 10 11:20:43 2026
4 records inserted in traffic table.
Timer fired: Sun May 10 11:20:48 2026
2 records inserted in traffic table.
Timer fired: Sun May 10 11:20:53 2026
5 records inserted in traffic table.
Timer fired: Sun May 10 11:20:58 2026
2 records inserted in traffic table.
Timer fired: Sun May 10 11:21:03 2026
5 records inserted in traffic table.
Timer fired: Sun May 10 11:21:08 2026
2 records inserted in traffic table.
Timer fired: Sun May 10 11:21:13 2026
4 records inserted in traffic table.
Timer fired: Sun May 10 11:21:18 2026
2 records inserted in traffic table.
Timer fired: Sun May 10 11:21:23 2026
9 records inserted in traffic table.
Timer fired: Sun May 10 11:21:28 2026
8 records inserted in traffic table.
Timer fired: Sun May 10 11:21:33 2026
6 records inserted in traffic table.
Timer fired: Sun May 10 11:21:38 2026
3 records inserted in traffic table.
Timer fired: Sun May 10 11:21:43 2026
5 records inserted in traffic table.
Timer fired: Sun May 10 11:21:48 2026
1 records inserted in traffic table.
Timer fired: Sun May 10 11:21:53 2026
4 records inserted in traffic table.
Timer fired: Sun May 10 11:21:58 2026
1 records inserted in traffic table.
Timer fired: Sun May 10 11:22:03 2026
6 records inserted in traffic table.
Timer fired: Sun May 10 11:22:08 2026
3 records inserted in traffic table.
Timer fired: Sun May 10 11:22:13 2026
4 records inserted in traffic table.
Timer fired: Sun May 10 11:22:18 2026
4 records inserted in traffic table.
Timer fired: Sun May 10 11:22:23 2026
4 records inserted in traffic table.
Timer fired: Sun May 10 11:22:28 2026
7 records inserted in traffic table.
Timer fired: Sun May 10 11:22:33 2026
7 records inserted in traffic table.
Timer fired: Sun May 10 11:22:38 2026
1 records inserted in traffic table.
Timer fired: Sun May 10 11:22:43 2026
3 records inserted in traffic table.
Timer fired: Sun May 10 11:22:48 2026
3 records inserted in traffic table.
Timer fired: Sun May 10 11:22:53 2026
7 records inserted in traffic table.
Timer fired: Sun May 10 11:22:58 2026
1 records inserted in traffic table.
Timer fired: Sun May 10 11:23:03 2026
7 records inserted in traffic table.
Timer fired: Sun May 10 11:23:08 2026
1 records inserted in traffic table.
Timer fired: Sun May 10 11:23:13 2026
4 records inserted in traffic table.
Timer fired: Sun May 10 11:23:18 2026
1 records inserted in traffic table.
Timer fired: Sun May 10 11:23:23 2026
5 records inserted in traffic table.
Timer fired: Sun May 10 11:23:28 2026
6 records inserted in traffic table.
Timer fired: Sun May 10 11:23:33 2026
7 records inserted in traffic table.
Timer fired: Sun May 10 11:23:38 2026
4 records inserted in traffic table.
Timer fired: Sun May 10 11:23:43 2026
3 records inserted in traffic table.
Timer fired: Sun May 10 11:23:48 2026
3 records inserted in traffic table.
Timer fired: Sun May 10 11:23:53 2026
4 records inserted in traffic table.
Timer fired: Sun May 10 11:23:58 2026
1 records inserted in traffic table.
Timer fired: Sun May 10 11:24:03 2026
5 records inserted in traffic table.
Timer fired: Sun May 10 11:24:08 2026
2 records inserted in traffic table.
Timer fired: Sun May 10 11:24:13 2026
4 records inserted in traffic table.
Timer fired: Sun May 10 11:24:18 2026
2 records inserted in traffic table.
Timer fired: Sun May 10 11:24:23 2026
7 records inserted in traffic table.
Timer fired: Sun May 10 11:24:28 2026
7 records inserted in traffic table.
Timer fired: Sun May 10 11:24:33 2026
9 records inserted in traffic table.
Timer fired: Sun May 10 11:24:38 2026
2 records inserted in traffic table.
Timer fired: Sun May 10 11:24:43 2026
3 records inserted in traffic table.
Timer fired: Sun May 10 11:24:48 2026
1 records inserted in traffic table.
Timer fired: Sun May 10 11:24:53 2026
5 records inserted in traffic table.
Timer fired: Sun May 10 11:24:58 2026
1 records inserted in traffic table.
Timer fired: Sun May 10 11:25:03 2026
8 records inserted in traffic table.
Timer fired: Sun May 10 11:25:08 2026
5 records inserted in traffic table.
Timer fired: Sun May 10 11:25:13 2026
6 records inserted in traffic table.
Timer fired: Sun May 10 11:25:18 2026
3 records inserted in traffic table.
Timer fired: Sun May 10 11:25:23 2026
4 records inserted in traffic table.
Timer fired: Sun May 10 11:25:28 2026
8 records inserted in traffic table.
Timer fired: Sun May 10 11:25:33 2026
6 records inserted in traffic table.
Timer fired: Sun May 10 11:25:38 2026
2 records inserted in traffic table.
Timer fired: Sun May 10 11:25:43 2026
4 records inserted in traffic table.
Timer fired: Sun May 10 11:25:48 2026
1 records inserted in traffic table.
Timer fired: Sun May 10 11:25:53 2026
7 records inserted in traffic table.
Timer fired: Sun May 10 11:25:58 2026
1 records inserted in traffic table.
Timer fired: Sun May 10 11:26:03 2026
5 records inserted in traffic table.
Timer fired: Sun May 10 11:26:08 2026
2 records inserted in traffic table.
Timer fired: Sun May 10 11:26:13 2026
6 records inserted in traffic table.
Timer fired: Sun May 10 11:26:18 2026
1 records inserted in traffic table.
Timer fired: Sun May 10 11:26:23 2026
5 records inserted in traffic table.
Timer fired: Sun May 10 11:26:28 2026
7 records inserted in traffic table.
Timer fired: Sun May 10 11:26:33 2026
7 records inserted in traffic table.
Timer fired: Sun May 10 11:26:38 2026
5 records inserted in traffic table.
Timer fired: Sun May 10 11:26:43 2026
5 records inserted in traffic table.
Timer fired: Sun May 10 11:26:48 2026
1 records inserted in traffic table.
Timer fired: Sun May 10 11:26:53 2026
3 records inserted in traffic table.
Timer fired: Sun May 10 11:26:58 2026
2 records inserted in traffic table.
Timer fired: Sun May 10 11:27:03 2026
8 records inserted in traffic table.
Timer fired: Sun May 10 11:27:08 2026
4 records inserted in traffic table.
Timer fired: Sun May 10 11:27:13 2026
6 records inserted in traffic table.
Timer fired: Sun May 10 11:27:18 2026
2 records inserted in traffic table.
Timer fired: Sun May 10 11:27:23 2026
8 records inserted in traffic table.
Timer fired: Sun May 10 11:27:28 2026
9 records inserted in traffic table.
Timer fired: Sun May 10 11:27:33 2026
5 records inserted in traffic table.
Timer fired: Sun May 10 11:27:38 2026
1 records inserted in traffic table.
Timer fired: Sun May 10 11:27:43 2026
4 records inserted in traffic table.
Timer fired: Sun May 10 11:27:48 2026
3 records inserted in traffic table.
Timer fired: Sun May 10 11:27:53 2026
4 records inserted in traffic table.
Timer fired: Sun May 10 11:27:58 2026
2 records inserted in traffic table.
Timer fired: Sun May 10 11:28:03 2026
6 records inserted in traffic table.
Timer fired: Sun May 10 11:28:08 2026
3 records inserted in traffic table.
Timer fired: Sun May 10 11:28:13 2026
4 records inserted in traffic table.
Timer fired: Sun May 10 11:28:18 2026
3 records inserted in traffic table.
Timer fired: Sun May 10 11:28:23 2026
7 records inserted in traffic table.
Timer fired: Sun May 10 11:28:28 2026
8 records inserted in traffic table.
Timer fired: Sun May 10 11:28:33 2026
8 records inserted in traffic table.
Timer fired: Sun May 10 11:28:38 2026
2 records inserted in traffic table.
Timer fired: Sun May 10 11:28:43 2026
3 records inserted in traffic table.
Timer fired: Sun May 10 11:28:48 2026
2 records inserted in traffic table.
Timer fired: Sun May 10 11:28:53 2026
7 records inserted in traffic table.
Timer fired: Sun May 10 11:28:58 2026
4 records inserted in traffic table.
Timer fired: Sun May 10 11:29:03 2026
6 records inserted in traffic table.
Timer fired: Sun May 10 11:29:08 2026
1 records inserted in traffic table.
Timer fired: Sun May 10 11:29:13 2026
4 records inserted in traffic table.
Timer fired: Sun May 10 11:29:18 2026
3 records inserted in traffic table.
Timer fired: Sun May 10 11:29:23 2026
5 records inserted in traffic table.
Timer fired: Sun May 10 11:29:28 2026
7 records inserted in traffic table.
Timer fired: Sun May 10 11:29:33 2026
6 records inserted in traffic table.
Timer fired: Sun May 10 11:29:38 2026
3 records inserted in traffic table.
Timer fired: Sun May 10 11:29:43 2026
5 records inserted in traffic table.
Timer fired: Sun May 10 11:29:48 2026
2 records inserted in traffic table.
Timer fired: Sun May 10 11:29:53 2026
6 records inserted in traffic table.
Timer fired: Sun May 10 11:29:58 2026
2 records inserted in traffic table.
Timer fired: Sun May 10 11:30:03 2026
7 records inserted in traffic table.
Timer fired: Sun May 10 11:30:08 2026
2 records inserted in traffic table.
Timer fired: Sun May 10 11:30:13 2026
5 records inserted in traffic table.
Timer fired: Sun May 10 11:30:18 2026
2 records inserted in traffic table.
Timer fired: Sun May 10 11:30:23 2026
5 records inserted in traffic table.
Timer fired: Sun May 10 11:30:28 2026
9 records inserted in traffic table.
Timer fired: Sun May 10 11:30:33 2026
7 records inserted in traffic table.
Timer fired: Sun May 10 11:30:38 2026
2 records inserted in traffic table.
Timer fired: Sun May 10 11:30:43 2026
4 records inserted in traffic table.
Timer fired: Sun May 10 11:30:48 2026
1 records inserted in traffic table.
Timer fired: Sun May 10 11:30:53 2026
6 records inserted in traffic table.
Timer fired: Sun May 10 11:30:58 2026
3 records inserted in traffic table.
Timer fired: Sun May 10 11:31:03 2026
7 records inserted in traffic table.
Timer fired: Sun May 10 11:31:08 2026
3 records inserted in traffic table.
Timer fired: Sun May 10 11:31:13 2026
5 records inserted in traffic table.
Timer fired: Sun May 10 11:31:18 2026
4 records inserted in traffic table.
Timer fired: Sun May 10 11:31:23 2026
7 records inserted in traffic table.
Timer fired: Sun May 10 11:31:28 2026
5 records inserted in traffic table.
Timer fired: Sun May 10 11:31:33 2026
6 records inserted in traffic table.
Timer fired: Sun May 10 11:31:38 2026
2 records inserted in traffic table.
Timer fired: Sun May 10 11:31:43 2026
3 records inserted in traffic table.
Timer fired: Sun May 10 11:31:48 2026
2 records inserted in traffic table.
Timer fired: Sun May 10 11:31:53 2026
4 records inserted in traffic table.
Timer fired: Sun May 10 11:31:58 2026
2 records inserted in traffic table.
Timer fired: Sun May 10 11:32:03 2026
8 records inserted in traffic table.
Timer fired: Sun May 10 11:32:08 2026
3 records inserted in traffic table.
Timer fired: Sun May 10 11:32:13 2026
3 records inserted in traffic table.
Timer fired: Sun May 10 11:32:18 2026
1 records inserted in traffic table.
Timer fired: Sun May 10 11:32:23 2026
4 records inserted in traffic table.
Timer fired: Sun May 10 11:32:28 2026
6 records inserted in traffic table.
Timer fired: Sun May 10 11:32:33 2026
6 records inserted in traffic table.
Timer fired: Sun May 10 11:32:38 2026
3 records inserted in traffic table.
Timer fired: Sun May 10 11:32:43 2026
5 records inserted in traffic table.
Timer fired: Sun May 10 11:32:48 2026
6 records inserted in traffic table.
Timer fired: Sun May 10 11:32:53 2026
7 records inserted in traffic table.
Timer fired: Sun May 10 11:32:58 2026
3 records inserted in traffic table.
Timer fired: Sun May 10 11:33:03 2026
6 records inserted in traffic table.
Timer fired: Sun May 10 11:33:08 2026
1 records inserted in traffic table.
Timer fired: Sun May 10 11:33:13 2026
4 records inserted in traffic table.
Timer fired: Sun May 10 11:33:18 2026
2 records inserted in traffic table.
Timer fired: Sun May 10 11:33:23 2026
7 records inserted in traffic table.
Timer fired: Sun May 10 11:33:28 2026
7 records inserted in traffic table.
Timer fired: Sun May 10 11:33:33 2026
9 records inserted in traffic table.
Timer fired: Sun May 10 11:33:38 2026
4 records inserted in traffic table.
Timer fired: Sun May 10 11:33:43 2026
3 records inserted in traffic table.
Timer fired: Sun May 10 11:33:48 2026
2 records inserted in traffic table.
Timer fired: Sun May 10 11:33:53 2026
5 records inserted in traffic table.
Timer fired: Sun May 10 11:33:58 2026
1 records inserted in traffic table.
Timer fired: Sun May 10 11:34:03 2026
6 records inserted in traffic table.
Timer fired: Sun May 10 11:34:08 2026
1 records inserted in traffic table.
Timer fired: Sun May 10 11:34:13 2026
5 records inserted in traffic table.
Timer fired: Sun May 10 11:34:18 2026
5 records inserted in traffic table.
Timer fired: Sun May 10 11:34:23 2026
8 records inserted in traffic table.
Timer fired: Sun May 10 11:34:28 2026
8 records inserted in traffic table.
Timer fired: Sun May 10 11:34:33 2026
6 records inserted in traffic table.
Timer fired: Sun May 10 11:34:38 2026
1 records inserted in traffic table.
Timer fired: Sun May 10 11:34:43 2026
3 records inserted in traffic table.
Timer fired: Sun May 10 11:34:48 2026
5 records inserted in traffic table.
Timer fired: Sun May 10 11:34:53 2026
6 records inserted in traffic table.
Timer fired: Sun May 10 11:34:58 2026
3 records inserted in traffic table.
Timer fired: Sun May 10 11:35:03 2026
7 records inserted in traffic table.
Timer fired: Sun May 10 11:35:08 2026
2 records inserted in traffic table.
Timer fired: Sun May 10 11:35:13 2026
5 records inserted in traffic table.
Timer fired: Sun May 10 11:35:18 2026
2 records inserted in traffic table.
Timer fired: Sun May 10 11:35:23 2026
5 records inserted in traffic table.
Timer fired: Sun May 10 11:35:28 2026
6 records inserted in traffic table.
Timer fired: Sun May 10 11:35:33 2026
6 records inserted in traffic table.
Timer fired: Sun May 10 11:35:38 2026
2 records inserted in traffic table.
Timer fired: Sun May 10 11:35:43 2026
4 records inserted in traffic table.
Timer fired: Sun May 10 11:35:48 2026
3 records inserted in traffic table.
Timer fired: Sun May 10 11:35:53 2026
6 records inserted in traffic table.
Timer fired: Sun May 10 11:35:58 2026
5 records inserted in traffic table.
Timer fired: Sun May 10 11:36:03 2026
5 records inserted in traffic table.
Timer fired: Sun May 10 11:36:08 2026
1 records inserted in traffic table.
Timer fired: Sun May 10 11:36:13 2026
4 records inserted in traffic table.
Timer fired: Sun May 10 11:36:18 2026
2 records inserted in traffic table.
Timer fired: Sun May 10 11:36:23 2026
7 records inserted in traffic table.
Timer fired: Sun May 10 11:36:28 2026
6 records inserted in traffic table.
Timer fired: Sun May 10 11:36:33 2026
6 records inserted in traffic table.
Timer fired: Sun May 10 11:36:38 2026
2 records inserted in traffic table.
Timer fired: Sun May 10 11:36:43 2026
4 records inserted in traffic table.
Timer fired: Sun May 10 11:36:48 2026
3 records inserted in traffic table.
Timer fired: Sun May 10 11:36:53 2026
6 records inserted in traffic table.
Timer fired: Sun May 10 11:36:58 2026
4 records inserted in traffic table.
Timer fired: Sun May 10 11:37:03 2026
5 records inserted in traffic table.
Timer fired: Sun May 10 11:37:08 2026
1 records inserted in traffic table.
Timer fired: Sun May 10 11:37:13 2026
4 records inserted in traffic table.
Timer fired: Sun May 10 11:37:18 2026
1 records inserted in traffic table.
Timer fired: Sun May 10 11:37:23 2026
6 records inserted in traffic table.
Timer fired: Sun May 10 11:37:28 2026
8 records inserted in traffic table.
Timer fired: Sun May 10 11:37:33 2026
7 records inserted in traffic table.
Timer fired: Sun May 10 11:37:38 2026
2 records inserted in traffic table.
Timer fired: Sun May 10 11:37:43 2026
6 records inserted in traffic table.
Timer fired: Sun May 10 11:37:48 2026
2 records inserted in traffic table.
Timer fired: Sun May 10 11:37:53 2026
4 records inserted in traffic table.
Timer fired: Sun May 10 11:37:58 2026
2 records inserted in traffic table.
Timer fired: Sun May 10 11:38:03 2026
5 records inserted in traffic table.
Timer fired: Sun May 10 11:38:08 2026
2 records inserted in traffic table.
Timer fired: Sun May 10 11:38:13 2026
4 records inserted in traffic table.
Timer fired: Sun May 10 11:38:18 2026
2 records inserted in traffic table.
Timer fired: Sun May 10 11:38:23 2026
4 records inserted in traffic table.
Timer fired: Sun May 10 11:38:28 2026
8 records inserted in traffic table.
Timer fired: Sun May 10 11:38:33 2026
6 records inserted in traffic table.
Timer fired: Sun May 10 11:38:38 2026
1 records inserted in traffic table.
Timer fired: Sun May 10 11:38:43 2026
4 records inserted in traffic table.
Timer fired: Sun May 10 11:38:48 2026
2 records inserted in traffic table.
Timer fired: Sun May 10 11:38:53 2026
7 records inserted in traffic table.
Timer fired: Sun May 10 11:38:58 2026
1 records inserted in traffic table.
Timer fired: Sun May 10 11:39:03 2026
6 records inserted in traffic table.
Timer fired: Sun May 10 11:39:08 2026
2 records inserted in traffic table.
Timer fired: Sun May 10 11:39:13 2026
6 records inserted in traffic table.
Timer fired: Sun May 10 11:39:18 2026
3 records inserted in traffic table.
Timer fired: Sun May 10 11:39:23 2026
4 records inserted in traffic table.
Timer fired: Sun May 10 11:39:28 2026
9 records inserted in traffic table.
Timer fired: Sun May 10 11:39:33 2026
6 records inserted in traffic table.
Timer fired: Sun May 10 11:39:38 2026
3 records inserted in traffic table.
Timer fired: Sun May 10 11:39:43 2026
3 records inserted in traffic table.
Timer fired: Sun May 10 11:39:48 2026
1 records inserted in traffic table.
Timer fired: Sun May 10 11:39:53 2026
4 records inserted in traffic table.
Timer fired: Sun May 10 11:39:58 2026
3 records inserted in traffic table.
Timer fired: Sun May 10 11:40:03 2026
6 records inserted in traffic table.
Timer fired: Sun May 10 11:40:08 2026
1 records inserted in traffic table.
Timer fired: Sun May 10 13:34:02 2026
15 records inserted in traffic table.
Timer fired: Sun May 10 13:34:07 2026
15 records inserted in traffic table.
Timer fired: Sun May 10 13:34:12 2026
20 records inserted in traffic table.
Timer fired: Sun May 10 13:34:17 2026
9 records inserted in traffic table.
Timer fired: Sun May 10 13:34:22 2026
5 records inserted in traffic table.
Timer fired: Sun May 10 13:34:27 2026
4 records inserted in traffic table.
Timer fired: Sun May 10 13:34:32 2026
4 records inserted in traffic table.
Timer fired: Sun May 10 13:34:37 2026
2 records inserted in traffic table.
Timer fired: Sun May 10 13:34:42 2026
4 records inserted in traffic table.
Timer fired: Sun May 10 13:34:47 2026
2 records inserted in traffic table.
Timer fired: Sun May 10 13:34:52 2026
6 records inserted in traffic table.
Timer fired: Sun May 10 13:34:57 2026
10 records inserted in traffic table.
Timer fired: Sun May 10 13:35:02 2026
8 records inserted in traffic table.
Timer fired: Sun May 10 13:35:07 2026
3 records inserted in traffic table.
Timer fired: Sun May 10 13:35:12 2026
3 records inserted in traffic table.
Timer fired: Sun May 10 13:35:17 2026
6 records inserted in traffic table.
Timer fired: Sun May 10 13:35:22 2026
5 records inserted in traffic table.
Timer fired: Sun May 10 13:35:27 2026
4 records inserted in traffic table.
Timer fired: Sun May 10 13:35:32 2026
4 records inserted in traffic table.
Timer fired: Sun May 10 13:35:37 2026
3 records inserted in traffic table.
Timer fired: Sun May 10 13:35:42 2026
5 records inserted in traffic table.
Timer fired: Sun May 10 13:35:47 2026
2 records inserted in traffic table.
Timer fired: Sun May 10 13:35:52 2026
6 records inserted in traffic table.
Timer fired: Sun May 10 13:35:57 2026
6 records inserted in traffic table.
Timer fired: Sun May 10 13:36:02 2026
5 records inserted in traffic table.
Timer fired: Sun May 10 13:36:07 2026
2 records inserted in traffic table.
Timer fired: Sun May 10 13:36:12 2026
6 records inserted in traffic table.
Timer fired: Sun May 10 13:36:17 2026
8 records inserted in traffic table.
Timer fired: Sun May 10 13:36:22 2026
5 records inserted in traffic table.
Timer fired: Sun May 10 13:36:27 2026
6 records inserted in traffic table.
Timer fired: Sun May 10 13:36:32 2026
4 records inserted in traffic table.
Timer fired: Sun May 10 13:36:37 2026
4 records inserted in traffic table.
Timer fired: Sun May 10 13:36:42 2026
1 records inserted in traffic table.
Timer fired: Sun May 10 13:36:47 2026
9 records inserted in traffic table.
Timer fired: Sun May 10 13:36:52 2026
5 records inserted in traffic table.
Timer fired: Sun May 10 13:36:57 2026
6 records inserted in traffic table.
Timer fired: Sun May 10 13:37:02 2026
3 records inserted in traffic table.
Timer fired: Sun May 10 13:37:07 2026
2 records inserted in traffic table.
Timer fired: Sun May 10 13:37:12 2026
6 records inserted in traffic table.
Timer fired: Sun May 10 13:37:17 2026
7 records inserted in traffic table.
Timer fired: Sun May 10 13:37:22 2026
6 records inserted in traffic table.
Timer fired: Sun May 10 13:37:27 2026
5 records inserted in traffic table.
Timer fired: Sun May 10 13:37:32 2026
5 records inserted in traffic table.
Timer fired: Sun May 10 13:37:37 2026
3 records inserted in traffic table.
Timer fired: Sun May 10 13:37:42 2026
3 records inserted in traffic table.
Timer fired: Sun May 10 13:37:47 2026
7 records inserted in traffic table.
Timer fired: Sun May 10 13:37:52 2026
5 records inserted in traffic table.
Timer fired: Sun May 10 13:37:57 2026
10 records inserted in traffic table.
Timer fired: Sun May 10 13:38:02 2026
5 records inserted in traffic table.
Timer fired: Sun May 10 13:38:07 2026
1 records inserted in traffic table.
Timer fired: Sun May 10 13:38:12 2026
3 records inserted in traffic table.
Timer fired: Sun May 10 13:38:17 2026
8 records inserted in traffic table.
Timer fired: Sun May 10 13:38:22 2026
5 records inserted in traffic table.
Timer fired: Sun May 10 13:38:27 2026
5 records inserted in traffic table.
Timer fired: Sun May 10 13:38:32 2026
5 records inserted in traffic table.
Timer fired: Sun May 10 13:38:37 2026
3 records inserted in traffic table.
Timer fired: Sun May 10 13:38:42 2026
5 records inserted in traffic table.
Timer fired: Sun May 10 13:38:47 2026
2 records inserted in traffic table.
Timer fired: Sun May 10 13:38:52 2026
4 records inserted in traffic table.
Timer fired: Sun May 10 13:38:57 2026
7 records inserted in traffic table.
Timer fired: Sun May 10 13:39:02 2026
5 records inserted in traffic table.
Timer fired: Sun May 10 13:39:07 2026
6 records inserted in traffic table.
Timer fired: Sun May 10 13:39:12 2026
3 records inserted in traffic table.
Timer fired: Sun May 10 13:39:17 2026
6 records inserted in traffic table.
Timer fired: Sun May 10 13:39:22 2026
5 records inserted in traffic table.
Timer fired: Sun May 10 13:39:27 2026
7 records inserted in traffic table.
Timer fired: Sun May 10 13:39:32 2026
5 records inserted in traffic table.
Timer fired: Sun May 10 13:39:37 2026
4 records inserted in traffic table.
Timer fired: Sun May 10 13:39:42 2026
2 records inserted in traffic table.
Timer fired: Sun May 10 13:39:47 2026
2 records inserted in traffic table.
Timer fired: Sun May 10 13:39:52 2026
4 records inserted in traffic table.
Timer fired: Sun May 10 13:39:57 2026
5 records inserted in traffic table.
Timer fired: Sun May 10 13:40:02 2026
7 records inserted in traffic table.
Timer fired: Sun May 10 13:40:07 2026
2 records inserted in traffic table.
Timer fired: Sun May 10 13:40:12 2026
7 records inserted in traffic table.
Timer fired: Sun May 10 13:40:17 2026
49 records inserted in traffic table.
Timer fired: Sun May 10 13:40:22 2026
9 records inserted in traffic table.
Timer fired: Sun May 10 13:40:27 2026
15 records inserted in traffic table.
Timer fired: Sun May 10 13:40:32 2026
10 records inserted in traffic table.
Timer fired: Sun May 10 13:40:37 2026
11 records inserted in traffic table.
Timer fired: Sun May 10 13:40:42 2026
3 records inserted in traffic table.
Timer fired: Sun May 10 13:40:47 2026
4 records inserted in traffic table.
Timer fired: Sun May 10 13:40:52 2026
6 records inserted in traffic table.
Timer fired: Sun May 10 13:40:57 2026
8 records inserted in traffic table.
Timer fired: Sun May 10 13:41:02 2026
46 records inserted in traffic table.
Timer fired: Sun May 10 13:41:07 2026
11 records inserted in traffic table.
Timer fired: Sun May 10 13:41:12 2026
36 records inserted in traffic table.
Timer fired: Sun May 10 13:41:17 2026
40 records inserted in traffic table.
Timer fired: Sun May 10 13:41:22 2026
10 records inserted in traffic table.
Timer fired: Sun May 10 13:41:27 2026
4 records inserted in traffic table.
Timer fired: Sun May 10 13:41:32 2026
19 records inserted in traffic table.
Timer fired: Sun May 10 13:41:37 2026
3 records inserted in traffic table.
Timer fired: Sun May 10 13:41:42 2026
3 records inserted in traffic table.
Timer fired: Sun May 10 13:41:47 2026
11 records inserted in traffic table.
Timer fired: Sun May 10 13:41:52 2026
28 records inserted in traffic table.
Timer fired: Sun May 10 13:41:57 2026
19 records inserted in traffic table.
Timer fired: Sun May 10 13:42:02 2026
19 records inserted in traffic table.
Timer fired: Sun May 10 13:42:07 2026
4 records inserted in traffic table.
Timer fired: Sun May 10 13:42:12 2026
7 records inserted in traffic table.
Timer fired: Sun May 10 13:42:17 2026
20 records inserted in traffic table.
Timer fired: Sun May 10 13:42:22 2026
8 records inserted in traffic table.
Timer fired: Sun May 10 13:42:27 2026
6 records inserted in traffic table.
Timer fired: Sun May 10 13:42:32 2026
10 records inserted in traffic table.
Timer fired: Sun May 10 13:42:37 2026
16 records inserted in traffic table.
Timer fired: Sun May 10 13:42:42 2026
11 records inserted in traffic table.
Timer fired: Sun May 10 13:42:47 2026
10 records inserted in traffic table.
Timer fired: Sun May 10 13:42:52 2026
4 records inserted in traffic table.
Timer fired: Sun May 10 13:42:57 2026
6 records inserted in traffic table.
Timer fired: Sun May 10 13:43:02 2026
5 records inserted in traffic table.
Timer fired: Sun May 10 13:43:07 2026
6 records inserted in traffic table.
Timer fired: Sun May 10 13:43:12 2026
13 records inserted in traffic table.
Timer fired: Sun May 10 13:43:17 2026
49 records inserted in traffic table.
Timer fired: Sun May 10 13:43:22 2026
43 records inserted in traffic table.
Timer fired: Sun May 10 13:43:27 2026
12 records inserted in traffic table.
Timer fired: Sun May 10 13:43:32 2026
13 records inserted in traffic table.
Timer fired: Sun May 10 13:43:37 2026
12 records inserted in traffic table.
Timer fired: Sun May 10 13:43:42 2026
2 records inserted in traffic table.
Timer fired: Sun May 10 13:43:47 2026
4 records inserted in traffic table.
Timer fired: Sun May 10 13:43:52 2026
8 records inserted in traffic table.
Timer fired: Sun May 10 13:43:57 2026
9 records inserted in traffic table.
Timer fired: Sun May 10 13:44:02 2026
16 records inserted in traffic table.
Timer fired: Sun May 10 13:44:07 2026
49 records inserted in traffic table.
Timer fired: Sun May 10 13:44:12 2026
10 records inserted in traffic table.
Timer fired: Sun May 10 13:44:17 2026
24 records inserted in traffic table.
Timer fired: Sun May 10 13:44:22 2026
15 records inserted in traffic table.
Timer fired: Sun May 10 13:44:27 2026
9 records inserted in traffic table.
Timer fired: Sun May 10 13:44:32 2026
12 records inserted in traffic table.
Timer fired: Sun May 10 13:44:37 2026
6 records inserted in traffic table.
Timer fired: Sun May 10 13:44:42 2026
3 records inserted in traffic table.
Timer fired: Sun May 10 13:44:47 2026
4 records inserted in traffic table.
Timer fired: Sun May 10 13:44:52 2026
31 records inserted in traffic table.
Timer fired: Sun May 10 13:44:57 2026
9 records inserted in traffic table.
Timer fired: Sun May 10 13:45:02 2026
18 records inserted in traffic table.
Timer fired: Sun May 10 13:45:07 2026
3 records inserted in traffic table.
Timer fired: Sun May 10 13:45:12 2026
4 records inserted in traffic table.
Timer fired: Sun May 10 13:45:17 2026
9 records inserted in traffic table.
Timer fired: Sun May 10 13:45:22 2026
11 records inserted in traffic table.
Timer fired: Sun May 10 13:45:27 2026
6 records inserted in traffic table.
Timer fired: Sun May 10 13:45:32 2026
7 records inserted in traffic table.
Timer fired: Sun May 10 13:45:37 2026
22 records inserted in traffic table.
Timer fired: Sun May 10 13:45:42 2026
2 records inserted in traffic table.
Timer fired: Sun May 10 13:45:47 2026
11 records inserted in traffic table.
Timer fired: Sun May 10 13:45:52 2026
5 records inserted in traffic table.
Timer fired: Sun May 10 13:45:57 2026
6 records inserted in traffic table.
Timer fired: Sun May 10 13:46:02 2026
6 records inserted in traffic table.
Timer fired: Sun May 10 13:46:07 2026
5 records inserted in traffic table.
Timer fired: Sun May 10 13:46:12 2026
6 records inserted in traffic table.
Timer fired: Sun May 10 13:46:17 2026
11 records inserted in traffic table.
Timer fired: Sun May 10 13:46:22 2026
22 records inserted in traffic table.
Timer fired: Sun May 10 13:46:27 2026
7 records inserted in traffic table.
Timer fired: Sun May 10 13:46:32 2026
13 records inserted in traffic table.
Timer fired: Sun May 10 13:46:37 2026
3 records inserted in traffic table.
Timer fired: Sun May 10 13:46:42 2026
2 records inserted in traffic table.
Timer fired: Sun May 10 13:46:47 2026
1 records inserted in traffic table.
Timer fired: Sun May 10 13:46:52 2026
3 records inserted in traffic table.
Timer fired: Sun May 10 13:46:57 2026
9 records inserted in traffic table.
Timer fired: Sun May 10 13:47:02 2026
7 records inserted in traffic table.
Timer fired: Sun May 10 13:47:07 2026
16 records inserted in traffic table.
Timer fired: Sun May 10 13:47:12 2026
5 records inserted in traffic table.
Timer fired: Sun May 10 13:47:17 2026
17 records inserted in traffic table.
Timer fired: Sun May 10 13:47:22 2026
8 records inserted in traffic table.
Timer fired: Sun May 10 13:47:27 2026
5 records inserted in traffic table.
Timer fired: Sun May 10 13:47:32 2026
5 records inserted in traffic table.
Timer fired: Sun May 10 13:47:37 2026
3 records inserted in traffic table.
Timer fired: Sun May 10 13:47:42 2026
6 records inserted in traffic table.
Timer fired: Sun May 10 13:47:47 2026
3 records inserted in traffic table.
Timer fired: Sun May 10 13:47:52 2026
14 records inserted in traffic table.
Timer fired: Sun May 10 13:47:57 2026
7 records inserted in traffic table.
Timer fired: Sun May 10 13:48:02 2026
15 records inserted in traffic table.
Timer fired: Sun May 10 13:48:07 2026
3 records inserted in traffic table.
Timer fired: Sun May 10 13:48:12 2026
6 records inserted in traffic table.
Timer fired: Sun May 10 13:48:17 2026
10 records inserted in traffic table.
Timer fired: Sun May 10 13:48:22 2026
9 records inserted in traffic table.
Timer fired: Sun May 10 13:48:27 2026
8 records inserted in traffic table.
Timer fired: Sun May 10 13:48:32 2026
6 records inserted in traffic table.
Timer fired: Sun May 10 13:48:37 2026
10 records inserted in traffic table.
Timer fired: Sun May 10 13:48:42 2026
2 records inserted in traffic table.
Timer fired: Sun May 10 13:48:47 2026
10 records inserted in traffic table.
Timer fired: Sun May 10 13:48:52 2026
3 records inserted in traffic table.
Timer fired: Sun May 10 13:48:57 2026
7 records inserted in traffic table.
Timer fired: Sun May 10 13:49:02 2026
8 records inserted in traffic table.
Timer fired: Sun May 10 13:49:07 2026
3 records inserted in traffic table.
Timer fired: Sun May 10 13:49:12 2026
6 records inserted in traffic table.
Timer fired: Sun May 10 13:49:17 2026
8 records inserted in traffic table.
Timer fired: Sun May 10 13:49:22 2026
11 records inserted in traffic table.
Timer fired: Sun May 10 13:49:27 2026
6 records inserted in traffic table.
Timer fired: Sun May 10 13:49:32 2026
11 records inserted in traffic table.
Timer fired: Sun May 10 13:49:37 2026
2 records inserted in traffic table.
Timer fired: Sun May 10 13:49:42 2026
2 records inserted in traffic table.
Timer fired: Sun May 10 13:49:47 2026
3 records inserted in traffic table.
Timer fired: Sun May 10 13:49:52 2026
3 records inserted in traffic table.
Timer fired: Sun May 10 13:49:57 2026
7 records inserted in traffic table.
Timer fired: Sun May 10 13:50:02 2026
9 records inserted in traffic table.
Timer fired: Sun May 10 13:50:07 2026
8 records inserted in traffic table.
Timer fired: Sun May 10 13:50:12 2026
4 records inserted in traffic table.
Timer fired: Sun May 10 13:50:17 2026
15 records inserted in traffic table.
Timer fired: Sun May 10 13:50:22 2026
4 records inserted in traffic table.
Timer fired: Sun May 10 13:50:27 2026
8 records inserted in traffic table.
Timer fired: Sun May 10 13:50:32 2026
6 records inserted in traffic table.
Timer fired: Sun May 10 13:50:37 2026
3 records inserted in traffic table.
Timer fired: Sun May 10 13:50:42 2026
4 records inserted in traffic table.
Timer fired: Sun May 10 13:50:47 2026
3 records inserted in traffic table.
Timer fired: Sun May 10 13:50:52 2026
8 records inserted in traffic table.
Timer fired: Sun May 10 13:50:57 2026
7 records inserted in traffic table.
Timer fired: Sun May 10 13:51:02 2026
15 records inserted in traffic table.
Timer fired: Sun May 10 13:51:07 2026
2 records inserted in traffic table.
Timer fired: Sun May 10 13:51:12 2026
3 records inserted in traffic table.
Timer fired: Sun May 10 13:51:17 2026
9 records inserted in traffic table.
Timer fired: Sun May 10 13:51:22 2026
7 records inserted in traffic table.
Timer fired: Sun May 10 13:51:27 2026
9 records inserted in traffic table.
Timer fired: Sun May 10 13:51:32 2026
7 records inserted in traffic table.
Timer fired: Sun May 10 13:51:37 2026
9 records inserted in traffic table.
Timer fired: Sun May 10 13:51:42 2026
2 records inserted in traffic table.
Timer fired: Sun May 10 13:51:47 2026
3 records inserted in traffic table.
Timer fired: Sun May 10 13:51:52 2026
4 records inserted in traffic table.
Timer fired: Sun May 10 13:51:57 2026
6 records inserted in traffic table.
Timer fired: Sun May 10 18:59:12 2026
23 records inserted in traffic table.
Timer fired: Sun May 10 18:59:17 2026
21 records inserted in traffic table.
Timer fired: Sun May 10 18:59:22 2026
14 records inserted in traffic table.
Timer fired: Sun May 10 18:59:27 2026
6 records inserted in traffic table.
Timer fired: Sun May 10 18:59:32 2026
6 records inserted in traffic table.
Timer fired: Sun May 10 18:59:37 2026
3 records inserted in traffic table.
Timer fired: Sun May 10 18:59:42 2026
3 records inserted in traffic table.
Timer fired: Sun May 10 18:59:47 2026
2 records inserted in traffic table.
Timer fired: Sun May 10 18:59:52 2026
7 records inserted in traffic table.
Timer fired: Sun May 10 18:59:57 2026
5 records inserted in traffic table.
Timer fired: Sun May 10 19:00:02 2026
6 records inserted in traffic table.
Timer fired: Sun May 10 19:00:07 2026
7 records inserted in traffic table.
Timer fired: Sun May 10 23:46:31 2026
15 records inserted in traffic table.
Timer fired: Sun May 10 23:46:36 2026
27 records inserted in traffic table.
Timer fired: Sun May 10 23:46:41 2026
6 records inserted in traffic table.
Timer fired: Sun May 10 23:46:46 2026
3 records inserted in traffic table.
Timer fired: Sun May 10 23:46:51 2026
4 records inserted in traffic table.
Timer fired: Sun May 10 23:46:56 2026
5 records inserted in traffic table.
Timer fired: Sun May 10 23:47:01 2026
4 records inserted in traffic table.
Timer fired: Sun May 10 23:47:06 2026
3 records inserted in traffic table.
Timer fired: Sun May 10 23:47:11 2026
3 records inserted in traffic table.
Timer fired: Sun May 10 23:47:16 2026
3 records inserted in traffic table.
Timer fired: Sun May 10 23:47:21 2026
6 records inserted in traffic table.
Timer fired: Sun May 10 23:47:26 2026
9 records inserted in traffic table.
Timer fired: Sun May 10 23:47:31 2026
2 records inserted in traffic table.
Timer fired: Sun May 10 23:47:36 2026
2 records inserted in traffic table.
Timer fired: Sun May 10 23:47:41 2026
7 records inserted in traffic table.
Timer fired: Sun May 10 23:47:46 2026
6 records inserted in traffic table.
Timer fired: Sun May 10 23:47:51 2026
4 records inserted in traffic table.
Timer fired: Sun May 10 23:47:56 2026
6 records inserted in traffic table.
Timer fired: Sun May 10 23:48:01 2026
5 records inserted in traffic table.
Timer fired: Sun May 10 23:48:06 2026
2 records inserted in traffic table.
Timer fired: Sun May 10 23:48:11 2026
4 records inserted in traffic table.
Timer fired: Sun May 10 23:48:16 2026
9 records inserted in traffic table.
Timer fired: Sun May 10 23:48:21 2026
3 records inserted in traffic table.
Timer fired: Sun May 10 23:48:26 2026
5 records inserted in traffic table.
Timer fired: Sun May 10 23:48:31 2026
3 records inserted in traffic table.
Timer fired: Sun May 10 23:48:36 2026
3 records inserted in traffic table.
Timer fired: Sun May 10 23:48:41 2026
3 records inserted in traffic table.
Timer fired: Sun May 10 23:48:46 2026
6 records inserted in traffic table.
Timer fired: Sun May 10 23:48:51 2026
5 records inserted in traffic table.
Timer fired: Sun May 10 23:48:56 2026
8 records inserted in traffic table.
Timer fired: Sun May 10 23:49:01 2026
3 records inserted in traffic table.
Timer fired: Sun May 10 23:49:06 2026
3 records inserted in traffic table.
Timer fired: Sun May 10 23:49:11 2026
1 records inserted in traffic table.
Timer fired: Sun May 10 23:49:16 2026
2 records inserted in traffic table.
Timer fired: Sun May 10 23:49:21 2026
3 records inserted in traffic table.
Timer fired: Sun May 10 23:49:26 2026
7 records inserted in traffic table.
Timer fired: Sun May 10 23:49:31 2026
2 records inserted in traffic table.
Timer fired: Sun May 10 23:49:36 2026
4 records inserted in traffic table.
Timer fired: Sun May 10 23:49:41 2026
5 records inserted in traffic table.
Timer fired: Sun May 10 23:49:46 2026
4 records inserted in traffic table.
Timer fired: Sun May 10 23:49:51 2026
6 records inserted in traffic table.
Timer fired: Sun May 10 23:49:56 2026
6 records inserted in traffic table.
Timer fired: Sun May 10 23:50:01 2026
3 records inserted in traffic table.
Timer fired: Sun May 10 23:50:06 2026
3 records inserted in traffic table.
Timer fired: Sun May 10 23:50:11 2026
2 records inserted in traffic table.
Timer fired: Sun May 10 23:50:16 2026
4 records inserted in traffic table.
Timer fired: Sun May 10 23:50:21 2026
3 records inserted in traffic table.
Timer fired: Sun May 10 23:50:26 2026
7 records inserted in traffic table.
Timer fired: Sun May 10 23:50:31 2026
3 records inserted in traffic table.
Timer fired: Sun May 10 23:50:36 2026
6 records inserted in traffic table.
Timer fired: Sun May 10 23:50:41 2026
4 records inserted in traffic table.
Timer fired: Sun May 10 23:50:46 2026
7 records inserted in traffic table.
Timer fired: Sun May 10 23:50:51 2026
4 records inserted in traffic table.
Timer fired: Sun May 10 23:50:56 2026
5 records inserted in traffic table.
Timer fired: Sun May 10 23:51:01 2026
6 records inserted in traffic table.
Timer fired: Sun May 10 23:51:06 2026
1 records inserted in traffic table.
Timer fired: Sun May 10 23:51:11 2026
4 records inserted in traffic table.
Timer fired: Sun May 10 23:51:16 2026
3 records inserted in traffic table.
Timer fired: Sun May 10 23:51:21 2026
3 records inserted in traffic table.
Timer fired: Sun May 10 23:51:26 2026
5 records inserted in traffic table.
Timer fired: Sun May 10 23:51:31 2026
5 records inserted in traffic table.
Timer fired: Sun May 10 23:51:36 2026
4 records inserted in traffic table.
Timer fired: Sun May 10 23:51:41 2026
4 records inserted in traffic table.
Timer fired: Sun May 10 23:51:46 2026
7 records inserted in traffic table.
Timer fired: Sun May 10 23:51:51 2026
4 records inserted in traffic table.
Timer fired: Sun May 10 23:51:56 2026
8 records inserted in traffic table.
Timer fired: Sun May 10 23:52:01 2026
5 records inserted in traffic table.
Timer fired: Sun May 10 23:52:06 2026
1 records inserted in traffic table.
Timer fired: Sun May 10 23:52:11 2026
1 records inserted in traffic table.
Timer fired: Sun May 10 23:52:16 2026
4 records inserted in traffic table.
Timer fired: Sun May 10 23:52:21 2026
4 records inserted in traffic table.
Timer fired: Sun May 10 23:52:26 2026
7 records inserted in traffic table.
Timer fired: Sun May 10 23:52:31 2026
5 records inserted in traffic table.
Timer fired: Sun May 10 23:52:36 2026
2 records inserted in traffic table.
Timer fired: Sun May 10 23:52:41 2026
5 records inserted in traffic table.
Timer fired: Sun May 10 23:52:46 2026
4 records inserted in traffic table.
Timer fired: Sun May 10 23:52:51 2026
3 records inserted in traffic table.
Timer fired: Sun May 10 23:52:56 2026
7 records inserted in traffic table.
Timer fired: Sun May 10 23:53:01 2026
6 records inserted in traffic table.
Timer fired: Sun May 10 23:53:06 2026
1 records inserted in traffic table.
Timer fired: Sun May 10 23:53:11 2026
2 records inserted in traffic table.
Timer fired: Sun May 10 23:53:16 2026
5 records inserted in traffic table.
Timer fired: Sun May 10 23:53:21 2026
3 records inserted in traffic table.
Timer fired: Sun May 10 23:53:26 2026
7 records inserted in traffic table.
Timer fired: Sun May 10 23:53:31 2026
4 records inserted in traffic table.
Timer fired: Sun May 10 23:53:36 2026
4 records inserted in traffic table.
Timer fired: Sun May 10 23:53:41 2026
4 records inserted in traffic table.
Timer fired: Sun May 10 23:53:46 2026
6 records inserted in traffic table.
Timer fired: Sun May 10 23:53:51 2026
3 records inserted in traffic table.
Timer fired: Sun May 10 23:53:56 2026
5 records inserted in traffic table.
Timer fired: Sun May 10 23:54:01 2026
5 records inserted in traffic table.
Timer fired: Sun May 10 23:54:06 2026
3 records inserted in traffic table.
Timer fired: Sun May 10 23:54:11 2026
3 records inserted in traffic table.
Timer fired: Sun May 10 23:54:16 2026
2 records inserted in traffic table.
Timer fired: Sun May 10 23:54:21 2026
3 records inserted in traffic table.
Timer fired: Sun May 10 23:54:26 2026
5 records inserted in traffic table.
Timer fired: Sun May 10 23:54:31 2026
3 records inserted in traffic table.
Timer fired: Sun May 10 23:54:36 2026
5 records inserted in traffic table.
Timer fired: Sun May 10 23:54:41 2026
3 records inserted in traffic table.
Timer fired: Sun May 10 23:54:46 2026
5 records inserted in traffic table.
Timer fired: Sun May 10 23:54:51 2026
3 records inserted in traffic table.
Timer fired: Sun May 10 23:54:56 2026
9 records inserted in traffic table.
Timer fired: Sun May 10 23:55:01 2026
5 records inserted in traffic table.
Timer fired: Sun May 10 23:55:06 2026
5 records inserted in traffic table.
Timer fired: Sun May 10 23:55:11 2026
1 records inserted in traffic table.
Timer fired: Sun May 10 23:55:16 2026
4 records inserted in traffic table.
Timer fired: Sun May 10 23:55:21 2026
5 records inserted in traffic table.
Timer fired: Sun May 10 23:55:26 2026
6 records inserted in traffic table.
Timer fired: Sun May 10 23:55:31 2026
3 records inserted in traffic table.
Timer fired: Sun May 10 23:55:36 2026
3 records inserted in traffic table.
Timer fired: Sun May 10 23:55:41 2026
7 records inserted in traffic table.
Timer fired: Sun May 10 23:55:46 2026
5 records inserted in traffic table.
Timer fired: Sun May 10 23:55:51 2026
5 records inserted in traffic table.
Timer fired: Sun May 10 23:55:56 2026
6 records inserted in traffic table.
Timer fired: Sun May 10 23:56:01 2026
4 records inserted in traffic table.
Timer fired: Sun May 10 23:56:06 2026
3 records inserted in traffic table.
Timer fired: Sun May 10 23:56:11 2026
3 records inserted in traffic table.
Timer fired: Sun May 10 23:56:16 2026
3 records inserted in traffic table.
Timer fired: Sun May 10 23:56:21 2026
2 records inserted in traffic table.
Timer fired: Sun May 10 23:56:26 2026
7 records inserted in traffic table.
Timer fired: Sun May 10 23:56:31 2026
4 records inserted in traffic table.
Timer fired: Sun May 10 23:56:36 2026
6 records inserted in traffic table.
Timer fired: Sun May 10 23:56:41 2026
4 records inserted in traffic table.
Timer fired: Sun May 10 23:56:46 2026
6 records inserted in traffic table.
Timer fired: Sun May 10 23:56:51 2026
5 records inserted in traffic table.
Timer fired: Sun May 10 23:56:56 2026
6 records inserted in traffic table.
Timer fired: Sun May 10 23:57:01 2026
5 records inserted in traffic table.
Timer fired: Sun May 10 23:57:06 2026
2 records inserted in traffic table.
Timer fired: Sun May 10 23:57:11 2026
4 records inserted in traffic table.
Timer fired: Sun May 10 23:57:16 2026
2 records inserted in traffic table.
Timer fired: Sun May 10 23:57:21 2026
4 records inserted in traffic table.
Timer fired: Sun May 10 23:57:26 2026
5 records inserted in traffic table.
Timer fired: Sun May 10 23:57:31 2026
5 records inserted in traffic table.
Timer fired: Sun May 10 23:57:36 2026
6 records inserted in traffic table.
Timer fired: Sun May 10 23:57:41 2026
3 records inserted in traffic table.
Timer fired: Sun May 10 23:57:46 2026
6 records inserted in traffic table.
Timer fired: Sun May 10 23:57:51 2026
3 records inserted in traffic table.
Timer fired: Sun May 10 23:57:56 2026
8 records inserted in traffic table.
Timer fired: Sun May 10 23:58:01 2026
5 records inserted in traffic table.
Timer fired: Sun May 10 23:58:06 2026
2 records inserted in traffic table.
Timer fired: Sun May 10 23:58:11 2026
1 records inserted in traffic table.
Timer fired: Sun May 10 23:58:16 2026
3 records inserted in traffic table.
Timer fired: Sun May 10 23:58:21 2026
3 records inserted in traffic table.
Timer fired: Sun May 10 23:58:26 2026
5 records inserted in traffic table.
Timer fired: Sun May 10 23:58:31 2026
4 records inserted in traffic table.
Timer fired: Sun May 10 23:58:36 2026
4 records inserted in traffic table.
Timer fired: Sun May 10 23:58:41 2026
6 records inserted in traffic table.
Timer fired: Sun May 10 23:58:46 2026
4 records inserted in traffic table.
Timer fired: Sun May 10 23:58:51 2026
3 records inserted in traffic table.
Timer fired: Sun May 10 23:58:56 2026
5 records inserted in traffic table.
Timer fired: Sun May 10 23:59:01 2026
5 records inserted in traffic table.
Timer fired: Sun May 10 23:59:06 2026
3 records inserted in traffic table.
Timer fired: Sun May 10 23:59:11 2026
3 records inserted in traffic table.
Timer fired: Sun May 10 23:59:16 2026
2 records inserted in traffic table.
Timer fired: Sun May 10 23:59:21 2026
3 records inserted in traffic table.
Timer fired: Sun May 10 23:59:26 2026
8 records inserted in traffic table.
Timer fired: Sun May 10 23:59:31 2026
3 records inserted in traffic table.
Timer fired: Sun May 10 23:59:36 2026
3 records inserted in traffic table.
Timer fired: Sun May 10 23:59:41 2026
4 records inserted in traffic table.
Timer fired: Sun May 10 23:59:46 2026
5 records inserted in traffic table.
Timer fired: Sun May 10 23:59:51 2026
5 records inserted in traffic table.
Timer fired: Sun May 10 23:59:56 2026
6 records inserted in traffic table.
Timer fired: Mon May 11 00:00:01 2026
4 records inserted in traffic table.
Timer fired: Mon May 11 00:00:06 2026
3 records inserted in traffic table.
Timer fired: Mon May 11 00:00:11 2026
5 records inserted in traffic table.
Timer fired: Mon May 11 00:00:16 2026
6 records inserted in traffic table.
Timer fired: Mon May 11 00:00:21 2026
2 records inserted in traffic table.
Timer fired: Mon May 11 00:00:26 2026
6 records inserted in traffic table.
Timer fired: Mon May 11 00:00:31 2026
3 records inserted in traffic table.
Timer fired: Mon May 11 00:00:36 2026
3 records inserted in traffic table.
Timer fired: Mon May 11 00:00:41 2026
3 records inserted in traffic table.
Timer fired: Mon May 11 00:00:46 2026
5 records inserted in traffic table.
Timer fired: Mon May 11 00:00:51 2026
5 records inserted in traffic table.
Timer fired: Mon May 11 00:00:56 2026
8 records inserted in traffic table.
Timer fired: Mon May 11 00:01:01 2026
5 records inserted in traffic table.
Timer fired: Mon May 11 00:01:06 2026
1 records inserted in traffic table.
Timer fired: Mon May 11 00:01:11 2026
1 records inserted in traffic table.
Timer fired: Mon May 11 00:01:16 2026
4 records inserted in traffic table.
Timer fired: Mon May 11 00:01:21 2026
3 records inserted in traffic table.
Timer fired: Mon May 11 00:01:26 2026
5 records inserted in traffic table.
Timer fired: Mon May 11 00:01:31 2026
3 records inserted in traffic table.
Timer fired: Mon May 11 00:01:36 2026
8 records inserted in traffic table.
Timer fired: Mon May 11 00:01:41 2026
5 records inserted in traffic table.
Timer fired: Mon May 11 00:01:46 2026
4 records inserted in traffic table.
Timer fired: Mon May 11 00:01:51 2026
4 records inserted in traffic table.
Timer fired: Mon May 11 00:01:56 2026
5 records inserted in traffic table.
Timer fired: Mon May 11 00:02:01 2026
4 records inserted in traffic table.
Timer fired: Mon May 11 00:02:06 2026
2 records inserted in traffic table.
Timer fired: Mon May 11 00:02:11 2026
1 records inserted in traffic table.
Timer fired: Mon May 11 00:02:16 2026
2 records inserted in traffic table.
Timer fired: Mon May 11 00:02:21 2026
3 records inserted in traffic table.
Timer fired: Mon May 11 00:02:26 2026
7 records inserted in traffic table.
Timer fired: Mon May 11 00:02:31 2026
5 records inserted in traffic table.
Timer fired: Mon May 11 00:02:36 2026
5 records inserted in traffic table.
Timer fired: Mon May 11 00:02:41 2026
3 records inserted in traffic table.
Timer fired: Mon May 11 00:02:46 2026
6 records inserted in traffic table.
Timer fired: Mon May 11 00:02:51 2026
3 records inserted in traffic table.
Timer fired: Mon May 11 00:02:56 2026
6 records inserted in traffic table.
Timer fired: Mon May 11 00:03:01 2026
5 records inserted in traffic table.
Timer fired: Mon May 11 00:03:06 2026
2 records inserted in traffic table.
Timer fired: Mon May 11 00:03:11 2026
4 records inserted in traffic table.
Timer fired: Mon May 11 00:03:16 2026
3 records inserted in traffic table.
Timer fired: Mon May 11 00:03:21 2026
3 records inserted in traffic table.
Timer fired: Mon May 11 00:03:26 2026
5 records inserted in traffic table.
Timer fired: Mon May 11 00:03:31 2026
4 records inserted in traffic table.
Timer fired: Mon May 11 00:03:36 2026
7 records inserted in traffic table.
Timer fired: Mon May 11 00:03:41 2026
5 records inserted in traffic table.
Timer fired: Mon May 11 00:03:46 2026
4 records inserted in traffic table.
Timer fired: Mon May 11 00:03:51 2026
4 records inserted in traffic table.
Timer fired: Mon May 11 00:03:56 2026
9 records inserted in traffic table.
Timer fired: Mon May 11 00:04:01 2026
4 records inserted in traffic table.
Timer fired: Mon May 11 00:04:06 2026
3 records inserted in traffic table.
Timer fired: Mon May 11 00:04:11 2026
1 records inserted in traffic table.
Timer fired: Mon May 11 00:04:16 2026
2 records inserted in traffic table.
Timer fired: Mon May 11 00:04:21 2026
5 records inserted in traffic table.
Timer fired: Mon May 11 00:04:26 2026
6 records inserted in traffic table.
Timer fired: Mon May 11 00:04:31 2026
5 records inserted in traffic table.
Timer fired: Mon May 11 00:04:36 2026
2 records inserted in traffic table.
Timer fired: Mon May 11 00:04:41 2026
5 records inserted in traffic table.
Timer fired: Mon May 11 00:04:46 2026
4 records inserted in traffic table.
Timer fired: Mon May 11 00:04:51 2026
5 records inserted in traffic table.
Timer fired: Mon May 11 00:04:56 2026
6 records inserted in traffic table.
Timer fired: Mon May 11 00:05:01 2026
6 records inserted in traffic table.
Timer fired: Mon May 11 00:05:06 2026
6 records inserted in traffic table.
Timer fired: Mon May 11 00:05:11 2026
2 records inserted in traffic table.
Timer fired: Mon May 11 00:05:16 2026
3 records inserted in traffic table.
Timer fired: Mon May 11 00:05:21 2026
3 records inserted in traffic table.
Timer fired: Mon May 11 00:05:26 2026
7 records inserted in traffic table.
Timer fired: Mon May 11 00:05:31 2026
3 records inserted in traffic table.
Timer fired: Mon May 11 00:05:36 2026
3 records inserted in traffic table.
Timer fired: Mon May 11 00:05:41 2026
3 records inserted in traffic table.
Timer fired: Mon May 11 00:05:46 2026
5 records inserted in traffic table.
Timer fired: Mon May 11 00:05:51 2026
8 records inserted in traffic table.
Timer fired: Mon May 11 00:05:56 2026
5 records inserted in traffic table.
Timer fired: Mon May 11 00:06:01 2026
5 records inserted in traffic table.
Timer fired: Mon May 11 00:06:06 2026
1 records inserted in traffic table.
Timer fired: Mon May 11 00:06:11 2026
3 records inserted in traffic table.
Timer fired: Mon May 11 00:06:16 2026
3 records inserted in traffic table.
Timer fired: Mon May 11 00:06:21 2026
4 records inserted in traffic table.
Timer fired: Mon May 11 00:06:26 2026
5 records inserted in traffic table.
Timer fired: Mon May 11 00:06:31 2026
3 records inserted in traffic table.
Timer fired: Mon May 11 00:06:36 2026
7 records inserted in traffic table.
Timer fired: Mon May 11 00:06:41 2026
4 records inserted in traffic table.
Timer fired: Mon May 11 00:06:46 2026
8 records inserted in traffic table.
Timer fired: Mon May 11 00:06:51 2026
4 records inserted in traffic table.
Timer fired: Mon May 11 00:06:56 2026
7 records inserted in traffic table.
Timer fired: Mon May 11 00:07:01 2026
4 records inserted in traffic table.
Timer fired: Mon May 11 00:07:06 2026
1 records inserted in traffic table.
Timer fired: Mon May 11 00:07:11 2026
2 records inserted in traffic table.
Timer fired: Mon May 11 00:07:16 2026
2 records inserted in traffic table.
Timer fired: Mon May 11 00:07:21 2026
5 records inserted in traffic table.
Timer fired: Mon May 11 00:07:26 2026
7 records inserted in traffic table.
Timer fired: Mon May 11 00:07:31 2026
4 records inserted in traffic table.
Timer fired: Mon May 11 00:07:36 2026
4 records inserted in traffic table.
Timer fired: Mon May 11 00:07:41 2026
6 records inserted in traffic table.
Timer fired: Mon May 11 00:07:46 2026
6 records inserted in traffic table.
Timer fired: Mon May 11 00:07:51 2026
4 records inserted in traffic table.
Timer fired: Mon May 11 00:07:56 2026
7 records inserted in traffic table.
Timer fired: Mon May 11 00:08:01 2026
5 records inserted in traffic table.
Timer fired: Mon May 11 00:08:06 2026
2 records inserted in traffic table.
Timer fired: Mon May 11 00:08:11 2026
2 records inserted in traffic table.
Timer fired: Mon May 11 00:08:16 2026
2 records inserted in traffic table.
Timer fired: Mon May 11 00:08:21 2026
2 records inserted in traffic table.
Timer fired: Mon May 11 00:08:26 2026
7 records inserted in traffic table.
Timer fired: Mon May 11 00:08:31 2026
4 records inserted in traffic table.
Timer fired: Mon May 11 00:08:36 2026
5 records inserted in traffic table.
Timer fired: Mon May 11 00:08:41 2026
3 records inserted in traffic table.
Timer fired: Mon May 11 00:08:46 2026
4 records inserted in traffic table.
Timer fired: Mon May 11 00:08:51 2026
4 records inserted in traffic table.
Timer fired: Mon May 11 00:08:56 2026
7 records inserted in traffic table.
Timer fired: Mon May 11 00:09:01 2026
4 records inserted in traffic table.
Timer fired: Mon May 11 00:09:06 2026
1 records inserted in traffic table.
Timer fired: Mon May 11 00:09:11 2026
4 records inserted in traffic table.
Timer fired: Mon May 11 00:09:16 2026
4 records inserted in traffic table.
Timer fired: Mon May 11 00:09:21 2026
2 records inserted in traffic table.
Timer fired: Mon May 11 00:09:26 2026
6 records inserted in traffic table.
Timer fired: Mon May 11 00:09:31 2026
3 records inserted in traffic table.
Timer fired: Mon May 11 00:09:36 2026
2 records inserted in traffic table.
Timer fired: Mon May 11 00:09:41 2026
4 records inserted in traffic table.
Timer fired: Mon May 11 00:09:46 2026
4 records inserted in traffic table.
Timer fired: Mon May 11 00:09:51 2026
3 records inserted in traffic table.
Timer fired: Mon May 11 00:09:56 2026
8 records inserted in traffic table.
Timer fired: Mon May 11 00:10:01 2026
3 records inserted in traffic table.
Timer fired: Mon May 11 00:10:06 2026
3 records inserted in traffic table.
Timer fired: Mon May 11 00:10:11 2026
2 records inserted in traffic table.
Timer fired: Mon May 11 00:10:16 2026
2 records inserted in traffic table.
Timer fired: Mon May 11 00:10:21 2026
2 records inserted in traffic table.
Timer fired: Mon May 11 00:10:26 2026
6 records inserted in traffic table.
Timer fired: Mon May 11 00:10:31 2026
3 records inserted in traffic table.
Timer fired: Mon May 11 00:10:36 2026
2 records inserted in traffic table.
Timer fired: Mon May 11 00:10:41 2026
5 records inserted in traffic table.
Timer fired: Mon May 11 00:10:46 2026
5 records inserted in traffic table.
Timer fired: Mon May 11 00:10:51 2026
6 records inserted in traffic table.
Timer fired: Mon May 11 00:10:56 2026
7 records inserted in traffic table.
Timer fired: Mon May 11 00:11:01 2026
5 records inserted in traffic table.
Timer fired: Mon May 11 00:11:06 2026
2 records inserted in traffic table.
Timer fired: Mon May 11 00:11:11 2026
2 records inserted in traffic table.
Timer fired: Mon May 11 00:11:16 2026
3 records inserted in traffic table.
Timer fired: Mon May 11 00:11:21 2026
3 records inserted in traffic table.
Timer fired: Mon May 11 00:11:26 2026
7 records inserted in traffic table.
Timer fired: Mon May 11 00:11:31 2026
3 records inserted in traffic table.
Timer fired: Mon May 11 00:11:36 2026
3 records inserted in traffic table.
Timer fired: Mon May 11 00:11:41 2026
7 records inserted in traffic table.
Timer fired: Mon May 11 00:11:46 2026
7 records inserted in traffic table.
Timer fired: Mon May 11 00:11:51 2026
5 records inserted in traffic table.
Timer fired: Mon May 11 00:11:56 2026
6 records inserted in traffic table.
Timer fired: Mon May 11 00:12:01 2026
4 records inserted in traffic table.
Timer fired: Mon May 11 00:12:06 2026
1 records inserted in traffic table.
Timer fired: Mon May 11 00:12:11 2026
4 records inserted in traffic table.
Timer fired: Mon May 11 00:12:16 2026
3 records inserted in traffic table.
Timer fired: Mon May 11 00:12:21 2026
5 records inserted in traffic table.
Timer fired: Mon May 11 00:12:26 2026
6 records inserted in traffic table.
Timer fired: Mon May 11 00:12:31 2026
3 records inserted in traffic table.
Timer fired: Mon May 11 00:12:36 2026
6 records inserted in traffic table.
Timer fired: Mon May 11 00:12:41 2026
3 records inserted in traffic table.
Timer fired: Mon May 11 00:12:46 2026
5 records inserted in traffic table.
Timer fired: Mon May 11 00:12:51 2026
4 records inserted in traffic table.
Timer fired: Mon May 11 00:12:56 2026
9 records inserted in traffic table.
Timer fired: Mon May 11 00:13:01 2026
5 records inserted in traffic table.
Timer fired: Mon May 11 00:13:06 2026
2 records inserted in traffic table.
Timer fired: Mon May 11 00:13:11 2026
1 records inserted in traffic table.
Timer fired: Mon May 11 00:13:16 2026
2 records inserted in traffic table.
Timer fired: Mon May 11 00:13:21 2026
6 records inserted in traffic table.
Timer fired: Mon May 11 00:13:26 2026
7 records inserted in traffic table.
Timer fired: Mon May 11 00:13:31 2026
3 records inserted in traffic table.
Timer fired: Mon May 11 00:13:36 2026
3 records inserted in traffic table.
Timer fired: Mon May 11 00:13:41 2026
6 records inserted in traffic table.
Timer fired: Mon May 11 00:13:46 2026
5 records inserted in traffic table.
Timer fired: Mon May 11 00:13:51 2026
4 records inserted in traffic table.
Timer fired: Mon May 11 00:13:56 2026
6 records inserted in traffic table.
Timer fired: Mon May 11 00:14:01 2026
5 records inserted in traffic table.
Timer fired: Mon May 11 00:14:06 2026
4 records inserted in traffic table.
Timer fired: Mon May 11 00:14:11 2026
2 records inserted in traffic table.
Timer fired: Mon May 11 00:14:16 2026
2 records inserted in traffic table.
Timer fired: Mon May 11 00:14:21 2026
4 records inserted in traffic table.
Timer fired: Mon May 11 00:14:26 2026
10 records inserted in traffic table.
Timer fired: Mon May 11 00:14:31 2026
6 records inserted in traffic table.
Timer fired: Mon May 11 00:14:36 2026
3 records inserted in traffic table.
Timer fired: Mon May 11 00:14:41 2026
3 records inserted in traffic table.
Timer fired: Mon May 11 00:14:46 2026
7 records inserted in traffic table.
Timer fired: Mon May 11 00:14:51 2026
6 records inserted in traffic table.
Timer fired: Mon May 11 00:14:56 2026
7 records inserted in traffic table.
Timer fired: Mon May 11 00:15:01 2026
4 records inserted in traffic table.
Timer fired: Mon May 11 00:15:06 2026
5 records inserted in traffic table.
Timer fired: Mon May 11 00:15:11 2026
4 records inserted in traffic table.
Timer fired: Mon May 11 00:15:16 2026
3 records inserted in traffic table.
Timer fired: Mon May 11 00:15:21 2026
2 records inserted in traffic table.
Timer fired: Mon May 11 00:15:26 2026
7 records inserted in traffic table.
Timer fired: Mon May 11 00:15:31 2026
5 records inserted in traffic table.
Timer fired: Mon May 11 00:15:36 2026
7 records inserted in traffic table.
Timer fired: Mon May 11 00:15:41 2026
3 records inserted in traffic table.
Timer fired: Mon May 11 00:15:46 2026
6 records inserted in traffic table.
Timer fired: Mon May 11 00:15:51 2026
4 records inserted in traffic table.
Timer fired: Mon May 11 00:15:56 2026
10 records inserted in traffic table.
Timer fired: Mon May 11 00:16:01 2026
5 records inserted in traffic table.
Timer fired: Mon May 11 00:16:06 2026
2 records inserted in traffic table.
Timer fired: Mon May 11 00:16:11 2026
1 records inserted in traffic table.
Timer fired: Mon May 11 00:16:16 2026
5 records inserted in traffic table.
Timer fired: Mon May 11 00:16:21 2026
4 records inserted in traffic table.
Timer fired: Mon May 11 00:16:26 2026
6 records inserted in traffic table.
Timer fired: Mon May 11 00:16:31 2026
3 records inserted in traffic table.
Timer fired: Mon May 11 00:16:36 2026
7 records inserted in traffic table.
Timer fired: Mon May 11 00:16:41 2026
4 records inserted in traffic table.
Timer fired: Mon May 11 00:16:46 2026
5 records inserted in traffic table.
Timer fired: Mon May 11 00:16:51 2026
5 records inserted in traffic table.
Timer fired: Mon May 11 00:16:56 2026
6 records inserted in traffic table.
Timer fired: Mon May 11 00:17:01 2026
5 records inserted in traffic table.
Timer fired: Mon May 11 00:17:06 2026
1 records inserted in traffic table.
Timer fired: Mon May 11 00:17:11 2026
2 records inserted in traffic table.
Timer fired: Mon May 11 00:17:16 2026
4 records inserted in traffic table.
Timer fired: Mon May 11 00:17:21 2026
5 records inserted in traffic table.
Timer fired: Mon May 11 00:17:26 2026
6 records inserted in traffic table.
Timer fired: Mon May 11 00:17:31 2026
3 records inserted in traffic table.
Timer fired: Mon May 11 00:17:36 2026
4 records inserted in traffic table.
Timer fired: Mon May 11 00:17:41 2026
3 records inserted in traffic table.
Timer fired: Mon May 11 00:17:46 2026
5 records inserted in traffic table.
Timer fired: Mon May 11 00:17:51 2026
4 records inserted in traffic table.
Timer fired: Mon May 11 00:17:56 2026
5 records inserted in traffic table.
Timer fired: Mon May 11 00:18:01 2026
6 records inserted in traffic table.
Timer fired: Mon May 11 00:18:06 2026
3 records inserted in traffic table.
Timer fired: Mon May 11 00:18:11 2026
1 records inserted in traffic table.
Timer fired: Mon May 11 00:18:16 2026
2 records inserted in traffic table.
Timer fired: Mon May 11 00:18:21 2026
2 records inserted in traffic table.
Timer fired: Mon May 11 00:18:26 2026
5 records inserted in traffic table.
Timer fired: Mon May 11 00:18:31 2026
4 records inserted in traffic table.
Timer fired: Mon May 11 00:18:36 2026
2 records inserted in traffic table.
Timer fired: Mon May 11 00:18:41 2026
4 records inserted in traffic table.
Timer fired: Mon May 11 00:18:46 2026
6 records inserted in traffic table.
Timer fired: Mon May 11 00:18:51 2026
6 records inserted in traffic table.
Timer fired: Mon May 11 00:18:56 2026
8 records inserted in traffic table.
Timer fired: Mon May 11 00:19:01 2026
4 records inserted in traffic table.
Timer fired: Mon May 11 00:19:06 2026
3 records inserted in traffic table.
Timer fired: Mon May 11 00:19:11 2026
2 records inserted in traffic table.
Timer fired: Mon May 11 00:19:16 2026
4 records inserted in traffic table.
Timer fired: Mon May 11 00:19:21 2026
2 records inserted in traffic table.
Timer fired: Mon May 11 00:19:26 2026
6 records inserted in traffic table.
Timer fired: Mon May 11 00:19:31 2026
3 records inserted in traffic table.
Timer fired: Mon May 11 00:19:36 2026
6 records inserted in traffic table.
Timer fired: Mon May 11 00:19:41 2026
7 records inserted in traffic table.
Timer fired: Mon May 11 00:19:46 2026
8 records inserted in traffic table.
Timer fired: Mon May 11 00:19:51 2026
3 records inserted in traffic table.
Timer fired: Mon May 11 00:19:56 2026
7 records inserted in traffic table.
Timer fired: Mon May 11 00:20:01 2026
6 records inserted in traffic table.
Timer fired: Mon May 11 00:20:06 2026
3 records inserted in traffic table.
Timer fired: Mon May 11 00:20:11 2026
2 records inserted in traffic table.
Timer fired: Mon May 11 00:20:16 2026
4 records inserted in traffic table.
Timer fired: Mon May 11 00:20:21 2026
3 records inserted in traffic table.
Timer fired: Mon May 11 00:20:26 2026
6 records inserted in traffic table.
Timer fired: Mon May 11 00:20:31 2026
5 records inserted in traffic table.
Timer fired: Mon May 11 00:20:36 2026
2 records inserted in traffic table.
Timer fired: Mon May 11 00:20:41 2026
3 records inserted in traffic table.
Timer fired: Mon May 11 00:20:46 2026
8 records inserted in traffic table.
Timer fired: Mon May 11 00:20:51 2026
4 records inserted in traffic table.
Timer fired: Mon May 11 00:20:56 2026
8 records inserted in traffic table.
Timer fired: Mon May 11 00:21:01 2026
5 records inserted in traffic table.
Timer fired: Mon May 11 00:21:06 2026
3 records inserted in traffic table.
Timer fired: Mon May 11 00:21:11 2026
3 records inserted in traffic table.
Timer fired: Mon May 11 00:21:16 2026
2 records inserted in traffic table.
Timer fired: Mon May 11 00:21:21 2026
2 records inserted in traffic table.
Timer fired: Mon May 11 00:21:26 2026
7 records inserted in traffic table.
Timer fired: Mon May 11 00:21:31 2026
9 records inserted in traffic table.
Timer fired: Mon May 11 00:21:36 2026
3 records inserted in traffic table.
Timer fired: Mon May 11 00:21:41 2026
3 records inserted in traffic table.
Timer fired: Mon May 11 00:21:46 2026
6 records inserted in traffic table.
Timer fired: Mon May 11 00:21:51 2026
6 records inserted in traffic table.
Timer fired: Mon May 11 00:21:56 2026
8 records inserted in traffic table.
Timer fired: Mon May 11 00:22:01 2026
3 records inserted in traffic table.
Timer fired: Mon May 11 00:22:06 2026
2 records inserted in traffic table.
Timer fired: Mon May 11 00:22:11 2026
3 records inserted in traffic table.
Timer fired: Mon May 11 00:22:16 2026
3 records inserted in traffic table.
Timer fired: Mon May 11 00:22:21 2026
2 records inserted in traffic table.
Timer fired: Mon May 11 00:22:26 2026
8 records inserted in traffic table.
Timer fired: Mon May 11 00:22:31 2026
5 records inserted in traffic table.
Timer fired: Mon May 11 00:22:36 2026
3 records inserted in traffic table.
Timer fired: Mon May 11 00:22:41 2026
4 records inserted in traffic table.
Timer fired: Mon May 11 00:22:46 2026
6 records inserted in traffic table.
Timer fired: Mon May 11 00:22:51 2026
5 records inserted in traffic table.
Timer fired: Mon May 11 00:22:56 2026
6 records inserted in traffic table.
Timer fired: Mon May 11 00:23:01 2026
6 records inserted in traffic table.
Timer fired: Mon May 11 00:23:06 2026
3 records inserted in traffic table.
Timer fired: Mon May 11 00:23:11 2026
3 records inserted in traffic table.
Timer fired: Mon May 11 00:23:16 2026
2 records inserted in traffic table.
Timer fired: Mon May 11 00:23:21 2026
2 records inserted in traffic table.
Timer fired: Mon May 11 00:23:26 2026
9 records inserted in traffic table.
Timer fired: Mon May 11 00:23:31 2026
6 records inserted in traffic table.
Timer fired: Mon May 11 00:23:36 2026
3 records inserted in traffic table.
Timer fired: Mon May 11 00:23:41 2026
1 records inserted in traffic table.
Timer fired: Mon May 11 00:23:46 2026
8 records inserted in traffic table.
Timer fired: Mon May 11 00:23:51 2026
5 records inserted in traffic table.
Timer fired: Mon May 11 00:23:56 2026
4 records inserted in traffic table.
Timer fired: Mon May 11 00:24:01 2026
4 records inserted in traffic table.
Timer fired: Mon May 11 00:24:06 2026
4 records inserted in traffic table.
Timer fired: Mon May 11 00:24:11 2026
5 records inserted in traffic table.
Timer fired: Mon May 11 00:24:16 2026
3 records inserted in traffic table.
Timer fired: Mon May 11 00:24:21 2026
3 records inserted in traffic table.
Timer fired: Mon May 11 00:24:26 2026
8 records inserted in traffic table.
Timer fired: Mon May 11 00:24:31 2026
7 records inserted in traffic table.
Timer fired: Mon May 11 00:24:36 2026
2 records inserted in traffic table.
Timer fired: Mon May 11 00:24:41 2026
1 records inserted in traffic table.
Timer fired: Mon May 11 00:24:46 2026
8 records inserted in traffic table.
Timer fired: Mon May 11 00:24:51 2026
6 records inserted in traffic table.
Timer fired: Mon May 11 00:24:56 2026
8 records inserted in traffic table.
Timer fired: Mon May 11 00:25:01 2026
2 records inserted in traffic table.
Timer fired: Mon May 11 00:25:06 2026
5 records inserted in traffic table.
Timer fired: Mon May 11 00:25:11 2026
4 records inserted in traffic table.
Timer fired: Mon May 11 00:25:16 2026
2 records inserted in traffic table.
Timer fired: Mon May 11 00:25:21 2026
2 records inserted in traffic table.
Timer fired: Mon May 11 00:25:26 2026
5 records inserted in traffic table.
Timer fired: Mon May 11 00:25:31 2026
5 records inserted in traffic table.
Timer fired: Mon May 11 00:25:36 2026
1 records inserted in traffic table.
Timer fired: Mon May 11 00:25:41 2026
3 records inserted in traffic table.
Timer fired: Mon May 11 00:25:46 2026
7 records inserted in traffic table.
Timer fired: Mon May 11 00:25:51 2026
4 records inserted in traffic table.
Timer fired: Mon May 11 00:25:56 2026
6 records inserted in traffic table.
Timer fired: Mon May 11 00:26:01 2026
3 records inserted in traffic table.
Timer fired: Mon May 11 00:26:06 2026
3 records inserted in traffic table.
Timer fired: Mon May 11 00:26:11 2026
3 records inserted in traffic table.
Timer fired: Mon May 11 00:26:16 2026
1 records inserted in traffic table.
Timer fired: Mon May 11 00:26:21 2026
2 records inserted in traffic table.
Timer fired: Mon May 11 00:26:26 2026
7 records inserted in traffic table.
Timer fired: Mon May 11 00:26:31 2026
5 records inserted in traffic table.
Timer fired: Mon May 11 00:26:36 2026
3 records inserted in traffic table.
Timer fired: Mon May 11 00:26:41 2026
2 records inserted in traffic table.
Timer fired: Mon May 11 00:26:46 2026
8 records inserted in traffic table.
Timer fired: Mon May 11 00:26:51 2026
5 records inserted in traffic table.
Timer fired: Mon May 11 00:26:56 2026
6 records inserted in traffic table.
Timer fired: Mon May 11 00:27:01 2026
5 records inserted in traffic table.
Timer fired: Mon May 11 00:27:06 2026
2 records inserted in traffic table.
Timer fired: Mon May 11 00:27:11 2026
5 records inserted in traffic table.
Timer fired: Mon May 11 00:27:16 2026
2 records inserted in traffic table.
Timer fired: Mon May 11 00:27:21 2026
2 records inserted in traffic table.
Timer fired: Mon May 11 00:27:26 2026
8 records inserted in traffic table.
Timer fired: Mon May 11 00:27:31 2026
5 records inserted in traffic table.
Timer fired: Mon May 11 00:27:36 2026
2 records inserted in traffic table.
Timer fired: Mon May 11 00:27:41 2026
3 records inserted in traffic table.
Timer fired: Mon May 11 00:27:46 2026
8 records inserted in traffic table.
Timer fired: Mon May 11 00:27:51 2026
6 records inserted in traffic table.
Timer fired: Mon May 11 00:27:56 2026
6 records inserted in traffic table.
Timer fired: Mon May 11 00:28:01 2026
3 records inserted in traffic table.
Timer fired: Mon May 11 00:28:06 2026
2 records inserted in traffic table.
Timer fired: Mon May 11 00:28:11 2026
3 records inserted in traffic table.
Timer fired: Mon May 11 00:28:16 2026
3 records inserted in traffic table.
Timer fired: Mon May 11 00:28:21 2026
2 records inserted in traffic table.
Timer fired: Mon May 11 00:28:26 2026
5 records inserted in traffic table.
Timer fired: Mon May 11 00:28:31 2026
5 records inserted in traffic table.
Timer fired: Mon May 11 00:28:36 2026
1 records inserted in traffic table.
Timer fired: Mon May 11 00:28:41 2026
4 records inserted in traffic table.
Timer fired: Mon May 11 00:28:46 2026
9 records inserted in traffic table.
Timer fired: Mon May 11 00:28:51 2026
5 records inserted in traffic table.
Timer fired: Mon May 11 00:28:56 2026
4 records inserted in traffic table.
Timer fired: Mon May 11 00:29:01 2026
3 records inserted in traffic table.
Timer fired: Mon May 11 00:29:06 2026
2 records inserted in traffic table.
Timer fired: Mon May 11 00:29:11 2026
2 records inserted in traffic table.
Timer fired: Mon May 11 00:29:16 2026
3 records inserted in traffic table.
Timer fired: Mon May 11 00:29:21 2026
2 records inserted in traffic table.
Timer fired: Mon May 11 00:29:26 2026
8 records inserted in traffic table.
Timer fired: Mon May 11 00:29:31 2026
5 records inserted in traffic table.
Timer fired: Mon May 11 00:29:36 2026
3 records inserted in traffic table.
Timer fired: Mon May 11 00:29:41 2026
1 records inserted in traffic table.
Timer fired: Mon May 11 00:29:46 2026
9 records inserted in traffic table.
Timer fired: Mon May 11 00:29:51 2026
5 records inserted in traffic table.
Timer fired: Mon May 11 00:29:56 2026
4 records inserted in traffic table.
Timer fired: Mon May 11 00:30:01 2026
3 records inserted in traffic table.
Timer fired: Mon May 11 00:30:06 2026
4 records inserted in traffic table.
Timer fired: Mon May 11 00:30:11 2026
5 records inserted in traffic table.
Timer fired: Mon May 11 00:30:16 2026
9 records inserted in traffic table.
Timer fired: Mon May 11 00:30:21 2026
3 records inserted in traffic table.
Timer fired: Mon May 11 00:30:26 2026
5 records inserted in traffic table.
Timer fired: Mon May 11 00:30:31 2026
4 records inserted in traffic table.
Timer fired: Mon May 11 00:30:36 2026
3 records inserted in traffic table.
Timer fired: Mon May 11 00:30:41 2026
2 records inserted in traffic table.
Timer fired: Mon May 11 00:30:46 2026
6 records inserted in traffic table.
Timer fired: Mon May 11 00:30:51 2026
4 records inserted in traffic table.
Timer fired: Mon May 11 00:30:56 2026
7 records inserted in traffic table.
Timer fired: Mon May 11 00:31:01 2026
2 records inserted in traffic table.
Timer fired: Mon May 11 00:31:06 2026
6 records inserted in traffic table.
Timer fired: Mon May 11 00:31:11 2026
3 records inserted in traffic table.
Timer fired: Mon May 11 00:31:16 2026
2 records inserted in traffic table.
Timer fired: Mon May 11 00:31:21 2026
1 records inserted in traffic table.
Timer fired: Mon May 11 00:31:26 2026
5 records inserted in traffic table.
Timer fired: Mon May 11 00:31:31 2026
5 records inserted in traffic table.
Timer fired: Mon May 11 00:31:36 2026
5 records inserted in traffic table.
Timer fired: Mon May 11 00:31:41 2026
3 records inserted in traffic table.
Timer fired: Mon May 11 00:31:46 2026
8 records inserted in traffic table.
Timer fired: Mon May 11 00:31:51 2026
6 records inserted in traffic table.
Timer fired: Mon May 11 00:31:56 2026
6 records inserted in traffic table.
Timer fired: Mon May 11 00:32:01 2026
4 records inserted in traffic table.
Timer fired: Mon May 11 00:32:06 2026
3 records inserted in traffic table.
Timer fired: Mon May 11 00:32:11 2026
3 records inserted in traffic table.
Timer fired: Mon May 11 00:32:16 2026
1 records inserted in traffic table.
Timer fired: Mon May 11 00:32:21 2026
1 records inserted in traffic table.
Timer fired: Mon May 11 00:32:26 2026
8 records inserted in traffic table.
Timer fired: Mon May 11 00:32:31 2026
7 records inserted in traffic table.
Timer fired: Mon May 11 00:32:36 2026
4 records inserted in traffic table.
Timer fired: Mon May 11 00:32:41 2026
1 records inserted in traffic table.
Timer fired: Mon May 11 00:32:46 2026
7 records inserted in traffic table.
Timer fired: Mon May 11 00:32:51 2026
6 records inserted in traffic table.
Timer fired: Mon May 11 00:32:56 2026
5 records inserted in traffic table.
Timer fired: Mon May 11 00:33:01 2026
3 records inserted in traffic table.
Timer fired: Mon May 11 00:33:06 2026
3 records inserted in traffic table.
Timer fired: Mon May 11 00:33:11 2026
5 records inserted in traffic table.
Timer fired: Mon May 11 00:33:16 2026
2 records inserted in traffic table.
Timer fired: Mon May 11 00:33:21 2026
3 records inserted in traffic table.
Timer fired: Mon May 11 00:33:26 2026
6 records inserted in traffic table.
Timer fired: Mon May 11 00:33:31 2026
5 records inserted in traffic table.
Timer fired: Mon May 11 00:33:36 2026
2 records inserted in traffic table.
Timer fired: Mon May 11 00:33:41 2026
1 records inserted in traffic table.
Timer fired: Mon May 11 00:33:46 2026
7 records inserted in traffic table.
Timer fired: Mon May 11 00:33:51 2026
4 records inserted in traffic table.
Timer fired: Mon May 11 00:33:56 2026
6 records inserted in traffic table.
Timer fired: Mon May 11 00:34:01 2026
3 records inserted in traffic table.
Timer fired: Mon May 11 00:34:06 2026
4 records inserted in traffic table.
Timer fired: Mon May 11 00:34:11 2026
2 records inserted in traffic table.
Timer fired: Mon May 11 00:34:16 2026
1 records inserted in traffic table.
Timer fired: Mon May 11 00:34:21 2026
2 records inserted in traffic table.
Timer fired: Mon May 11 00:34:26 2026
5 records inserted in traffic table.
Timer fired: Mon May 11 00:34:31 2026
5 records inserted in traffic table.
Timer fired: Mon May 11 00:34:36 2026
2 records inserted in traffic table.
Timer fired: Mon May 11 00:34:41 2026
3 records inserted in traffic table.
Timer fired: Mon May 11 00:34:46 2026
7 records inserted in traffic table.
Timer fired: Mon May 11 00:34:51 2026
6 records inserted in traffic table.
Timer fired: Mon May 11 00:34:56 2026
4 records inserted in traffic table.
Timer fired: Mon May 11 00:35:01 2026
5 records inserted in traffic table.
Timer fired: Mon May 11 00:35:06 2026
7 records inserted in traffic table.
Timer fired: Mon May 11 00:35:11 2026
3 records inserted in traffic table.
Timer fired: Mon May 11 00:35:16 2026
2 records inserted in traffic table.
Timer fired: Mon May 11 00:35:21 2026
1 records inserted in traffic table.
Timer fired: Mon May 11 00:35:26 2026
7 records inserted in traffic table.
Timer fired: Mon May 11 00:35:31 2026
6 records inserted in traffic table.
Timer fired: Mon May 11 00:35:36 2026
2 records inserted in traffic table.
Timer fired: Mon May 11 00:35:41 2026
2 records inserted in traffic table.
Timer fired: Mon May 11 00:35:46 2026
8 records inserted in traffic table.
Timer fired: Mon May 11 00:35:51 2026
6 records inserted in traffic table.
Timer fired: Mon May 11 00:35:56 2026
6 records inserted in traffic table.
Timer fired: Mon May 11 00:36:01 2026
3 records inserted in traffic table.
Timer fired: Mon May 11 00:36:06 2026
3 records inserted in traffic table.
Timer fired: Mon May 11 00:36:11 2026
5 records inserted in traffic table.
Timer fired: Mon May 11 00:36:16 2026
3 records inserted in traffic table.
Timer fired: Mon May 11 00:36:21 2026
2 records inserted in traffic table.
Timer fired: Mon May 11 00:36:26 2026
5 records inserted in traffic table.
Timer fired: Mon May 11 00:36:31 2026
5 records inserted in traffic table.
Timer fired: Mon May 11 00:36:36 2026
4 records inserted in traffic table.
Timer fired: Mon May 11 00:36:41 2026
2 records inserted in traffic table.
Timer fired: Mon May 11 00:36:46 2026
7 records inserted in traffic table.
Timer fired: Mon May 11 00:36:51 2026
5 records inserted in traffic table.
Timer fired: Mon May 11 00:36:56 2026
7 records inserted in traffic table.
Timer fired: Mon May 11 00:37:01 2026
3 records inserted in traffic table.
Timer fired: Mon May 11 00:37:06 2026
3 records inserted in traffic table.
Timer fired: Mon May 11 00:37:11 2026
2 records inserted in traffic table.
Timer fired: Mon May 11 00:37:16 2026
1 records inserted in traffic table.
Timer fired: Mon May 11 00:37:21 2026
3 records inserted in traffic table.
Timer fired: Mon May 11 00:37:26 2026
7 records inserted in traffic table.
Timer fired: Mon May 11 00:37:31 2026
6 records inserted in traffic table.
Timer fired: Mon May 11 00:37:36 2026
2 records inserted in traffic table.
Timer fired: Mon May 11 00:37:41 2026
3 records inserted in traffic table.
Timer fired: Mon May 11 00:37:46 2026
7 records inserted in traffic table.
Timer fired: Mon May 11 00:37:51 2026
5 records inserted in traffic table.
Timer fired: Mon May 11 00:37:56 2026
5 records inserted in traffic table.
Timer fired: Mon May 11 00:38:01 2026
4 records inserted in traffic table.
Timer fired: Mon May 11 00:38:06 2026
2 records inserted in traffic table.
Timer fired: Mon May 11 00:38:11 2026
2 records inserted in traffic table.
Timer fired: Mon May 11 00:38:16 2026
1 records inserted in traffic table.
Timer fired: Mon May 11 00:38:21 2026
3 records inserted in traffic table.
Timer fired: Mon May 11 00:38:26 2026
8 records inserted in traffic table.
Timer fired: Mon May 11 00:38:31 2026
5 records inserted in traffic table.
Timer fired: Mon May 11 00:38:36 2026
1 records inserted in traffic table.
Timer fired: Mon May 11 00:38:41 2026
3 records inserted in traffic table.
Timer fired: Mon May 11 00:38:46 2026
8 records inserted in traffic table.
Timer fired: Mon May 11 00:38:51 2026
5 records inserted in traffic table.
Timer fired: Mon May 11 00:38:56 2026
5 records inserted in traffic table.
Timer fired: Mon May 11 00:39:01 2026
5 records inserted in traffic table.
Timer fired: Mon May 11 00:39:06 2026
3 records inserted in traffic table.
Timer fired: Mon May 11 00:39:11 2026
4 records inserted in traffic table.
Timer fired: Mon May 11 00:39:16 2026
1 records inserted in traffic table.
Timer fired: Mon May 11 00:39:21 2026
2 records inserted in traffic table.
Timer fired: Mon May 11 00:39:26 2026
7 records inserted in traffic table.
Timer fired: Mon May 11 00:39:31 2026
5 records inserted in traffic table.
Timer fired: Mon May 11 00:39:36 2026
6 records inserted in traffic table.
Timer fired: Mon May 11 00:39:41 2026
1 records inserted in traffic table.
Timer fired: Mon May 11 00:39:46 2026
5 records inserted in traffic table.
Timer fired: Mon May 11 00:39:51 2026
5 records inserted in traffic table.
Timer fired: Mon May 11 00:39:56 2026
7 records inserted in traffic table.
Timer fired: Mon May 11 00:40:01 2026
5 records inserted in traffic table.
Timer fired: Mon May 11 00:40:06 2026
5 records inserted in traffic table.
Timer fired: Mon May 11 00:40:11 2026
3 records inserted in traffic table.
Timer fired: Mon May 11 00:40:16 2026
2 records inserted in traffic table.
Timer fired: Mon May 11 00:40:21 2026
4 records inserted in traffic table.
Timer fired: Mon May 11 00:40:26 2026
5 records inserted in traffic table.
Timer fired: Mon May 11 00:40:31 2026
5 records inserted in traffic table.
Timer fired: Mon May 11 00:40:36 2026
3 records inserted in traffic table.
Timer fired: Mon May 11 00:40:41 2026
4 records inserted in traffic table.
Timer fired: Mon May 11 00:40:46 2026
5 records inserted in traffic table.
Timer fired: Mon May 11 00:40:51 2026
5 records inserted in traffic table.
Timer fired: Mon May 11 00:40:56 2026
6 records inserted in traffic table.
Timer fired: Mon May 11 00:41:01 2026
3 records inserted in traffic table.
Timer fired: Mon May 11 00:41:06 2026
7 records inserted in traffic table.
Timer fired: Mon May 11 00:41:11 2026
3 records inserted in traffic table.
Timer fired: Mon May 11 00:41:16 2026
1 records inserted in traffic table.
Timer fired: Mon May 11 00:41:21 2026
2 records inserted in traffic table.
Timer fired: Mon May 11 00:41:26 2026
8 records inserted in traffic table.
Timer fired: Mon May 11 00:41:31 2026
5 records inserted in traffic table.
Timer fired: Mon May 11 00:41:36 2026
4 records inserted in traffic table.
Timer fired: Mon May 11 00:41:41 2026
3 records inserted in traffic table.
Timer fired: Mon May 11 00:41:46 2026
6 records inserted in traffic table.
Timer fired: Mon May 11 00:41:51 2026
7 records inserted in traffic table.
Timer fired: Mon May 11 00:41:56 2026
5 records inserted in traffic table.
Timer fired: Mon May 11 00:42:01 2026
3 records inserted in traffic table.
Timer fired: Mon May 11 00:42:06 2026
3 records inserted in traffic table.
Timer fired: Mon May 11 00:42:11 2026
4 records inserted in traffic table.
Timer fired: Mon May 11 00:42:16 2026
1 records inserted in traffic table.
Timer fired: Mon May 11 00:42:21 2026
2 records inserted in traffic table.
Timer fired: Mon May 11 00:42:26 2026
6 records inserted in traffic table.
Timer fired: Mon May 11 00:42:31 2026
5 records inserted in traffic table.
Timer fired: Mon May 11 00:42:36 2026
4 records inserted in traffic table.
Timer fired: Mon May 11 00:42:41 2026
3 records inserted in traffic table.
Timer fired: Mon May 11 00:42:46 2026
8 records inserted in traffic table.
Timer fired: Mon May 11 00:42:51 2026
6 records inserted in traffic table.
Timer fired: Mon May 11 00:42:56 2026
7 records inserted in traffic table.
Timer fired: Mon May 11 00:43:01 2026
3 records inserted in traffic table.
Timer fired: Mon May 11 00:43:06 2026
3 records inserted in traffic table.
Timer fired: Mon May 11 00:43:11 2026
4 records inserted in traffic table.
Timer fired: Mon May 11 00:43:16 2026
3 records inserted in traffic table.
Timer fired: Mon May 11 00:43:21 2026
1 records inserted in traffic table.
Timer fired: Mon May 11 00:43:26 2026
6 records inserted in traffic table.
Timer fired: Mon May 11 00:43:31 2026
4 records inserted in traffic table.
Timer fired: Mon May 11 00:43:36 2026
3 records inserted in traffic table.
Timer fired: Mon May 11 00:43:41 2026
6 records inserted in traffic table.
Timer fired: Mon May 11 00:43:46 2026
6 records inserted in traffic table.
Timer fired: Mon May 11 00:43:51 2026
6 records inserted in traffic table.
Timer fired: Mon May 11 00:43:56 2026
5 records inserted in traffic table.
Timer fired: Mon May 11 00:44:01 2026
3 records inserted in traffic table.
Timer fired: Mon May 11 00:44:06 2026
2 records inserted in traffic table.
Timer fired: Mon May 11 00:44:11 2026
3 records inserted in traffic table.
Timer fired: Mon May 11 00:44:16 2026
3 records inserted in traffic table.
Timer fired: Mon May 11 00:44:21 2026
2 records inserted in traffic table.
Timer fired: Mon May 11 00:44:26 2026
10 records inserted in traffic table.
Timer fired: Mon May 11 00:44:31 2026
6 records inserted in traffic table.
Timer fired: Mon May 11 00:44:36 2026
3 records inserted in traffic table.
Timer fired: Mon May 11 00:44:41 2026
1 records inserted in traffic table.
Timer fired: Mon May 11 00:44:46 2026
6 records inserted in traffic table.
Timer fired: Mon May 11 00:44:51 2026
6 records inserted in traffic table.
Timer fired: Mon May 11 00:44:56 2026
5 records inserted in traffic table.
Timer fired: Mon May 11 00:45:01 2026
5 records inserted in traffic table.
Timer fired: Mon May 11 00:45:06 2026
3 records inserted in traffic table.
Timer fired: Mon May 11 00:45:11 2026
5 records inserted in traffic table.
Timer fired: Mon May 11 00:45:16 2026
2 records inserted in traffic table.
Timer fired: Mon May 11 00:45:21 2026
2 records inserted in traffic table.
Timer fired: Mon May 11 00:45:26 2026
6 records inserted in traffic table.
Timer fired: Mon May 11 00:45:31 2026
4 records inserted in traffic table.
Timer fired: Mon May 11 00:45:36 2026
2 records inserted in traffic table.
Timer fired: Mon May 11 00:45:41 2026
1 records inserted in traffic table.
Timer fired: Mon May 11 00:45:46 2026
6 records inserted in traffic table.
Timer fired: Mon May 11 00:45:51 2026
7 records inserted in traffic table.
Timer fired: Mon May 11 00:45:56 2026
7 records inserted in traffic table.
Timer fired: Mon May 11 00:46:01 2026
3 records inserted in traffic table.
Timer fired: Mon May 11 00:46:06 2026
4 records inserted in traffic table.
Timer fired: Mon May 11 00:46:11 2026
2 records inserted in traffic table.
Timer fired: Mon May 11 00:46:16 2026
2 records inserted in traffic table.
Timer fired: Mon May 11 00:46:21 2026
3 records inserted in traffic table.
Timer fired: Mon May 11 00:46:26 2026
5 records inserted in traffic table.
Timer fired: Mon May 11 00:46:31 2026
4 records inserted in traffic table.
Timer fired: Mon May 11 00:46:36 2026
6 records inserted in traffic table.
Timer fired: Mon May 11 00:46:41 2026
2 records inserted in traffic table.
Timer fired: Mon May 11 00:46:46 2026
6 records inserted in traffic table.
Timer fired: Mon May 11 00:46:51 2026
7 records inserted in traffic table.
Timer fired: Mon May 11 00:46:56 2026
6 records inserted in traffic table.
Timer fired: Mon May 11 00:47:01 2026
2 records inserted in traffic table.
Timer fired: Mon May 11 00:47:06 2026
3 records inserted in traffic table.
Timer fired: Mon May 11 00:47:11 2026
2 records inserted in traffic table.
Timer fired: Mon May 11 00:47:16 2026
1 records inserted in traffic table.
Timer fired: Mon May 11 00:47:21 2026
2 records inserted in traffic table.
Timer fired: Mon May 11 00:47:26 2026
10 records inserted in traffic table.
Timer fired: Mon May 11 00:47:31 2026
6 records inserted in traffic table.
Timer fired: Mon May 11 00:47:36 2026
3 records inserted in traffic table.
Timer fired: Mon May 11 00:47:41 2026
2 records inserted in traffic table.
Timer fired: Mon May 11 00:47:46 2026
7 records inserted in traffic table.
Timer fired: Mon May 11 00:47:51 2026
7 records inserted in traffic table.
Timer fired: Mon May 11 00:47:56 2026
5 records inserted in traffic table.
Timer fired: Mon May 11 00:48:01 2026
4 records inserted in traffic table.
Timer fired: Mon May 11 00:48:06 2026
3 records inserted in traffic table.
Timer fired: Mon May 11 00:48:11 2026
5 records inserted in traffic table.
Timer fired: Mon May 11 00:48:16 2026
2 records inserted in traffic table.
Timer fired: Mon May 11 00:48:21 2026
2 records inserted in traffic table.
Timer fired: Mon May 11 00:48:26 2026
5 records inserted in traffic table.
Timer fired: Mon May 11 00:48:31 2026
4 records inserted in traffic table.
Timer fired: Mon May 11 00:48:36 2026
4 records inserted in traffic table.
Timer fired: Mon May 11 00:48:41 2026
4 records inserted in traffic table.
Timer fired: Mon May 11 00:48:46 2026
6 records inserted in traffic table.
Timer fired: Mon May 11 00:48:51 2026
5 records inserted in traffic table.
Timer fired: Mon May 11 00:48:56 2026
6 records inserted in traffic table.
Timer fired: Mon May 11 00:49:01 2026
5 records inserted in traffic table.
Timer fired: Mon May 11 00:49:06 2026
3 records inserted in traffic table.
Timer fired: Mon May 11 00:49:11 2026
2 records inserted in traffic table.
Timer fired: Mon May 11 00:49:16 2026
3 records inserted in traffic table.
Timer fired: Mon May 11 00:49:21 2026
4 records inserted in traffic table.
Timer fired: Mon May 11 00:49:26 2026
6 records inserted in traffic table.
Timer fired: Mon May 11 00:49:31 2026
4 records inserted in traffic table.
Timer fired: Mon May 11 00:49:36 2026
2 records inserted in traffic table.
Timer fired: Mon May 11 00:49:41 2026
3 records inserted in traffic table.
Timer fired: Mon May 11 00:49:46 2026
6 records inserted in traffic table.
Timer fired: Mon May 11 00:49:51 2026
5 records inserted in traffic table.
Timer fired: Mon May 11 00:49:56 2026
4 records inserted in traffic table.
Timer fired: Mon May 11 00:50:01 2026
4 records inserted in traffic table.
Timer fired: Mon May 11 00:50:06 2026
5 records inserted in traffic table.
Timer fired: Mon May 11 00:50:11 2026
3 records inserted in traffic table.
Timer fired: Mon May 11 00:50:16 2026
1 records inserted in traffic table.
Timer fired: Mon May 11 00:50:21 2026
1 records inserted in traffic table.
Timer fired: Mon May 11 00:50:26 2026
8 records inserted in traffic table.
Timer fired: Mon May 11 00:50:31 2026
4 records inserted in traffic table.
Timer fired: Mon May 11 00:50:36 2026
2 records inserted in traffic table.
Timer fired: Mon May 11 00:50:41 2026
1 records inserted in traffic table.
Timer fired: Mon May 11 00:50:46 2026
6 records inserted in traffic table.
Timer fired: Mon May 11 00:50:51 2026
8 records inserted in traffic table.
Timer fired: Mon May 11 00:50:56 2026
6 records inserted in traffic table.
Timer fired: Mon May 11 00:51:01 2026
5 records inserted in traffic table.
Timer fired: Mon May 11 00:51:06 2026
5 records inserted in traffic table.
Timer fired: Mon May 11 00:51:11 2026
4 records inserted in traffic table.
Timer fired: Mon May 11 00:51:16 2026
3 records inserted in traffic table.
Timer fired: Mon May 11 00:51:21 2026
2 records inserted in traffic table.
Timer fired: Mon May 11 00:51:26 2026
6 records inserted in traffic table.
Timer fired: Mon May 11 00:51:31 2026
4 records inserted in traffic table.
Timer fired: Mon May 11 00:51:36 2026
7 records inserted in traffic table.
Timer fired: Mon May 11 00:51:41 2026
3 records inserted in traffic table.
Timer fired: Mon May 11 00:51:46 2026
10 records inserted in traffic table.
Timer fired: Mon May 11 00:51:51 2026
7 records inserted in traffic table.
Timer fired: Mon May 11 00:51:56 2026
8 records inserted in traffic table.
Timer fired: Mon May 11 00:52:01 2026
2 records inserted in traffic table.
Timer fired: Mon May 11 00:52:06 2026
3 records inserted in traffic table.
Timer fired: Mon May 11 00:52:11 2026
3 records inserted in traffic table.
Timer fired: Mon May 11 00:52:16 2026
3 records inserted in traffic table.
Timer fired: Mon May 11 00:52:21 2026
2 records inserted in traffic table.
Timer fired: Mon May 11 00:52:26 2026
5 records inserted in traffic table.
Timer fired: Mon May 11 00:52:31 2026
6 records inserted in traffic table.
Timer fired: Mon May 11 00:52:36 2026
3 records inserted in traffic table.
Timer fired: Mon May 11 00:52:41 2026
5 records inserted in traffic table.
Timer fired: Mon May 11 00:52:46 2026
5 records inserted in traffic table.
Timer fired: Mon May 11 00:52:51 2026
5 records inserted in traffic table.
Timer fired: Mon May 11 00:52:56 2026
6 records inserted in traffic table.
Timer fired: Mon May 11 00:53:01 2026
3 records inserted in traffic table.
Timer fired: Mon May 11 00:53:06 2026
4 records inserted in traffic table.
Timer fired: Mon May 11 00:53:11 2026
2 records inserted in traffic table.
Timer fired: Mon May 11 00:53:16 2026
2 records inserted in traffic table.
Timer fired: Mon May 11 00:53:21 2026
2 records inserted in traffic table.
Timer fired: Mon May 11 00:53:26 2026
8 records inserted in traffic table.
Timer fired: Mon May 11 00:53:31 2026
5 records inserted in traffic table.
Timer fired: Mon May 11 00:53:36 2026
4 records inserted in traffic table.
Timer fired: Mon May 11 00:53:41 2026
2 records inserted in traffic table.
Timer fired: Mon May 11 00:53:46 2026
4 records inserted in traffic table.
Timer fired: Mon May 11 00:53:51 2026
6 records inserted in traffic table.
Timer fired: Mon May 11 00:53:56 2026
5 records inserted in traffic table.
Timer fired: Mon May 11 00:54:01 2026
4 records inserted in traffic table.
Timer fired: Mon May 11 00:54:06 2026
2 records inserted in traffic table.
Timer fired: Mon May 11 00:54:11 2026
5 records inserted in traffic table.
Timer fired: Mon May 11 00:54:16 2026
4 records inserted in traffic table.
Timer fired: Mon May 11 00:54:21 2026
1 records inserted in traffic table.
Timer fired: Mon May 11 00:54:26 2026
5 records inserted in traffic table.
Timer fired: Mon May 11 00:54:31 2026
5 records inserted in traffic table.
Timer fired: Mon May 11 00:54:36 2026
4 records inserted in traffic table.
Timer fired: Mon May 11 00:54:41 2026
2 records inserted in traffic table.
Timer fired: Mon May 11 00:54:46 2026
4 records inserted in traffic table.
Timer fired: Mon May 11 00:54:51 2026
5 records inserted in traffic table.
Timer fired: Mon May 11 00:54:56 2026
8 records inserted in traffic table.
Timer fired: Mon May 11 00:55:01 2026
5 records inserted in traffic table.
Timer fired: Mon May 11 00:55:06 2026
4 records inserted in traffic table.
Timer fired: Mon May 11 00:55:11 2026
4 records inserted in traffic table.
Timer fired: Mon May 11 00:55:16 2026
2 records inserted in traffic table.
Timer fired: Mon May 11 00:55:21 2026
1 records inserted in traffic table.
Timer fired: Mon May 11 00:55:26 2026
4 records inserted in traffic table.
Timer fired: Mon May 11 00:55:31 2026
6 records inserted in traffic table.
Timer fired: Mon May 11 00:55:36 2026
4 records inserted in traffic table.
Timer fired: Mon May 11 00:55:41 2026
4 records inserted in traffic table.
Timer fired: Mon May 11 00:55:46 2026
4 records inserted in traffic table.
Timer fired: Mon May 11 00:55:51 2026
6 records inserted in traffic table.
Timer fired: Mon May 11 00:55:56 2026
8 records inserted in traffic table.
Timer fired: Mon May 11 00:56:01 2026
5 records inserted in traffic table.
Timer fired: Mon May 11 00:56:06 2026
1 records inserted in traffic table.
Timer fired: Mon May 11 00:56:11 2026
2 records inserted in traffic table.
Timer fired: Mon May 11 00:56:16 2026
3 records inserted in traffic table.
Timer fired: Mon May 11 00:56:21 2026
2 records inserted in traffic table.
Timer fired: Mon May 11 00:56:26 2026
7 records inserted in traffic table.
Timer fired: Mon May 11 00:56:31 2026
4 records inserted in traffic table.
Timer fired: Mon May 11 00:56:36 2026
5 records inserted in traffic table.
Timer fired: Mon May 11 00:56:41 2026
2 records inserted in traffic table.
Timer fired: Mon May 11 00:56:46 2026
7 records inserted in traffic table.
Timer fired: Mon May 11 00:56:51 2026
10 records inserted in traffic table.
Timer fired: Mon May 11 00:56:56 2026
7 records inserted in traffic table.
Timer fired: Mon May 11 00:57:01 2026
2 records inserted in traffic table.
Timer fired: Mon May 11 00:57:06 2026
3 records inserted in traffic table.
Timer fired: Mon May 11 00:57:11 2026
6 records inserted in traffic table.
Timer fired: Mon May 11 00:57:16 2026
2 records inserted in traffic table.
Timer fired: Mon May 11 00:57:21 2026
1 records inserted in traffic table.
Timer fired: Mon May 11 00:57:26 2026
7 records inserted in traffic table.
Timer fired: Mon May 11 00:57:31 2026
5 records inserted in traffic table.
Timer fired: Mon May 11 00:57:36 2026
4 records inserted in traffic table.
Timer fired: Mon May 11 00:57:41 2026
4 records inserted in traffic table.
Timer fired: Mon May 11 00:57:46 2026
4 records inserted in traffic table.
Timer fired: Mon May 11 00:57:51 2026
4 records inserted in traffic table.
Timer fired: Mon May 11 00:57:56 2026
8 records inserted in traffic table.
Timer fired: Mon May 11 00:58:01 2026
3 records inserted in traffic table.
Timer fired: Mon May 11 00:58:06 2026
2 records inserted in traffic table.
Timer fired: Mon May 11 00:58:11 2026
2 records inserted in traffic table.
Timer fired: Mon May 11 00:58:16 2026
2 records inserted in traffic table.
Timer fired: Mon May 11 00:58:21 2026
3 records inserted in traffic table.
Timer fired: Mon May 11 00:58:26 2026
5 records inserted in traffic table.
Timer fired: Mon May 11 00:58:31 2026
4 records inserted in traffic table.
Timer fired: Mon May 11 00:58:36 2026
2 records inserted in traffic table.
Timer fired: Mon May 11 00:58:41 2026
7 records inserted in traffic table.
Timer fired: Mon May 11 00:58:46 2026
5 records inserted in traffic table.
Timer fired: Mon May 11 00:58:51 2026
5 records inserted in traffic table.
Timer fired: Mon May 11 00:58:56 2026
6 records inserted in traffic table.
Timer fired: Mon May 11 00:59:01 2026
3 records inserted in traffic table.
Timer fired: Mon May 11 00:59:06 2026
4 records inserted in traffic table.
Timer fired: Mon May 11 00:59:11 2026
2 records inserted in traffic table.
Timer fired: Mon May 11 00:59:16 2026
3 records inserted in traffic table.
Timer fired: Mon May 11 00:59:21 2026
2 records inserted in traffic table.
Timer fired: Mon May 11 00:59:26 2026
7 records inserted in traffic table.
Timer fired: Mon May 11 00:59:31 2026
6 records inserted in traffic table.
Timer fired: Mon May 11 00:59:36 2026
2 records inserted in traffic table.
Timer fired: Mon May 11 00:59:41 2026
2 records inserted in traffic table.
Timer fired: Mon May 11 00:59:46 2026
5 records inserted in traffic table.
Timer fired: Mon May 11 00:59:51 2026
8 records inserted in traffic table.
Timer fired: Mon May 11 00:59:56 2026
7 records inserted in traffic table.
Timer fired: Mon May 11 01:00:01 2026
4 records inserted in traffic table.
Timer fired: Mon May 11 01:00:06 2026
1 records inserted in traffic table.
Timer fired: Mon May 11 01:00:11 2026
5 records inserted in traffic table.
Timer fired: Mon May 11 01:00:16 2026
7 records inserted in traffic table.
Timer fired: Mon May 11 01:00:21 2026
2 records inserted in traffic table.
Timer fired: Mon May 11 01:00:26 2026
6 records inserted in traffic table.
Timer fired: Mon May 11 01:00:31 2026
3 records inserted in traffic table.
Timer fired: Mon May 11 01:00:36 2026
2 records inserted in traffic table.
Timer fired: Mon May 11 01:00:41 2026
3 records inserted in traffic table.
Timer fired: Mon May 11 01:00:46 2026
5 records inserted in traffic table.
Timer fired: Mon May 11 01:00:51 2026
4 records inserted in traffic table.
Timer fired: Mon May 11 01:00:56 2026
9 records inserted in traffic table.
Timer fired: Mon May 11 01:01:01 2026
4 records inserted in traffic table.
Timer fired: Mon May 11 01:01:06 2026
2 records inserted in traffic table.
Timer fired: Mon May 11 01:01:11 2026
3 records inserted in traffic table.
Timer fired: Mon May 11 01:01:16 2026
3 records inserted in traffic table.
Timer fired: Mon May 11 01:01:21 2026
2 records inserted in traffic table.
Timer fired: Mon May 11 01:01:26 2026
4 records inserted in traffic table.
Timer fired: Mon May 11 01:01:31 2026
4 records inserted in traffic table.
Timer fired: Mon May 11 01:01:36 2026
5 records inserted in traffic table.
Timer fired: Mon May 11 01:01:41 2026
3 records inserted in traffic table.
Timer fired: Mon May 11 01:01:46 2026
5 records inserted in traffic table.
Timer fired: Mon May 11 01:01:51 2026
6 records inserted in traffic table.
Timer fired: Mon May 11 01:01:56 2026
7 records inserted in traffic table.
Timer fired: Mon May 11 01:02:01 2026
2 records inserted in traffic table.
Timer fired: Mon May 11 01:02:06 2026
2 records inserted in traffic table.
Timer fired: Mon May 11 01:02:11 2026
3 records inserted in traffic table.
Timer fired: Mon May 11 01:02:16 2026
4 records inserted in traffic table.
Timer fired: Mon May 11 01:02:21 2026
4 records inserted in traffic table.
Timer fired: Mon May 11 01:02:26 2026
4 records inserted in traffic table.
Timer fired: Mon May 11 01:02:31 2026
5 records inserted in traffic table.
Timer fired: Mon May 11 01:02:36 2026
3 records inserted in traffic table.
Timer fired: Mon May 11 01:02:41 2026
4 records inserted in traffic table.
Timer fired: Mon May 11 01:02:46 2026
5 records inserted in traffic table.
Timer fired: Mon May 11 01:02:51 2026
4 records inserted in traffic table.
Timer fired: Mon May 11 01:02:56 2026
7 records inserted in traffic table.
Timer fired: Mon May 11 01:03:01 2026
2 records inserted in traffic table.
Timer fired: Mon May 11 01:03:06 2026
4 records inserted in traffic table.
Timer fired: Mon May 11 01:03:11 2026
2 records inserted in traffic table.
Timer fired: Mon May 11 01:03:16 2026
3 records inserted in traffic table.
Timer fired: Mon May 11 01:03:21 2026
3 records inserted in traffic table.
Timer fired: Mon May 11 01:03:26 2026
6 records inserted in traffic table.
Timer fired: Mon May 11 01:03:31 2026
5 records inserted in traffic table.
Timer fired: Mon May 11 01:03:36 2026
3 records inserted in traffic table.
Timer fired: Mon May 11 01:03:41 2026
5 records inserted in traffic table.
Timer fired: Mon May 11 01:03:46 2026
4 records inserted in traffic table.
Timer fired: Mon May 11 01:03:51 2026
6 records inserted in traffic table.
Timer fired: Mon May 11 01:03:56 2026
6 records inserted in traffic table.
Timer fired: Mon May 11 01:04:01 2026
4 records inserted in traffic table.
Timer fired: Mon May 11 01:04:06 2026
1 records inserted in traffic table.
Timer fired: Mon May 11 01:04:11 2026
4 records inserted in traffic table.
Timer fired: Mon May 11 01:04:16 2026
3 records inserted in traffic table.
Timer fired: Mon May 11 01:04:21 2026
1 records inserted in traffic table.
Timer fired: Mon May 11 01:04:26 2026
5 records inserted in traffic table.
Timer fired: Mon May 11 01:04:31 2026
5 records inserted in traffic table.
Timer fired: Mon May 11 01:04:36 2026
4 records inserted in traffic table.
Timer fired: Mon May 11 01:04:41 2026
3 records inserted in traffic table.
Timer fired: Mon May 11 01:04:46 2026
6 records inserted in traffic table.
Timer fired: Mon May 11 01:04:51 2026
4 records inserted in traffic table.
Timer fired: Mon May 11 01:04:56 2026
7 records inserted in traffic table.
Timer fired: Mon May 11 01:05:01 2026
5 records inserted in traffic table.
Timer fired: Mon May 11 01:05:06 2026
3 records inserted in traffic table.
Timer fired: Mon May 11 01:05:11 2026
3 records inserted in traffic table.
Timer fired: Mon May 11 01:05:16 2026
4 records inserted in traffic table.
Timer fired: Mon May 11 01:05:21 2026
3 records inserted in traffic table.
Timer fired: Mon May 11 01:05:26 2026
4 records inserted in traffic table.
Timer fired: Mon May 11 01:05:31 2026
5 records inserted in traffic table.
Timer fired: Mon May 11 01:05:36 2026
4 records inserted in traffic table.
Timer fired: Mon May 11 01:05:41 2026
2 records inserted in traffic table.
Timer fired: Mon May 11 01:05:46 2026
6 records inserted in traffic table.
Timer fired: Mon May 11 01:05:51 2026
4 records inserted in traffic table.
Timer fired: Mon May 11 01:05:56 2026
6 records inserted in traffic table.
Timer fired: Mon May 11 01:06:01 2026
4 records inserted in traffic table.
Timer fired: Mon May 11 01:06:06 2026
5 records inserted in traffic table.
Timer fired: Mon May 11 01:06:11 2026
2 records inserted in traffic table.
Timer fired: Mon May 11 01:06:16 2026
2 records inserted in traffic table.
Timer fired: Mon May 11 01:06:21 2026
1 records inserted in traffic table.
Timer fired: Mon May 11 01:06:26 2026
4 records inserted in traffic table.
Timer fired: Mon May 11 01:06:31 2026
6 records inserted in traffic table.
Timer fired: Mon May 11 01:06:36 2026
7 records inserted in traffic table.
Timer fired: Mon May 11 01:06:41 2026
2 records inserted in traffic table.
Timer fired: Mon May 11 01:06:46 2026
6 records inserted in traffic table.
Timer fired: Mon May 11 01:06:51 2026
7 records inserted in traffic table.
Timer fired: Mon May 11 01:06:56 2026
6 records inserted in traffic table.
Timer fired: Mon May 11 01:07:01 2026
2 records inserted in traffic table.
Timer fired: Mon May 11 01:07:06 2026
3 records inserted in traffic table.
Timer fired: Mon May 11 01:07:11 2026
4 records inserted in traffic table.
Timer fired: Mon May 11 01:07:16 2026
4 records inserted in traffic table.
Timer fired: Mon May 11 01:07:21 2026
4 records inserted in traffic table.
Timer fired: Mon May 11 01:07:26 2026
5 records inserted in traffic table.
Timer fired: Mon May 11 01:07:31 2026
6 records inserted in traffic table.
Timer fired: Mon May 11 01:07:36 2026
5 records inserted in traffic table.
Timer fired: Mon May 11 01:07:41 2026
3 records inserted in traffic table.
Timer fired: Mon May 11 01:07:46 2026
5 records inserted in traffic table.
Timer fired: Mon May 11 01:07:51 2026
4 records inserted in traffic table.
Timer fired: Mon May 11 01:07:56 2026
7 records inserted in traffic table.
Timer fired: Mon May 11 01:08:01 2026
3 records inserted in traffic table.
Timer fired: Mon May 11 01:08:06 2026
6 records inserted in traffic table.
Timer fired: Mon May 11 01:08:11 2026
2 records inserted in traffic table.
Timer fired: Mon May 11 01:08:16 2026
2 records inserted in traffic table.
Timer fired: Mon May 11 01:08:21 2026
3 records inserted in traffic table.
Timer fired: Mon May 11 01:08:26 2026
5 records inserted in traffic table.
Timer fired: Mon May 11 01:08:31 2026
5 records inserted in traffic table.
Timer fired: Mon May 11 01:08:36 2026
3 records inserted in traffic table.
Timer fired: Mon May 11 01:08:41 2026
2 records inserted in traffic table.
Timer fired: Mon May 11 01:08:46 2026
6 records inserted in traffic table.
Timer fired: Mon May 11 01:08:51 2026
6 records inserted in traffic table.
Timer fired: Mon May 11 01:08:56 2026
6 records inserted in traffic table.
Timer fired: Mon May 11 01:09:01 2026
4 records inserted in traffic table.
Timer fired: Mon May 11 01:09:06 2026
4 records inserted in traffic table.
Timer fired: Mon May 11 01:09:11 2026
3 records inserted in traffic table.
Timer fired: Mon May 11 01:09:16 2026
2 records inserted in traffic table.
Timer fired: Mon May 11 01:09:21 2026
2 records inserted in traffic table.
Timer fired: Mon May 11 01:09:26 2026
5 records inserted in traffic table.
Timer fired: Mon May 11 01:09:31 2026
5 records inserted in traffic table.
Timer fired: Mon May 11 01:09:36 2026
5 records inserted in traffic table.
Timer fired: Mon May 11 01:09:41 2026
2 records inserted in traffic table.
Timer fired: Mon May 11 01:09:46 2026
6 records inserted in traffic table.
Timer fired: Mon May 11 01:09:51 2026
7 records inserted in traffic table.
Timer fired: Mon May 11 01:09:56 2026
8 records inserted in traffic table.
Timer fired: Mon May 11 01:10:01 2026
4 records inserted in traffic table.
Timer fired: Mon May 11 01:10:06 2026
1 records inserted in traffic table.
Timer fired: Mon May 11 01:10:11 2026
2 records inserted in traffic table.
Timer fired: Mon May 11 01:10:16 2026
4 records inserted in traffic table.
Timer fired: Mon May 11 01:10:21 2026
2 records inserted in traffic table.
Timer fired: Mon May 11 01:10:26 2026
5 records inserted in traffic table.
Timer fired: Mon May 11 01:10:31 2026
4 records inserted in traffic table.
Timer fired: Mon May 11 01:10:36 2026
6 records inserted in traffic table.
Timer fired: Mon May 11 01:10:41 2026
3 records inserted in traffic table.
Timer fired: Mon May 11 01:10:46 2026
4 records inserted in traffic table.
Timer fired: Mon May 11 01:10:51 2026
4 records inserted in traffic table.
Timer fired: Mon May 11 01:10:56 2026
7 records inserted in traffic table.
Timer fired: Mon May 11 01:11:01 2026
4 records inserted in traffic table.
Timer fired: Mon May 11 01:11:06 2026
5 records inserted in traffic table.
Timer fired: Mon May 11 01:11:11 2026
3 records inserted in traffic table.
Timer fired: Mon May 11 01:11:16 2026
2 records inserted in traffic table.
Timer fired: Mon May 11 01:11:21 2026
3 records inserted in traffic table.
Timer fired: Mon May 11 01:11:26 2026
6 records inserted in traffic table.
Timer fired: Mon May 11 01:11:31 2026
5 records inserted in traffic table.
Timer fired: Mon May 11 01:11:36 2026
4 records inserted in traffic table.
Timer fired: Mon May 11 01:11:41 2026
2 records inserted in traffic table.
Timer fired: Mon May 11 01:11:46 2026
5 records inserted in traffic table.
Timer fired: Mon May 11 01:11:51 2026
5 records inserted in traffic table.
Timer fired: Mon May 11 01:11:56 2026
8 records inserted in traffic table.
Timer fired: Mon May 11 01:12:01 2026
3 records inserted in traffic table.
Timer fired: Mon May 11 01:12:06 2026
5 records inserted in traffic table.
Timer fired: Mon May 11 01:12:11 2026
4 records inserted in traffic table.
Timer fired: Mon May 11 01:12:16 2026
7 records inserted in traffic table.
Timer fired: Mon May 11 01:12:21 2026
2 records inserted in traffic table.
Timer fired: Mon May 11 01:12:26 2026
5 records inserted in traffic table.
Timer fired: Mon May 11 01:12:31 2026
3 records inserted in traffic table.
Timer fired: Mon May 11 01:12:36 2026
3 records inserted in traffic table.
Timer fired: Mon May 11 01:12:41 2026
3 records inserted in traffic table.
Timer fired: Mon May 11 01:12:46 2026
4 records inserted in traffic table.
Timer fired: Mon May 11 01:12:51 2026
6 records inserted in traffic table.
Timer fired: Mon May 11 01:12:56 2026
7 records inserted in traffic table.
Timer fired: Mon May 11 01:13:01 2026
3 records inserted in traffic table.
Timer fired: Mon May 11 01:13:06 2026
3 records inserted in traffic table.
Timer fired: Mon May 11 01:13:11 2026
2 records inserted in traffic table.
Timer fired: Mon May 11 01:13:16 2026
3 records inserted in traffic table.
Timer fired: Mon May 11 01:13:21 2026
2 records inserted in traffic table.
Timer fired: Mon May 11 01:13:26 2026
5 records inserted in traffic table.
Timer fired: Mon May 11 01:13:31 2026
3 records inserted in traffic table.
Timer fired: Mon May 11 01:13:36 2026
5 records inserted in traffic table.
Timer fired: Mon May 11 01:13:41 2026
3 records inserted in traffic table.
Timer fired: Mon May 11 01:13:46 2026
5 records inserted in traffic table.
Timer fired: Mon May 11 01:13:51 2026
4 records inserted in traffic table.
Timer fired: Mon May 11 01:13:56 2026
6 records inserted in traffic table.
Timer fired: Mon May 11 01:14:01 2026
4 records inserted in traffic table.
Timer fired: Mon May 11 01:14:06 2026
1 records inserted in traffic table.
Timer fired: Mon May 11 01:14:11 2026
3 records inserted in traffic table.
Timer fired: Mon May 11 01:14:16 2026
2 records inserted in traffic table.
Timer fired: Mon May 11 01:14:21 2026
3 records inserted in traffic table.
Timer fired: Mon May 11 01:14:26 2026
7 records inserted in traffic table.
Timer fired: Mon May 11 01:14:31 2026
7 records inserted in traffic table.
Timer fired: Mon May 11 01:14:36 2026
2 records inserted in traffic table.
Timer fired: Mon May 11 01:14:41 2026
2 records inserted in traffic table.
Timer fired: Mon May 11 01:14:46 2026
10 records inserted in traffic table.
Timer fired: Mon May 11 01:14:51 2026
6 records inserted in traffic table.
Timer fired: Mon May 11 01:14:56 2026
8 records inserted in traffic table.
Timer fired: Mon May 11 01:15:01 2026
5 records inserted in traffic table.
Timer fired: Mon May 11 01:15:06 2026
2 records inserted in traffic table.
Timer fired: Mon May 11 01:15:11 2026
6 records inserted in traffic table.
Timer fired: Mon May 11 01:15:16 2026
4 records inserted in traffic table.
Timer fired: Mon May 11 01:15:21 2026
1 records inserted in traffic table.
Timer fired: Mon May 11 01:15:26 2026
5 records inserted in traffic table.
Timer fired: Mon May 11 01:15:31 2026
10 records inserted in traffic table.
Timer fired: Mon May 11 01:15:36 2026
3 records inserted in traffic table.
Timer fired: Mon May 11 01:15:41 2026
2 records inserted in traffic table.
Timer fired: Mon May 11 01:15:46 2026
5 records inserted in traffic table.
Timer fired: Mon May 11 01:15:51 2026
4 records inserted in traffic table.
Timer fired: Mon May 11 01:15:56 2026
10 records inserted in traffic table.
Timer fired: Mon May 11 01:16:01 2026
4 records inserted in traffic table.
Timer fired: Mon May 11 01:16:06 2026
4 records inserted in traffic table.
Timer fired: Mon May 11 01:16:11 2026
2 records inserted in traffic table.
Timer fired: Mon May 11 01:16:16 2026
7 records inserted in traffic table.
Timer fired: Mon May 11 01:16:21 2026
2 records inserted in traffic table.
Timer fired: Mon May 11 01:16:26 2026
4 records inserted in traffic table.
Timer fired: Mon May 11 01:16:31 2026
5 records inserted in traffic table.
Timer fired: Mon May 11 01:16:36 2026
7 records inserted in traffic table.
Timer fired: Mon May 11 01:16:41 2026
4 records inserted in traffic table.
Timer fired: Mon May 11 01:16:46 2026
5 records inserted in traffic table.
Timer fired: Mon May 11 01:16:51 2026
6 records inserted in traffic table.
Timer fired: Mon May 11 01:16:56 2026
6 records inserted in traffic table.
Timer fired: Mon May 11 01:17:01 2026
6 records inserted in traffic table.
Timer fired: Mon May 11 01:17:06 2026
4 records inserted in traffic table.
Timer fired: Mon May 11 01:17:11 2026
3 records inserted in traffic table.
Timer fired: Mon May 11 01:17:16 2026
2 records inserted in traffic table.
Timer fired: Mon May 11 01:17:21 2026
1 records inserted in traffic table.
Timer fired: Mon May 11 01:17:26 2026
8 records inserted in traffic table.
Timer fired: Mon May 11 01:17:31 2026
4 records inserted in traffic table.
Timer fired: Mon May 11 01:17:36 2026
4 records inserted in traffic table.
Timer fired: Mon May 11 01:17:41 2026
4 records inserted in traffic table.
Timer fired: Mon May 11 01:17:46 2026
8 records inserted in traffic table.
Timer fired: Mon May 11 01:17:51 2026
4 records inserted in traffic table.
Timer fired: Mon May 11 01:17:56 2026
6 records inserted in traffic table.
Timer fired: Mon May 11 01:18:01 2026
3 records inserted in traffic table.
Timer fired: Mon May 11 01:18:06 2026
3 records inserted in traffic table.
Timer fired: Mon May 11 01:18:11 2026
6 records inserted in traffic table.
Timer fired: Mon May 11 01:18:16 2026
2 records inserted in traffic table.
Timer fired: Mon May 11 01:18:21 2026
2 records inserted in traffic table.
Timer fired: Mon May 11 01:18:26 2026
5 records inserted in traffic table.
Timer fired: Mon May 11 01:18:31 2026
7 records inserted in traffic table.
Timer fired: Mon May 11 01:18:36 2026
2 records inserted in traffic table.
Timer fired: Mon May 11 01:18:41 2026
3 records inserted in traffic table.
Timer fired: Mon May 11 01:18:46 2026
8 records inserted in traffic table.
Timer fired: Mon May 11 01:18:51 2026
5 records inserted in traffic table.
Timer fired: Mon May 11 01:18:56 2026
8 records inserted in traffic table.
Timer fired: Mon May 11 01:19:01 2026
3 records inserted in traffic table.
Timer fired: Mon May 11 01:19:06 2026
2 records inserted in traffic table.
Timer fired: Mon May 11 01:19:11 2026
4 records inserted in traffic table.
Timer fired: Mon May 11 01:19:16 2026
3 records inserted in traffic table.
Timer fired: Mon May 11 01:19:21 2026
2 records inserted in traffic table.
Timer fired: Mon May 11 01:19:26 2026
4 records inserted in traffic table.
Timer fired: Mon May 11 01:19:31 2026
6 records inserted in traffic table.
Timer fired: Mon May 11 01:19:36 2026
3 records inserted in traffic table.
Timer fired: Mon May 11 01:19:41 2026
6 records inserted in traffic table.
Timer fired: Mon May 11 01:19:46 2026
5 records inserted in traffic table.
Timer fired: Mon May 11 01:19:51 2026
5 records inserted in traffic table.
Timer fired: Mon May 11 01:19:56 2026
8 records inserted in traffic table.
Timer fired: Mon May 11 01:20:01 2026
5 records inserted in traffic table.
Timer fired: Mon May 11 01:20:06 2026
1 records inserted in traffic table.
Timer fired: Mon May 11 01:20:11 2026
2 records inserted in traffic table.
Timer fired: Mon May 11 01:20:16 2026
3 records inserted in traffic table.
Timer fired: Mon May 11 01:20:21 2026
1 records inserted in traffic table.
Timer fired: Mon May 11 01:20:26 2026
7 records inserted in traffic table.
Timer fired: Mon May 11 01:20:31 2026
6 records inserted in traffic table.
Timer fired: Mon May 11 01:20:36 2026
2 records inserted in traffic table.
Timer fired: Mon May 11 01:20:41 2026
4 records inserted in traffic table.
Timer fired: Mon May 11 01:20:46 2026
6 records inserted in traffic table.
Timer fired: Mon May 11 01:20:51 2026
4 records inserted in traffic table.
Timer fired: Mon May 11 01:20:56 2026
6 records inserted in traffic table.
Timer fired: Mon May 11 01:21:01 2026
5 records inserted in traffic table.
Timer fired: Mon May 11 01:21:06 2026
3 records inserted in traffic table.
Timer fired: Mon May 11 01:21:11 2026
6 records inserted in traffic table.
Timer fired: Mon May 11 01:21:16 2026
2 records inserted in traffic table.
Timer fired: Mon May 11 01:21:21 2026
1 records inserted in traffic table.
Timer fired: Mon May 11 01:21:26 2026
4 records inserted in traffic table.
Timer fired: Mon May 11 01:21:31 2026
4 records inserted in traffic table.
Timer fired: Mon May 11 01:21:36 2026
4 records inserted in traffic table.
Timer fired: Mon May 11 01:21:41 2026
2 records inserted in traffic table.
Timer fired: Mon May 11 01:21:46 2026
5 records inserted in traffic table.
Timer fired: Mon May 11 01:21:51 2026
5 records inserted in traffic table.
Timer fired: Mon May 11 01:21:56 2026
10 records inserted in traffic table.
Timer fired: Mon May 11 01:22:01 2026
3 records inserted in traffic table.
Timer fired: Mon May 11 01:22:06 2026
2 records inserted in traffic table.
Timer fired: Mon May 11 01:22:11 2026
2 records inserted in traffic table.
Timer fired: Mon May 11 01:22:16 2026
2 records inserted in traffic table.
Timer fired: Mon May 11 01:22:21 2026
2 records inserted in traffic table.
Timer fired: Mon May 11 01:22:26 2026
4 records inserted in traffic table.
Timer fired: Mon May 11 01:22:31 2026
5 records inserted in traffic table.
Timer fired: Mon May 11 01:22:36 2026
4 records inserted in traffic table.
Timer fired: Mon May 11 01:22:41 2026
6 records inserted in traffic table.
Timer fired: Mon May 11 01:22:46 2026
7 records inserted in traffic table.
Timer fired: Mon May 11 01:22:51 2026
4 records inserted in traffic table.
Timer fired: Mon May 11 01:22:56 2026
7 records inserted in traffic table.
Timer fired: Mon May 11 01:23:01 2026
4 records inserted in traffic table.
Timer fired: Mon May 11 01:23:06 2026
4 records inserted in traffic table.
Timer fired: Mon May 11 01:23:11 2026
2 records inserted in traffic table.
Timer fired: Mon May 11 01:23:16 2026
2 records inserted in traffic table.
Timer fired: Mon May 11 01:23:21 2026
1 records inserted in traffic table.
Timer fired: Mon May 11 01:23:26 2026
8 records inserted in traffic table.
Timer fired: Mon May 11 01:23:31 2026
6 records inserted in traffic table.
Timer fired: Mon May 11 01:23:36 2026
3 records inserted in traffic table.
Timer fired: Mon May 11 01:23:41 2026
3 records inserted in traffic table.
Timer fired: Mon May 11 01:23:46 2026
6 records inserted in traffic table.
Timer fired: Mon May 11 01:23:51 2026
5 records inserted in traffic table.
Timer fired: Mon May 11 01:23:56 2026
6 records inserted in traffic table.
Timer fired: Mon May 11 01:24:01 2026
3 records inserted in traffic table.
Timer fired: Mon May 11 01:24:06 2026
3 records inserted in traffic table.
Timer fired: Mon May 11 01:24:11 2026
6 records inserted in traffic table.
Timer fired: Mon May 11 01:24:16 2026
2 records inserted in traffic table.
Timer fired: Mon May 11 01:24:21 2026
1 records inserted in traffic table.
Timer fired: Mon May 11 01:24:26 2026
5 records inserted in traffic table.
Timer fired: Mon May 11 01:24:31 2026
6 records inserted in traffic table.
Timer fired: Mon May 11 01:24:36 2026
5 records inserted in traffic table.
Timer fired: Mon May 11 01:24:41 2026
2 records inserted in traffic table.
Timer fired: Mon May 11 01:24:46 2026
4 records inserted in traffic table.
Timer fired: Mon May 11 01:24:51 2026
5 records inserted in traffic table.
Timer fired: Mon May 11 01:24:56 2026
10 records inserted in traffic table.
Timer fired: Mon May 11 01:25:01 2026
5 records inserted in traffic table.
Timer fired: Mon May 11 01:25:06 2026
1 records inserted in traffic table.
Timer fired: Mon May 11 01:25:11 2026
4 records inserted in traffic table.
Timer fired: Mon May 11 01:25:16 2026
3 records inserted in traffic table.
Timer fired: Mon May 11 01:25:21 2026
3 records inserted in traffic table.
Timer fired: Mon May 11 01:25:26 2026
6 records inserted in traffic table.
Timer fired: Mon May 11 01:25:31 2026
5 records inserted in traffic table.
Timer fired: Mon May 11 01:25:36 2026
2 records inserted in traffic table.
Timer fired: Mon May 11 01:25:41 2026
4 records inserted in traffic table.
Timer fired: Mon May 11 01:25:46 2026
5 records inserted in traffic table.
Timer fired: Mon May 11 01:25:51 2026
4 records inserted in traffic table.
Timer fired: Mon May 11 01:25:56 2026
7 records inserted in traffic table.
Timer fired: Mon May 11 01:26:01 2026
5 records inserted in traffic table.
Timer fired: Mon May 11 01:26:06 2026
5 records inserted in traffic table.
Timer fired: Mon May 11 01:26:11 2026
3 records inserted in traffic table.
Timer fired: Mon May 11 01:26:16 2026
2 records inserted in traffic table.
Timer fired: Mon May 11 01:26:21 2026
1 records inserted in traffic table.
Timer fired: Mon May 11 01:26:26 2026
8 records inserted in traffic table.
Timer fired: Mon May 11 01:26:31 2026
5 records inserted in traffic table.
Timer fired: Mon May 11 01:26:36 2026
4 records inserted in traffic table.
Timer fired: Mon May 11 01:26:41 2026
3 records inserted in traffic table.
Timer fired: Mon May 11 01:26:46 2026
8 records inserted in traffic table.
Timer fired: Mon May 11 01:26:51 2026
7 records inserted in traffic table.
Timer fired: Mon May 11 01:26:56 2026
8 records inserted in traffic table.
Timer fired: Mon May 11 01:27:01 2026
3 records inserted in traffic table.
Timer fired: Mon May 11 01:27:06 2026
4 records inserted in traffic table.
Timer fired: Mon May 11 01:27:11 2026
4 records inserted in traffic table.
Timer fired: Mon May 11 01:27:16 2026
1 records inserted in traffic table.
Timer fired: Mon May 11 01:27:21 2026
2 records inserted in traffic table.
Timer fired: Mon May 11 01:27:26 2026
6 records inserted in traffic table.
Timer fired: Mon May 11 01:27:31 2026
6 records inserted in traffic table.
Timer fired: Mon May 11 01:27:36 2026
5 records inserted in traffic table.
Timer fired: Mon May 11 01:27:41 2026
4 records inserted in traffic table.
Timer fired: Mon May 11 01:27:46 2026
8 records inserted in traffic table.
Timer fired: Mon May 11 01:27:51 2026
6 records inserted in traffic table.
Timer fired: Mon May 11 01:27:56 2026
8 records inserted in traffic table.
Timer fired: Mon May 11 01:28:01 2026
2 records inserted in traffic table.
Timer fired: Mon May 11 01:28:06 2026
4 records inserted in traffic table.
Timer fired: Mon May 11 01:28:11 2026
4 records inserted in traffic table.
Timer fired: Mon May 11 01:28:16 2026
1 records inserted in traffic table.
Timer fired: Mon May 11 01:28:21 2026
2 records inserted in traffic table.
Timer fired: Mon May 11 01:28:26 2026
5 records inserted in traffic table.
Timer fired: Mon May 11 01:28:31 2026
4 records inserted in traffic table.
Timer fired: Mon May 11 01:28:36 2026
2 records inserted in traffic table.
Timer fired: Mon May 11 01:28:41 2026
5 records inserted in traffic table.
Timer fired: Mon May 11 01:28:46 2026
8 records inserted in traffic table.
Timer fired: Mon May 11 01:28:51 2026
4 records inserted in traffic table.
Timer fired: Mon May 11 01:28:56 2026
5 records inserted in traffic table.
Timer fired: Mon May 11 01:29:01 2026
3 records inserted in traffic table.
Timer fired: Mon May 11 01:29:06 2026
3 records inserted in traffic table.
Timer fired: Mon May 11 01:29:11 2026
3 records inserted in traffic table.
Timer fired: Mon May 11 01:29:16 2026
2 records inserted in traffic table.
Timer fired: Mon May 11 01:29:21 2026
1 records inserted in traffic table.
Timer fired: Mon May 11 01:29:26 2026
9 records inserted in traffic table.
Timer fired: Mon May 11 01:29:31 2026
6 records inserted in traffic table.
Timer fired: Mon May 11 01:29:36 2026
2 records inserted in traffic table.
Timer fired: Mon May 11 01:29:41 2026
3 records inserted in traffic table.
Timer fired: Mon May 11 01:29:46 2026
5 records inserted in traffic table.
Timer fired: Mon May 11 01:29:51 2026
4 records inserted in traffic table.
Timer fired: Mon May 11 01:29:56 2026
6 records inserted in traffic table.
Timer fired: Mon May 11 01:30:01 2026
5 records inserted in traffic table.
Timer fired: Mon May 11 01:30:06 2026
2 records inserted in traffic table.
Timer fired: Mon May 11 01:30:11 2026
4 records inserted in traffic table.
Timer fired: Mon May 11 01:30:16 2026
5 records inserted in traffic table.
Timer fired: Mon May 11 01:30:21 2026
2 records inserted in traffic table.
Timer fired: Mon May 11 01:30:26 2026
5 records inserted in traffic table.
Timer fired: Mon May 11 01:30:31 2026
3 records inserted in traffic table.
Timer fired: Mon May 11 01:30:36 2026
2 records inserted in traffic table.
Timer fired: Mon May 11 01:30:41 2026
3 records inserted in traffic table.
Timer fired: Mon May 11 01:30:46 2026
7 records inserted in traffic table.
Timer fired: Mon May 11 01:30:51 2026
4 records inserted in traffic table.
Timer fired: Mon May 11 01:30:56 2026
7 records inserted in traffic table.
Timer fired: Mon May 11 01:31:01 2026
4 records inserted in traffic table.
Timer fired: Mon May 11 01:31:06 2026
2 records inserted in traffic table.
Timer fired: Mon May 11 01:31:11 2026
5 records inserted in traffic table.
Timer fired: Mon May 11 01:31:16 2026
2 records inserted in traffic table.
Timer fired: Mon May 11 01:31:21 2026
2 records inserted in traffic table.
Timer fired: Mon May 11 01:31:26 2026
5 records inserted in traffic table.
Timer fired: Mon May 11 01:31:31 2026
4 records inserted in traffic table.
Timer fired: Mon May 11 01:31:36 2026
5 records inserted in traffic table.
Timer fired: Mon May 11 01:31:41 2026
3 records inserted in traffic table.
Timer fired: Mon May 11 01:31:46 2026
6 records inserted in traffic table.
Timer fired: Mon May 11 01:31:51 2026
7 records inserted in traffic table.
Timer fired: Mon May 11 01:31:56 2026
7 records inserted in traffic table.
Timer fired: Mon May 11 01:32:01 2026
7 records inserted in traffic table.
Timer fired: Mon May 11 01:32:06 2026
2 records inserted in traffic table.
Timer fired: Mon May 11 01:32:11 2026
3 records inserted in traffic table.
Timer fired: Mon May 11 01:32:16 2026
2 records inserted in traffic table.
Timer fired: Mon May 11 01:32:21 2026
2 records inserted in traffic table.
Timer fired: Mon May 11 01:32:26 2026
8 records inserted in traffic table.
Timer fired: Mon May 11 01:32:31 2026
5 records inserted in traffic table.
Timer fired: Mon May 11 01:32:36 2026
2 records inserted in traffic table.
Timer fired: Mon May 11 01:32:41 2026
5 records inserted in traffic table.
Timer fired: Mon May 11 01:32:46 2026
8 records inserted in traffic table.
Timer fired: Mon May 11 01:32:51 2026
6 records inserted in traffic table.
Timer fired: Mon May 11 01:32:56 2026
6 records inserted in traffic table.
Timer fired: Mon May 11 01:33:01 2026
3 records inserted in traffic table.
Timer fired: Mon May 11 01:33:06 2026
3 records inserted in traffic table.
Timer fired: Mon May 11 01:33:11 2026
5 records inserted in traffic table.
Timer fired: Mon May 11 01:33:16 2026
1 records inserted in traffic table.
Timer fired: Mon May 11 01:33:21 2026
2 records inserted in traffic table.
Timer fired: Mon May 11 01:33:26 2026
8 records inserted in traffic table.
Timer fired: Mon May 11 01:33:31 2026
4 records inserted in traffic table.
Timer fired: Mon May 11 01:33:36 2026
5 records inserted in traffic table.
Timer fired: Mon May 11 01:33:41 2026
1 records inserted in traffic table.
Timer fired: Mon May 11 01:33:46 2026
6 records inserted in traffic table.
Timer fired: Mon May 11 01:33:51 2026
5 records inserted in traffic table.
Timer fired: Mon May 11 01:33:56 2026
8 records inserted in traffic table.
Timer fired: Mon May 11 01:34:01 2026
4 records inserted in traffic table.
Timer fired: Mon May 11 01:34:06 2026
3 records inserted in traffic table.
Timer fired: Mon May 11 01:34:11 2026
3 records inserted in traffic table.
Timer fired: Mon May 11 01:34:16 2026
2 records inserted in traffic table.
Timer fired: Mon May 11 01:34:21 2026
4 records inserted in traffic table.
Timer fired: Mon May 11 01:34:26 2026
6 records inserted in traffic table.
Timer fired: Mon May 11 01:34:31 2026
5 records inserted in traffic table.
Timer fired: Mon May 11 01:34:36 2026
1 records inserted in traffic table.
Timer fired: Mon May 11 01:34:41 2026
3 records inserted in traffic table.
Timer fired: Mon May 11 01:34:46 2026
7 records inserted in traffic table.
Timer fired: Mon May 11 01:34:51 2026
4 records inserted in traffic table.
Timer fired: Mon May 11 01:34:56 2026
6 records inserted in traffic table.
Timer fired: Mon May 11 01:35:01 2026
7 records inserted in traffic table.
Timer fired: Mon May 11 01:35:06 2026
6 records inserted in traffic table.
Timer fired: Mon May 11 01:35:11 2026
4 records inserted in traffic table.
Timer fired: Mon May 11 01:35:16 2026
3 records inserted in traffic table.
Timer fired: Mon May 11 01:35:21 2026
2 records inserted in traffic table.
Timer fired: Mon May 11 01:35:26 2026
8 records inserted in traffic table.
Timer fired: Mon May 11 01:35:31 2026
6 records inserted in traffic table.
Timer fired: Mon May 11 01:35:36 2026
3 records inserted in traffic table.
Timer fired: Mon May 11 01:35:41 2026
2 records inserted in traffic table.
Timer fired: Mon May 11 01:35:46 2026
6 records inserted in traffic table.
Timer fired: Mon May 11 01:35:51 2026
7 records inserted in traffic table.
Timer fired: Mon May 11 01:35:56 2026
5 records inserted in traffic table.
Timer fired: Mon May 11 01:36:01 2026
5 records inserted in traffic table.
Timer fired: Mon May 11 01:36:06 2026
3 records inserted in traffic table.
Timer fired: Mon May 11 01:36:11 2026
6 records inserted in traffic table.
Timer fired: Mon May 11 01:36:16 2026
2 records inserted in traffic table.
Timer fired: Mon May 11 01:36:21 2026
2 records inserted in traffic table.
Timer fired: Mon May 11 01:36:26 2026
7 records inserted in traffic table.
Timer fired: Mon May 11 01:36:31 2026
5 records inserted in traffic table.
Timer fired: Mon May 11 01:36:36 2026
6 records inserted in traffic table.
Timer fired: Mon May 11 01:36:41 2026
2 records inserted in traffic table.
Timer fired: Mon May 11 01:36:46 2026
12 records inserted in traffic table.
Timer fired: Mon May 11 01:36:51 2026
6 records inserted in traffic table.
Timer fired: Mon May 11 01:36:56 2026
7 records inserted in traffic table.
Timer fired: Mon May 11 01:37:01 2026
4 records inserted in traffic table.
Timer fired: Mon May 11 01:37:06 2026
3 records inserted in traffic table.
Timer fired: Mon May 11 01:37:11 2026
2 records inserted in traffic table.
Timer fired: Mon May 11 01:37:16 2026
1 records inserted in traffic table.
Timer fired: Mon May 11 01:37:21 2026
2 records inserted in traffic table.
Timer fired: Mon May 11 01:37:26 2026
6 records inserted in traffic table.
Timer fired: Mon May 11 01:37:31 2026
5 records inserted in traffic table.
Timer fired: Mon May 11 01:37:36 2026
4 records inserted in traffic table.
Timer fired: Mon May 11 01:37:41 2026
5 records inserted in traffic table.
Timer fired: Mon May 11 01:37:46 2026
7 records inserted in traffic table.
Timer fired: Mon May 11 01:37:51 2026
4 records inserted in traffic table.
Timer fired: Mon May 11 01:37:56 2026
4 records inserted in traffic table.
Timer fired: Mon May 11 01:38:01 2026
5 records inserted in traffic table.
Timer fired: Mon May 11 01:38:06 2026
3 records inserted in traffic table.
Timer fired: Mon May 11 01:38:11 2026
2 records inserted in traffic table.
Timer fired: Mon May 11 01:38:16 2026
1 records inserted in traffic table.
Timer fired: Mon May 11 01:38:21 2026
1 records inserted in traffic table.
Timer fired: Mon May 11 01:38:26 2026
7 records inserted in traffic table.
Timer fired: Mon May 11 01:38:31 2026
6 records inserted in traffic table.
Timer fired: Mon May 11 01:38:36 2026
2 records inserted in traffic table.
Timer fired: Mon May 11 01:38:41 2026
2 records inserted in traffic table.
Timer fired: Mon May 11 01:38:46 2026
7 records inserted in traffic table.
Timer fired: Mon May 11 01:38:51 2026
4 records inserted in traffic table.
Timer fired: Mon May 11 01:38:56 2026
5 records inserted in traffic table.
Timer fired: Mon May 11 01:39:01 2026
4 records inserted in traffic table.
Timer fired: Mon May 11 01:39:06 2026
4 records inserted in traffic table.
Timer fired: Mon May 11 01:39:11 2026
5 records inserted in traffic table.
Timer fired: Mon May 11 01:39:16 2026
2 records inserted in traffic table.
Timer fired: Mon May 11 01:39:21 2026
2 records inserted in traffic table.
Timer fired: Mon May 11 01:39:26 2026
5 records inserted in traffic table.
Timer fired: Mon May 11 01:39:31 2026
5 records inserted in traffic table.
Timer fired: Mon May 11 01:39:36 2026
3 records inserted in traffic table.
Timer fired: Mon May 11 01:39:41 2026
3 records inserted in traffic table.
Timer fired: Mon May 11 01:39:46 2026
6 records inserted in traffic table.
Timer fired: Mon May 11 01:39:51 2026
4 records inserted in traffic table.
Timer fired: Mon May 11 01:39:56 2026
6 records inserted in traffic table.
Timer fired: Mon May 11 01:40:01 2026
4 records inserted in traffic table.
Timer fired: Mon May 11 01:40:06 2026
5 records inserted in traffic table.
Timer fired: Mon May 11 01:40:11 2026
3 records inserted in traffic table.
Timer fired: Mon May 11 01:40:16 2026
2 records inserted in traffic table.
Timer fired: Mon May 11 01:40:21 2026
2 records inserted in traffic table.
Timer fired: Mon May 11 01:40:26 2026
6 records inserted in traffic table.
Timer fired: Mon May 11 01:40:31 2026
5 records inserted in traffic table.
Timer fired: Mon May 11 01:40:36 2026
1 records inserted in traffic table.
Timer fired: Mon May 11 01:40:41 2026
4 records inserted in traffic table.
Timer fired: Mon May 11 01:40:46 2026
6 records inserted in traffic table.
Timer fired: Mon May 11 01:40:51 2026
4 records inserted in traffic table.
Timer fired: Mon May 11 01:40:56 2026
5 records inserted in traffic table.
Timer fired: Mon May 11 01:41:01 2026
5 records inserted in traffic table.
Timer fired: Mon May 11 01:41:06 2026
3 records inserted in traffic table.
Timer fired: Mon May 11 01:41:11 2026
5 records inserted in traffic table.
Timer fired: Mon May 11 01:41:16 2026
2 records inserted in traffic table.
Timer fired: Mon May 11 01:41:21 2026
1 records inserted in traffic table.
Timer fired: Mon May 11 01:41:26 2026
8 records inserted in traffic table.
Timer fired: Mon May 11 01:41:31 2026
5 records inserted in traffic table.
Timer fired: Mon May 11 01:41:36 2026
4 records inserted in traffic table.
Timer fired: Mon May 11 01:41:41 2026
3 records inserted in traffic table.
Timer fired: Mon May 11 01:41:46 2026
8 records inserted in traffic table.
Timer fired: Mon May 11 01:41:51 2026
4 records inserted in traffic table.
Timer fired: Mon May 11 01:41:56 2026
7 records inserted in traffic table.
Timer fired: Mon May 11 01:42:01 2026
5 records inserted in traffic table.
Timer fired: Mon May 11 01:42:06 2026
2 records inserted in traffic table.
Timer fired: Mon May 11 01:42:11 2026
5 records inserted in traffic table.
Timer fired: Mon May 11 01:42:16 2026
1 records inserted in traffic table.
Timer fired: Mon May 11 01:42:21 2026
1 records inserted in traffic table.
Timer fired: Mon May 11 01:42:26 2026
6 records inserted in traffic table.
Timer fired: Mon May 11 01:42:31 2026
7 records inserted in traffic table.
Timer fired: Mon May 11 01:42:36 2026
3 records inserted in traffic table.
Timer fired: Mon May 11 01:42:41 2026
3 records inserted in traffic table.
Timer fired: Mon May 11 01:42:46 2026
6 records inserted in traffic table.
Timer fired: Mon May 11 01:42:51 2026
5 records inserted in traffic table.
Timer fired: Mon May 11 01:42:56 2026
7 records inserted in traffic table.
Timer fired: Mon May 11 01:43:01 2026
5 records inserted in traffic table.
Timer fired: Mon May 11 01:43:06 2026
3 records inserted in traffic table.
Timer fired: Mon May 11 01:43:11 2026
4 records inserted in traffic table.
Timer fired: Mon May 11 01:43:16 2026
3 records inserted in traffic table.
Timer fired: Mon May 11 01:43:21 2026
4 records inserted in traffic table.
Timer fired: Mon May 11 01:43:26 2026
6 records inserted in traffic table.
Timer fired: Mon May 11 01:43:31 2026
6 records inserted in traffic table.
Timer fired: Mon May 11 01:43:36 2026
2 records inserted in traffic table.
Timer fired: Mon May 11 01:43:41 2026
4 records inserted in traffic table.
Timer fired: Mon May 11 01:43:46 2026
8 records inserted in traffic table.
Timer fired: Mon May 11 01:43:51 2026
4 records inserted in traffic table.
Timer fired: Mon May 11 01:43:56 2026
4 records inserted in traffic table.
Timer fired: Mon May 11 01:44:01 2026
3 records inserted in traffic table.
Timer fired: Mon May 11 01:44:06 2026
6 records inserted in traffic table.
Timer fired: Mon May 11 01:44:11 2026
5 records inserted in traffic table.
Timer fired: Mon May 11 01:44:16 2026
1 records inserted in traffic table.
Timer fired: Mon May 11 01:44:21 2026
2 records inserted in traffic table.
Timer fired: Mon May 11 01:44:26 2026
10 records inserted in traffic table.
Timer fired: Mon May 11 01:44:31 2026
8 records inserted in traffic table.
Timer fired: Mon May 11 01:44:36 2026
1 records inserted in traffic table.
Timer fired: Mon May 11 01:44:41 2026
1 records inserted in traffic table.
Timer fired: Mon May 11 01:44:46 2026
6 records inserted in traffic table.
Timer fired: Mon May 11 01:44:51 2026
6 records inserted in traffic table.
Timer fired: Mon May 11 01:44:56 2026
7 records inserted in traffic table.
Timer fired: Mon May 11 01:45:01 2026
4 records inserted in traffic table.
Timer fired: Mon May 11 01:45:06 2026
4 records inserted in traffic table.
Timer fired: Mon May 11 01:45:11 2026
6 records inserted in traffic table.
Timer fired: Mon May 11 01:45:16 2026
3 records inserted in traffic table.
Timer fired: Mon May 11 01:45:21 2026
2 records inserted in traffic table.
Timer fired: Mon May 11 01:45:26 2026
5 records inserted in traffic table.
Timer fired: Mon May 11 01:45:31 2026
4 records inserted in traffic table.
Timer fired: Mon May 11 01:45:36 2026
4 records inserted in traffic table.
Timer fired: Mon May 11 01:45:41 2026
1 records inserted in traffic table.
Timer fired: Mon May 11 01:45:46 2026
8 records inserted in traffic table.
Timer fired: Mon May 11 01:45:51 2026
4 records inserted in traffic table.
Timer fired: Mon May 11 01:45:56 2026
6 records inserted in traffic table.
Timer fired: Mon May 11 01:46:01 2026
4 records inserted in traffic table.
Timer fired: Mon May 11 01:46:06 2026
4 records inserted in traffic table.
Timer fired: Mon May 11 01:46:11 2026
3 records inserted in traffic table.
Timer fired: Mon May 11 01:46:16 2026
1 records inserted in traffic table.
Timer fired: Mon May 11 01:46:21 2026
1 records inserted in traffic table.
Timer fired: Mon May 11 01:46:26 2026
5 records inserted in traffic table.
Timer fired: Mon May 11 01:46:31 2026
5 records inserted in traffic table.
Timer fired: Mon May 11 01:46:36 2026
5 records inserted in traffic table.
Timer fired: Mon May 11 01:46:41 2026
1 records inserted in traffic table.
Timer fired: Mon May 11 01:46:46 2026
6 records inserted in traffic table.
Timer fired: Mon May 11 01:46:51 2026
6 records inserted in traffic table.
Timer fired: Mon May 11 01:46:56 2026
6 records inserted in traffic table.
Timer fired: Mon May 11 01:47:01 2026
6 records inserted in traffic table.
Timer fired: Mon May 11 01:47:06 2026
2 records inserted in traffic table.
Timer fired: Mon May 11 01:47:11 2026
3 records inserted in traffic table.
Timer fired: Mon May 11 01:47:16 2026
2 records inserted in traffic table.
Timer fired: Mon May 11 01:47:21 2026
3 records inserted in traffic table.
Timer fired: Mon May 11 01:47:26 2026
7 records inserted in traffic table.
Timer fired: Mon May 11 01:47:31 2026
4 records inserted in traffic table.
Timer fired: Mon May 11 01:47:36 2026
3 records inserted in traffic table.
Timer fired: Mon May 11 01:47:41 2026
3 records inserted in traffic table.
Timer fired: Mon May 11 01:47:46 2026
8 records inserted in traffic table.
Timer fired: Mon May 11 01:47:51 2026
6 records inserted in traffic table.
Timer fired: Mon May 11 01:47:56 2026
4 records inserted in traffic table.
Timer fired: Mon May 11 01:48:01 2026
4 records inserted in traffic table.
Timer fired: Mon May 11 01:48:06 2026
4 records inserted in traffic table.
Timer fired: Mon May 11 01:48:11 2026
5 records inserted in traffic table.
Timer fired: Mon May 11 01:48:16 2026
2 records inserted in traffic table.
Timer fired: Mon May 11 01:48:21 2026
2 records inserted in traffic table.
Timer fired: Mon May 11 01:48:26 2026
5 records inserted in traffic table.
Timer fired: Mon May 11 01:48:31 2026
4 records inserted in traffic table.
Timer fired: Mon May 11 01:48:36 2026
3 records inserted in traffic table.
Timer fired: Mon May 11 01:48:41 2026
2 records inserted in traffic table.
Timer fired: Mon May 11 01:48:46 2026
6 records inserted in traffic table.
Timer fired: Mon May 11 01:48:51 2026
5 records inserted in traffic table.
Timer fired: Mon May 11 01:48:56 2026
7 records inserted in traffic table.
Timer fired: Mon May 11 01:49:01 2026
2 records inserted in traffic table.
Timer fired: Mon May 11 01:49:06 2026
5 records inserted in traffic table.
Timer fired: Mon May 11 01:49:11 2026
3 records inserted in traffic table.
Timer fired: Mon May 11 01:49:16 2026
1 records inserted in traffic table.
Timer fired: Mon May 11 01:49:21 2026
1 records inserted in traffic table.
Timer fired: Mon May 11 01:49:26 2026
6 records inserted in traffic table.
Timer fired: Mon May 11 01:49:31 2026
5 records inserted in traffic table.
Timer fired: Mon May 11 01:49:36 2026
2 records inserted in traffic table.
Timer fired: Mon May 11 01:49:41 2026
4 records inserted in traffic table.
Timer fired: Mon May 11 01:49:46 2026
5 records inserted in traffic table.
Timer fired: Mon May 11 01:49:51 2026
6 records inserted in traffic table.
Timer fired: Mon May 11 01:49:56 2026
4 records inserted in traffic table.
Timer fired: Mon May 11 01:50:01 2026
2 records inserted in traffic table.
Timer fired: Mon May 11 01:50:06 2026
6 records inserted in traffic table.
Timer fired: Mon May 11 01:50:11 2026
4 records inserted in traffic table.
Timer fired: Mon May 11 01:50:16 2026
1 records inserted in traffic table.
Timer fired: Mon May 11 01:50:21 2026
2 records inserted in traffic table.
Timer fired: Mon May 11 01:50:26 2026
7 records inserted in traffic table.
Timer fired: Mon May 11 01:50:31 2026
5 records inserted in traffic table.
Timer fired: Mon May 11 01:50:36 2026
2 records inserted in traffic table.
Timer fired: Mon May 11 01:50:41 2026
2 records inserted in traffic table.
Timer fired: Mon May 11 01:50:46 2026
9 records inserted in traffic table.
Timer fired: Mon May 11 01:50:51 2026
5 records inserted in traffic table.
Timer fired: Mon May 11 01:50:56 2026
4 records inserted in traffic table.
Timer fired: Mon May 11 01:51:01 2026
3 records inserted in traffic table.
Timer fired: Mon May 11 01:51:06 2026
6 records inserted in traffic table.
Timer fired: Mon May 11 01:51:11 2026
7 records inserted in traffic table.
Timer fired: Mon May 11 01:51:16 2026
2 records inserted in traffic table.
Timer fired: Mon May 11 01:51:21 2026
1 records inserted in traffic table.
Timer fired: Mon May 11 01:51:26 2026
6 records inserted in traffic table.
Timer fired: Mon May 11 01:51:31 2026
6 records inserted in traffic table.
Timer fired: Mon May 11 01:51:36 2026
5 records inserted in traffic table.
Timer fired: Mon May 11 01:51:41 2026
2 records inserted in traffic table.
Timer fired: Mon May 11 01:51:46 2026
6 records inserted in traffic table.
Timer fired: Mon May 11 01:51:51 2026
6 records inserted in traffic table.
Timer fired: Mon May 11 01:51:56 2026
8 records inserted in traffic table.
Timer fired: Mon May 11 01:52:01 2026
6 records inserted in traffic table.
Timer fired: Mon May 11 01:52:06 2026
5 records inserted in traffic table.
Timer fired: Mon May 11 01:52:11 2026
2 records inserted in traffic table.
Timer fired: Mon May 11 01:52:16 2026
2 records inserted in traffic table.
Timer fired: Mon May 11 01:52:21 2026
5 records inserted in traffic table.
Timer fired: Mon May 11 01:52:26 2026
5 records inserted in traffic table.
Timer fired: Mon May 11 01:52:31 2026
4 records inserted in traffic table.
Timer fired: Mon May 11 01:52:36 2026
3 records inserted in traffic table.
Timer fired: Mon May 11 01:52:41 2026
4 records inserted in traffic table.
Timer fired: Mon May 11 01:52:46 2026
6 records inserted in traffic table.
Timer fired: Mon May 11 01:52:51 2026
7 records inserted in traffic table.
Timer fired: Mon May 11 01:52:56 2026
5 records inserted in traffic table.
Timer fired: Mon May 11 01:53:01 2026
3 records inserted in traffic table.
Timer fired: Mon May 11 01:53:06 2026
7 records inserted in traffic table.
Timer fired: Mon May 11 01:53:11 2026
3 records inserted in traffic table.
Timer fired: Mon May 11 01:53:16 2026
2 records inserted in traffic table.
Timer fired: Mon May 11 01:53:21 2026
1 records inserted in traffic table.
Timer fired: Mon May 11 01:53:26 2026
7 records inserted in traffic table.
Timer fired: Mon May 11 01:53:31 2026
6 records inserted in traffic table.
Timer fired: Mon May 11 01:53:36 2026
1 records inserted in traffic table.
Timer fired: Mon May 11 01:53:41 2026
1 records inserted in traffic table.
Timer fired: Mon May 11 01:53:46 2026
6 records inserted in traffic table.
Timer fired: Mon May 11 01:53:51 2026
8 records inserted in traffic table.
Timer fired: Mon May 11 01:53:56 2026
4 records inserted in traffic table.
Timer fired: Mon May 11 01:54:01 2026
2 records inserted in traffic table.
Timer fired: Mon May 11 01:54:06 2026
5 records inserted in traffic table.
Timer fired: Mon May 11 01:54:11 2026
4 records inserted in traffic table.
Timer fired: Mon May 11 01:54:16 2026
3 records inserted in traffic table.
Timer fired: Mon May 11 01:54:21 2026
2 records inserted in traffic table.
Timer fired: Mon May 11 01:54:26 2026
5 records inserted in traffic table.
Timer fired: Mon May 11 01:54:31 2026
5 records inserted in traffic table.
Timer fired: Mon May 11 01:54:36 2026
3 records inserted in traffic table.
Timer fired: Mon May 11 01:54:41 2026
2 records inserted in traffic table.
Timer fired: Mon May 11 01:54:46 2026
8 records inserted in traffic table.
Timer fired: Mon May 11 01:54:51 2026
6 records inserted in traffic table.
Timer fired: Mon May 11 01:54:56 2026
7 records inserted in traffic table.
Timer fired: Mon May 11 01:55:01 2026
3 records inserted in traffic table.
Timer fired: Mon May 11 01:55:06 2026
7 records inserted in traffic table.
Timer fired: Mon May 11 01:55:11 2026
4 records inserted in traffic table.
Timer fired: Mon May 11 01:55:16 2026
3 records inserted in traffic table.
Timer fired: Mon May 11 01:55:21 2026
1 records inserted in traffic table.
Timer fired: Mon May 11 01:55:26 2026
5 records inserted in traffic table.
Timer fired: Mon May 11 01:55:31 2026
5 records inserted in traffic table.
Timer fired: Mon May 11 01:55:36 2026
2 records inserted in traffic table.
Timer fired: Mon May 11 01:55:41 2026
4 records inserted in traffic table.
Timer fired: Mon May 11 01:55:46 2026
7 records inserted in traffic table.
Timer fired: Mon May 11 01:55:51 2026
6 records inserted in traffic table.
Timer fired: Mon May 11 01:55:56 2026
5 records inserted in traffic table.
Timer fired: Mon May 11 01:56:01 2026
5 records inserted in traffic table.
Timer fired: Mon May 11 01:56:06 2026
3 records inserted in traffic table.
Timer fired: Mon May 11 01:56:11 2026
3 records inserted in traffic table.
Timer fired: Mon May 11 01:56:16 2026
3 records inserted in traffic table.
Timer fired: Mon May 11 01:56:21 2026
2 records inserted in traffic table.
Timer fired: Mon May 11 01:56:26 2026
8 records inserted in traffic table.
Timer fired: Mon May 11 01:56:31 2026
4 records inserted in traffic table.
Timer fired: Mon May 11 01:56:36 2026
3 records inserted in traffic table.
Timer fired: Mon May 11 01:56:41 2026
2 records inserted in traffic table.
Timer fired: Mon May 11 01:56:46 2026
6 records inserted in traffic table.
Timer fired: Mon May 11 01:56:51 2026
6 records inserted in traffic table.
Timer fired: Mon May 11 01:56:56 2026
5 records inserted in traffic table.
Timer fired: Mon May 11 01:57:01 2026
4 records inserted in traffic table.
Timer fired: Mon May 11 01:57:06 2026
3 records inserted in traffic table.
Timer fired: Mon May 11 01:57:11 2026
6 records inserted in traffic table.
Timer fired: Mon May 11 01:57:16 2026
3 records inserted in traffic table.
Timer fired: Mon May 11 01:57:21 2026
2 records inserted in traffic table.
Timer fired: Mon May 11 01:57:26 2026
5 records inserted in traffic table.
Timer fired: Mon May 11 01:57:31 2026
5 records inserted in traffic table.
Timer fired: Mon May 11 01:57:36 2026
3 records inserted in traffic table.
Timer fired: Mon May 11 01:57:41 2026
1 records inserted in traffic table.
Timer fired: Mon May 11 01:57:46 2026
6 records inserted in traffic table.
Timer fired: Mon May 11 01:57:51 2026
7 records inserted in traffic table.
Timer fired: Mon May 11 01:57:56 2026
9 records inserted in traffic table.
Timer fired: Mon May 11 01:58:01 2026
4 records inserted in traffic table.
Timer fired: Mon May 11 01:58:06 2026
2 records inserted in traffic table.
Timer fired: Mon May 11 01:58:11 2026
2 records inserted in traffic table.
Timer fired: Mon May 11 01:58:16 2026
4 records inserted in traffic table.
Timer fired: Mon May 11 01:58:21 2026
2 records inserted in traffic table.
Timer fired: Mon May 11 01:58:26 2026
5 records inserted in traffic table.
Timer fired: Mon May 11 01:58:31 2026
3 records inserted in traffic table.
Timer fired: Mon May 11 01:58:36 2026
5 records inserted in traffic table.
Timer fired: Mon May 11 01:58:41 2026
4 records inserted in traffic table.
Timer fired: Mon May 11 01:58:46 2026
4 records inserted in traffic table.
Timer fired: Mon May 11 01:58:51 2026
5 records inserted in traffic table.
Timer fired: Mon May 11 01:58:56 2026
7 records inserted in traffic table.
Timer fired: Mon May 11 01:59:01 2026
4 records inserted in traffic table.
Timer fired: Mon May 11 01:59:06 2026
4 records inserted in traffic table.
Timer fired: Mon May 11 01:59:11 2026
1 records inserted in traffic table.
Timer fired: Mon May 11 01:59:16 2026
3 records inserted in traffic table.
Timer fired: Mon May 11 01:59:21 2026
1 records inserted in traffic table.
Timer fired: Mon May 11 01:59:26 2026
8 records inserted in traffic table.
Timer fired: Mon May 11 01:59:31 2026
4 records inserted in traffic table.
Timer fired: Mon May 11 01:59:36 2026
5 records inserted in traffic table.
Timer fired: Mon May 11 01:59:41 2026
2 records inserted in traffic table.
Timer fired: Mon May 11 01:59:46 2026
6 records inserted in traffic table.
Timer fired: Mon May 11 01:59:51 2026
4 records inserted in traffic table.
Timer fired: Mon May 11 01:59:56 2026
6 records inserted in traffic table.
Timer fired: Mon May 11 02:00:01 2026
3 records inserted in traffic table.
Timer fired: Mon May 11 02:00:06 2026
6 records inserted in traffic table.
Timer fired: Mon May 11 02:00:11 2026
4 records inserted in traffic table.
Timer fired: Mon May 11 02:00:16 2026
8 records inserted in traffic table.
Timer fired: Mon May 11 02:00:21 2026
3 records inserted in traffic table.
Timer fired: Mon May 11 02:00:26 2026
5 records inserted in traffic table.
Timer fired: Mon May 11 02:00:31 2026
2 records inserted in traffic table.
Timer fired: Mon May 11 02:00:36 2026
3 records inserted in traffic table.
Timer fired: Mon May 11 02:00:41 2026
1 records inserted in traffic table.
Timer fired: Mon May 11 02:00:46 2026
5 records inserted in traffic table.
Timer fired: Mon May 11 02:00:51 2026
5 records inserted in traffic table.
Timer fired: Mon May 11 02:00:56 2026
9 records inserted in traffic table.
Timer fired: Mon May 11 02:01:01 2026
3 records inserted in traffic table.
Timer fired: Mon May 11 02:01:06 2026
2 records inserted in traffic table.
Timer fired: Mon May 11 02:01:11 2026
2 records inserted in traffic table.
Timer fired: Mon May 11 02:01:16 2026
5 records inserted in traffic table.
Timer fired: Mon May 11 02:01:21 2026
3 records inserted in traffic table.
Timer fired: Mon May 11 02:01:26 2026
5 records inserted in traffic table.
Timer fired: Mon May 11 02:01:31 2026
2 records inserted in traffic table.
Timer fired: Mon May 11 02:01:36 2026
7 records inserted in traffic table.
Timer fired: Mon May 11 02:01:41 2026
1 records inserted in traffic table.
Timer fired: Mon May 11 02:01:46 2026
4 records inserted in traffic table.
Timer fired: Mon May 11 02:01:51 2026
5 records inserted in traffic table.
Timer fired: Mon May 11 02:01:56 2026
7 records inserted in traffic table.
Timer fired: Mon May 11 02:02:01 2026
6 records inserted in traffic table.
Timer fired: Mon May 11 02:02:06 2026
2 records inserted in traffic table.
Timer fired: Mon May 11 02:02:11 2026
1 records inserted in traffic table.
Timer fired: Mon May 11 02:02:16 2026
4 records inserted in traffic table.
Timer fired: Mon May 11 02:02:21 2026
3 records inserted in traffic table.
Timer fired: Mon May 11 02:02:26 2026
5 records inserted in traffic table.
Timer fired: Mon May 11 02:02:31 2026
4 records inserted in traffic table.
Timer fired: Mon May 11 02:02:36 2026
3 records inserted in traffic table.
Timer fired: Mon May 11 02:02:41 2026
1 records inserted in traffic table.
Timer fired: Mon May 11 02:02:46 2026
8 records inserted in traffic table.
Timer fired: Mon May 11 02:02:51 2026
5 records inserted in traffic table.
Timer fired: Mon May 11 02:02:56 2026
6 records inserted in traffic table.
Timer fired: Mon May 11 02:03:01 2026
4 records inserted in traffic table.
Timer fired: Mon May 11 02:03:06 2026
5 records inserted in traffic table.
Timer fired: Mon May 11 02:03:11 2026
3 records inserted in traffic table.
Timer fired: Mon May 11 02:03:16 2026
3 records inserted in traffic table.
Timer fired: Mon May 11 02:03:21 2026
1 records inserted in traffic table.
Timer fired: Mon May 11 02:03:26 2026
4 records inserted in traffic table.
Timer fired: Mon May 11 02:03:31 2026
5 records inserted in traffic table.
Timer fired: Mon May 11 02:03:36 2026
4 records inserted in traffic table.
Timer fired: Mon May 11 02:03:41 2026
3 records inserted in traffic table.
Timer fired: Mon May 11 02:03:46 2026
5 records inserted in traffic table.
Timer fired: Mon May 11 02:03:51 2026
6 records inserted in traffic table.
Timer fired: Mon May 11 02:03:56 2026
6 records inserted in traffic table.
Timer fired: Mon May 11 02:04:01 2026
4 records inserted in traffic table.
Timer fired: Mon May 11 02:04:06 2026
3 records inserted in traffic table.
Timer fired: Mon May 11 02:04:11 2026
2 records inserted in traffic table.
Timer fired: Mon May 11 02:04:16 2026
4 records inserted in traffic table.
Timer fired: Mon May 11 02:04:21 2026
1 records inserted in traffic table.
Timer fired: Mon May 11 02:04:26 2026
6 records inserted in traffic table.
Timer fired: Mon May 11 02:04:31 2026
4 records inserted in traffic table.
Timer fired: Mon May 11 02:04:36 2026
6 records inserted in traffic table.
Timer fired: Mon May 11 02:04:41 2026
1 records inserted in traffic table.
Timer fired: Mon May 11 02:04:46 2026
5 records inserted in traffic table.
Timer fired: Mon May 11 02:04:51 2026
4 records inserted in traffic table.
Timer fired: Mon May 11 02:04:56 2026
7 records inserted in traffic table.
Timer fired: Mon May 11 02:05:01 2026
5 records inserted in traffic table.
Timer fired: Mon May 11 02:05:06 2026
4 records inserted in traffic table.
Timer fired: Mon May 11 02:05:11 2026
2 records inserted in traffic table.
Timer fired: Mon May 11 02:05:16 2026
6 records inserted in traffic table.
Timer fired: Mon May 11 02:05:21 2026
4 records inserted in traffic table.
Timer fired: Mon May 11 02:05:26 2026
4 records inserted in traffic table.
Timer fired: Mon May 11 02:05:31 2026
3 records inserted in traffic table.
Timer fired: Mon May 11 02:05:36 2026
3 records inserted in traffic table.
Timer fired: Mon May 11 02:05:41 2026
3 records inserted in traffic table.
Timer fired: Mon May 11 02:05:46 2026
5 records inserted in traffic table.
Timer fired: Mon May 11 02:05:51 2026
4 records inserted in traffic table.
Timer fired: Mon May 11 02:05:56 2026
6 records inserted in traffic table.
Timer fired: Mon May 11 02:06:01 2026
3 records inserted in traffic table.
Timer fired: Mon May 11 02:06:06 2026
6 records inserted in traffic table.
Timer fired: Mon May 11 02:06:11 2026
2 records inserted in traffic table.
Timer fired: Mon May 11 02:06:16 2026
6 records inserted in traffic table.
Timer fired: Mon May 11 02:06:21 2026
1 records inserted in traffic table.
Timer fired: Mon May 11 02:06:26 2026
4 records inserted in traffic table.
Timer fired: Mon May 11 02:06:31 2026
3 records inserted in traffic table.
Timer fired: Mon May 11 02:06:36 2026
5 records inserted in traffic table.
Timer fired: Mon May 11 02:06:41 2026
3 records inserted in traffic table.
Timer fired: Mon May 11 02:06:46 2026
5 records inserted in traffic table.
Timer fired: Mon May 11 02:06:51 2026
7 records inserted in traffic table.
Timer fired: Mon May 11 02:06:56 2026
7 records inserted in traffic table.
Timer fired: Mon May 11 02:07:01 2026
4 records inserted in traffic table.
Timer fired: Mon May 11 02:07:06 2026
2 records inserted in traffic table.
Timer fired: Mon May 11 02:07:11 2026
1 records inserted in traffic table.
Timer fired: Mon May 11 02:07:16 2026
4 records inserted in traffic table.
Timer fired: Mon May 11 02:07:21 2026
3 records inserted in traffic table.
Timer fired: Mon May 11 02:07:26 2026
5 records inserted in traffic table.
Timer fired: Mon May 11 02:07:31 2026
4 records inserted in traffic table.
Timer fired: Mon May 11 02:07:36 2026
7 records inserted in traffic table.
Timer fired: Mon May 11 02:07:41 2026
3 records inserted in traffic table.
Timer fired: Mon May 11 02:07:46 2026
6 records inserted in traffic table.
Timer fired: Mon May 11 02:07:51 2026
4 records inserted in traffic table.
Timer fired: Mon May 11 02:07:56 2026
6 records inserted in traffic table.
Timer fired: Mon May 11 02:08:01 2026
3 records inserted in traffic table.
Timer fired: Mon May 11 02:08:06 2026
4 records inserted in traffic table.
Timer fired: Mon May 11 02:08:11 2026
2 records inserted in traffic table.
Timer fired: Mon May 11 02:08:16 2026
3 records inserted in traffic table.
Timer fired: Mon May 11 02:08:21 2026
4 records inserted in traffic table.
Timer fired: Mon May 11 02:08:26 2026
4 records inserted in traffic table.
Timer fired: Mon May 11 02:08:31 2026
3 records inserted in traffic table.
Timer fired: Mon May 11 02:08:36 2026
4 records inserted in traffic table.
Timer fired: Mon May 11 02:08:41 2026
2 records inserted in traffic table.
Timer fired: Mon May 11 02:08:46 2026
7 records inserted in traffic table.
Timer fired: Mon May 11 02:08:51 2026
5 records inserted in traffic table.
Timer fired: Mon May 11 02:08:56 2026
6 records inserted in traffic table.
Timer fired: Mon May 11 02:09:01 2026
3 records inserted in traffic table.
Timer fired: Mon May 11 02:09:06 2026
5 records inserted in traffic table.
Timer fired: Mon May 11 02:09:11 2026
2 records inserted in traffic table.
Timer fired: Mon May 11 02:09:16 2026
4 records inserted in traffic table.
Timer fired: Mon May 11 02:09:21 2026
1 records inserted in traffic table.
Timer fired: Mon May 11 02:09:26 2026
4 records inserted in traffic table.
Timer fired: Mon May 11 02:09:31 2026
7 records inserted in traffic table.
Timer fired: Mon May 11 02:09:36 2026
5 records inserted in traffic table.
Timer fired: Mon May 11 02:09:41 2026
1 records inserted in traffic table.
Timer fired: Mon May 11 02:09:46 2026
4 records inserted in traffic table.
Timer fired: Mon May 11 02:09:51 2026
4 records inserted in traffic table.
Timer fired: Mon May 11 02:09:56 2026
9 records inserted in traffic table.
Timer fired: Mon May 11 02:10:01 2026
2 records inserted in traffic table.
Timer fired: Mon May 11 02:10:06 2026
4 records inserted in traffic table.
Timer fired: Mon May 11 02:10:11 2026
2 records inserted in traffic table.
Timer fired: Mon May 11 02:10:16 2026
4 records inserted in traffic table.
Timer fired: Mon May 11 02:10:21 2026
3 records inserted in traffic table.
Timer fired: Mon May 11 02:10:26 2026
5 records inserted in traffic table.
Timer fired: Mon May 11 02:10:31 2026
4 records inserted in traffic table.
Timer fired: Mon May 11 02:10:36 2026
4 records inserted in traffic table.
Timer fired: Mon May 11 02:10:41 2026
4 records inserted in traffic table.
Timer fired: Mon May 11 02:10:46 2026
4 records inserted in traffic table.
Timer fired: Mon May 11 02:10:51 2026
4 records inserted in traffic table.
Timer fired: Mon May 11 02:10:56 2026
7 records inserted in traffic table.
Timer fired: Mon May 11 02:11:01 2026
3 records inserted in traffic table.
Timer fired: Mon May 11 02:11:06 2026
6 records inserted in traffic table.
Timer fired: Mon May 11 02:11:11 2026
3 records inserted in traffic table.
Timer fired: Mon May 11 02:11:16 2026
6 records inserted in traffic table.
Timer fired: Mon May 11 02:11:21 2026
2 records inserted in traffic table.
Timer fired: Mon May 11 02:11:26 2026
7 records inserted in traffic table.
Timer fired: Mon May 11 02:11:31 2026
4 records inserted in traffic table.
Timer fired: Mon May 11 02:11:36 2026
5 records inserted in traffic table.
Timer fired: Mon May 11 02:11:41 2026
2 records inserted in traffic table.
Timer fired: Mon May 11 02:11:46 2026
6 records inserted in traffic table.
Timer fired: Mon May 11 02:11:51 2026
8 records inserted in traffic table.
Timer fired: Mon May 11 02:11:56 2026
6 records inserted in traffic table.
Timer fired: Mon May 11 02:12:01 2026
4 records inserted in traffic table.
Timer fired: Mon May 11 02:12:06 2026
4 records inserted in traffic table.
Timer fired: Mon May 11 02:12:11 2026
3 records inserted in traffic table.
Timer fired: Mon May 11 02:12:16 2026
4 records inserted in traffic table.
Timer fired: Mon May 11 02:12:21 2026
2 records inserted in traffic table.
Timer fired: Mon May 11 02:12:26 2026
4 records inserted in traffic table.
Timer fired: Mon May 11 02:12:31 2026
5 records inserted in traffic table.
Timer fired: Mon May 11 02:12:36 2026
5 records inserted in traffic table.
Timer fired: Mon May 11 02:12:41 2026
1 records inserted in traffic table.
Timer fired: Mon May 11 02:12:46 2026
9 records inserted in traffic table.
Timer fired: Mon May 11 02:12:51 2026
6 records inserted in traffic table.
Timer fired: Mon May 11 02:12:56 2026
9 records inserted in traffic table.
Timer fired: Mon May 11 02:13:01 2026
3 records inserted in traffic table.
Timer fired: Mon May 11 02:13:06 2026
3 records inserted in traffic table.
Timer fired: Mon May 11 02:13:11 2026
5 records inserted in traffic table.
Timer fired: Mon May 11 02:13:16 2026
4 records inserted in traffic table.
Timer fired: Mon May 11 02:13:21 2026
2 records inserted in traffic table.
Timer fired: Mon May 11 02:13:26 2026
4 records inserted in traffic table.
Timer fired: Mon May 11 02:13:31 2026
4 records inserted in traffic table.
Timer fired: Mon May 11 02:13:36 2026
4 records inserted in traffic table.
Timer fired: Mon May 11 02:13:41 2026
4 records inserted in traffic table.
Timer fired: Mon May 11 02:13:46 2026
6 records inserted in traffic table.
Timer fired: Mon May 11 02:13:51 2026
4 records inserted in traffic table.
Timer fired: Mon May 11 02:13:56 2026
7 records inserted in traffic table.
Timer fired: Mon May 11 02:14:01 2026
5 records inserted in traffic table.
Timer fired: Mon May 11 02:14:06 2026
1 records inserted in traffic table.
Timer fired: Mon May 11 02:14:11 2026
2 records inserted in traffic table.
Timer fired: Mon May 11 02:14:16 2026
4 records inserted in traffic table.
Timer fired: Mon May 11 02:14:21 2026
2 records inserted in traffic table.
Timer fired: Mon May 11 02:14:26 2026
10 records inserted in traffic table.
Timer fired: Mon May 11 02:14:31 2026
6 records inserted in traffic table.
Timer fired: Mon May 11 02:14:36 2026
5 records inserted in traffic table.
Timer fired: Mon May 11 02:14:41 2026
2 records inserted in traffic table.
Timer fired: Mon May 11 02:14:46 2026
8 records inserted in traffic table.
Timer fired: Mon May 11 02:14:51 2026
3 records inserted in traffic table.
Timer fired: Mon May 11 02:14:56 2026
7 records inserted in traffic table.
Timer fired: Mon May 11 02:15:01 2026
2 records inserted in traffic table.
Timer fired: Mon May 11 02:15:06 2026
4 records inserted in traffic table.
Timer fired: Mon May 11 02:15:11 2026
8 records inserted in traffic table.
Timer fired: Mon May 11 02:15:16 2026
10 records inserted in traffic table.
Timer fired: Mon May 11 02:15:21 2026
2 records inserted in traffic table.
Timer fired: Mon May 11 02:15:26 2026
5 records inserted in traffic table.
Timer fired: Mon May 11 02:15:31 2026
6 records inserted in traffic table.
Timer fired: Mon May 11 02:15:36 2026
4 records inserted in traffic table.
Timer fired: Mon May 11 02:15:41 2026
2 records inserted in traffic table.
Timer fired: Mon May 11 02:15:46 2026
5 records inserted in traffic table.
Timer fired: Mon May 11 02:15:51 2026
4 records inserted in traffic table.
Timer fired: Mon May 11 02:15:56 2026
11 records inserted in traffic table.
Timer fired: Mon May 11 02:16:01 2026
3 records inserted in traffic table.
Timer fired: Mon May 11 02:16:06 2026
5 records inserted in traffic table.
Timer fired: Mon May 11 02:16:11 2026
2 records inserted in traffic table.
Timer fired: Mon May 11 02:16:16 2026
5 records inserted in traffic table.
Timer fired: Mon May 11 02:16:21 2026
4 records inserted in traffic table.
Timer fired: Mon May 11 02:16:26 2026
6 records inserted in traffic table.
Timer fired: Mon May 11 02:16:31 2026
5 records inserted in traffic table.
Timer fired: Mon May 11 02:16:36 2026
7 records inserted in traffic table.
Timer fired: Mon May 11 02:16:41 2026
1 records inserted in traffic table.
Timer fired: Mon May 11 02:16:46 2026
4 records inserted in traffic table.
Timer fired: Mon May 11 02:16:51 2026
6 records inserted in traffic table.
Timer fired: Mon May 11 02:16:56 2026
9 records inserted in traffic table.
Timer fired: Mon May 11 02:17:01 2026
3 records inserted in traffic table.
Timer fired: Mon May 11 02:17:06 2026
3 records inserted in traffic table.
Timer fired: Mon May 11 02:17:11 2026
3 records inserted in traffic table.
Timer fired: Mon May 11 02:17:16 2026
5 records inserted in traffic table.
Timer fired: Mon May 11 02:17:21 2026
1 records inserted in traffic table.
Timer fired: Mon May 11 02:17:26 2026
6 records inserted in traffic table.
Timer fired: Mon May 11 02:17:31 2026
3 records inserted in traffic table.
Timer fired: Mon May 11 02:17:36 2026
4 records inserted in traffic table.
Timer fired: Mon May 11 02:17:41 2026
1 records inserted in traffic table.
Timer fired: Mon May 11 02:17:46 2026
9 records inserted in traffic table.
Timer fired: Mon May 11 02:17:51 2026
4 records inserted in traffic table.
Timer fired: Mon May 11 02:17:56 2026
7 records inserted in traffic table.
Timer fired: Mon May 11 02:18:01 2026
5 records inserted in traffic table.
Timer fired: Mon May 11 02:18:06 2026
2 records inserted in traffic table.
Timer fired: Mon May 11 02:18:11 2026
5 records inserted in traffic table.
Timer fired: Mon May 11 02:18:16 2026
3 records inserted in traffic table.
Timer fired: Mon May 11 02:18:21 2026
2 records inserted in traffic table.
Timer fired: Mon May 11 02:18:26 2026
5 records inserted in traffic table.
Timer fired: Mon May 11 02:18:31 2026
4 records inserted in traffic table.
Timer fired: Mon May 11 02:18:36 2026
5 records inserted in traffic table.
Timer fired: Mon May 11 02:18:41 2026
2 records inserted in traffic table.
Timer fired: Mon May 11 02:18:46 2026
6 records inserted in traffic table.
Timer fired: Mon May 11 02:18:51 2026
5 records inserted in traffic table.
Timer fired: Mon May 11 02:18:56 2026
9 records inserted in traffic table.
Timer fired: Mon May 11 02:19:01 2026
3 records inserted in traffic table.
Timer fired: Mon May 11 02:19:06 2026
2 records inserted in traffic table.
Timer fired: Mon May 11 02:19:11 2026
4 records inserted in traffic table.
Timer fired: Mon May 11 02:19:16 2026
4 records inserted in traffic table.
Timer fired: Mon May 11 02:19:21 2026
4 records inserted in traffic table.
Timer fired: Mon May 11 02:19:26 2026
4 records inserted in traffic table.
Timer fired: Mon May 11 02:19:31 2026
3 records inserted in traffic table.
Timer fired: Mon May 11 02:19:36 2026
4 records inserted in traffic table.
Timer fired: Mon May 11 02:19:41 2026
4 records inserted in traffic table.
Timer fired: Mon May 11 02:19:46 2026
5 records inserted in traffic table.
Timer fired: Mon May 11 02:19:51 2026
4 records inserted in traffic table.
Timer fired: Mon May 11 02:19:56 2026
8 records inserted in traffic table.
Timer fired: Mon May 11 02:20:01 2026
3 records inserted in traffic table.
Timer fired: Mon May 11 02:20:06 2026
6 records inserted in traffic table.
Timer fired: Mon May 11 02:20:11 2026
3 records inserted in traffic table.
Timer fired: Mon May 11 02:20:16 2026
3 records inserted in traffic table.
Timer fired: Mon May 11 02:20:21 2026
1 records inserted in traffic table.
Timer fired: Mon May 11 02:20:26 2026
8 records inserted in traffic table.
Timer fired: Mon May 11 02:20:31 2026
3 records inserted in traffic table.
Timer fired: Mon May 11 02:20:36 2026
4 records inserted in traffic table.
Timer fired: Mon May 11 02:20:41 2026
4 records inserted in traffic table.
Timer fired: Mon May 11 02:20:46 2026
4 records inserted in traffic table.
Timer fired: Mon May 11 02:20:51 2026
5 records inserted in traffic table.
Timer fired: Mon May 11 02:20:56 2026
7 records inserted in traffic table.
Timer fired: Mon May 11 02:21:01 2026
3 records inserted in traffic table.
Timer fired: Mon May 11 02:21:06 2026
3 records inserted in traffic table.
Timer fired: Mon May 11 02:21:11 2026
6 records inserted in traffic table.
Timer fired: Mon May 11 02:21:16 2026
4 records inserted in traffic table.
Timer fired: Mon May 11 02:21:21 2026
2 records inserted in traffic table.
Timer fired: Mon May 11 02:21:26 2026
5 records inserted in traffic table.
Timer fired: Mon May 11 02:21:31 2026
3 records inserted in traffic table.
Timer fired: Mon May 11 02:21:36 2026
7 records inserted in traffic table.
Timer fired: Mon May 11 02:21:41 2026
2 records inserted in traffic table.
Timer fired: Mon May 11 02:21:46 2026
6 records inserted in traffic table.
Timer fired: Mon May 11 02:21:51 2026
4 records inserted in traffic table.
Timer fired: Mon May 11 02:21:56 2026
10 records inserted in traffic table.
Timer fired: Mon May 11 02:22:01 2026
4 records inserted in traffic table.
Timer fired: Mon May 11 02:22:06 2026
3 records inserted in traffic table.
Timer fired: Mon May 11 02:22:11 2026
4 records inserted in traffic table.
Timer fired: Mon May 11 02:22:16 2026
3 records inserted in traffic table.
Timer fired: Mon May 11 02:22:21 2026
1 records inserted in traffic table.
Timer fired: Mon May 11 02:22:26 2026
4 records inserted in traffic table.
Timer fired: Mon May 11 02:22:31 2026
3 records inserted in traffic table.
Timer fired: Mon May 11 02:22:36 2026
5 records inserted in traffic table.
Timer fired: Mon May 11 02:22:41 2026
5 records inserted in traffic table.
Timer fired: Mon May 11 02:22:46 2026
5 records inserted in traffic table.
Timer fired: Mon May 11 02:22:51 2026
6 records inserted in traffic table.
Timer fired: Mon May 11 02:22:56 2026
9 records inserted in traffic table.
Timer fired: Mon May 11 02:23:01 2026
4 records inserted in traffic table.
Timer fired: Mon May 11 02:23:06 2026
1 records inserted in traffic table.
Timer fired: Mon May 11 02:23:11 2026
3 records inserted in traffic table.
Timer fired: Mon May 11 02:23:16 2026
5 records inserted in traffic table.
Timer fired: Mon May 11 02:23:21 2026
2 records inserted in traffic table.
Timer fired: Mon May 11 02:23:26 2026
6 records inserted in traffic table.
Timer fired: Mon May 11 02:23:31 2026
4 records inserted in traffic table.
Timer fired: Mon May 11 02:23:36 2026
3 records inserted in traffic table.
Timer fired: Mon May 11 02:23:41 2026
3 records inserted in traffic table.
Timer fired: Mon May 11 02:23:46 2026
5 records inserted in traffic table.
Timer fired: Mon May 11 02:23:51 2026
5 records inserted in traffic table.
Timer fired: Mon May 11 02:23:56 2026
8 records inserted in traffic table.
Timer fired: Mon May 11 02:24:01 2026
3 records inserted in traffic table.
Timer fired: Mon May 11 02:24:06 2026
1 records inserted in traffic table.
Timer fired: Mon May 11 02:24:11 2026
4 records inserted in traffic table.
Timer fired: Mon May 11 02:24:16 2026
5 records inserted in traffic table.
Timer fired: Mon May 11 02:24:21 2026
3 records inserted in traffic table.
Timer fired: Mon May 11 02:24:26 2026
5 records inserted in traffic table.
Timer fired: Mon May 11 02:24:31 2026
3 records inserted in traffic table.
Timer fired: Mon May 11 02:24:36 2026
4 records inserted in traffic table.
Timer fired: Mon May 11 02:24:41 2026
2 records inserted in traffic table.
Timer fired: Mon May 11 02:24:46 2026
4 records inserted in traffic table.
Timer fired: Mon May 11 02:24:51 2026
4 records inserted in traffic table.
Timer fired: Mon May 11 02:24:56 2026
10 records inserted in traffic table.
Timer fired: Mon May 11 02:25:01 2026
4 records inserted in traffic table.
Timer fired: Mon May 11 02:25:06 2026
2 records inserted in traffic table.
Timer fired: Mon May 11 02:25:11 2026
4 records inserted in traffic table.
Timer fired: Mon May 11 02:25:16 2026
5 records inserted in traffic table.
Timer fired: Mon May 11 02:25:21 2026
2 records inserted in traffic table.
Timer fired: Mon May 11 02:25:26 2026
4 records inserted in traffic table.
Timer fired: Mon May 11 02:25:31 2026
5 records inserted in traffic table.
Timer fired: Mon May 11 02:25:36 2026
4 records inserted in traffic table.
Timer fired: Mon May 11 02:25:41 2026
3 records inserted in traffic table.
Timer fired: Mon May 11 02:25:46 2026
4 records inserted in traffic table.
Timer fired: Mon May 11 02:25:51 2026
3 records inserted in traffic table.
Timer fired: Mon May 11 02:25:56 2026
8 records inserted in traffic table.
Timer fired: Mon May 11 02:26:01 2026
2 records inserted in traffic table.
Timer fired: Mon May 11 02:26:06 2026
3 records inserted in traffic table.
Timer fired: Mon May 11 02:26:11 2026
4 records inserted in traffic table.
Timer fired: Mon May 11 02:26:16 2026
4 records inserted in traffic table.
Timer fired: Mon May 11 02:26:21 2026
2 records inserted in traffic table.
Timer fired: Mon May 11 02:26:26 2026
6 records inserted in traffic table.
Timer fired: Mon May 11 02:26:31 2026
5 records inserted in traffic table.
Timer fired: Mon May 11 02:26:36 2026
7 records inserted in traffic table.
Timer fired: Mon May 11 02:26:41 2026
2 records inserted in traffic table.
Timer fired: Mon May 11 02:26:46 2026
6 records inserted in traffic table.
Timer fired: Mon May 11 02:26:51 2026
5 records inserted in traffic table.
Timer fired: Mon May 11 02:26:56 2026
8 records inserted in traffic table.
Timer fired: Mon May 11 02:27:01 2026
4 records inserted in traffic table.
Timer fired: Mon May 11 02:27:06 2026
4 records inserted in traffic table.
Timer fired: Mon May 11 02:27:11 2026
5 records inserted in traffic table.
Timer fired: Mon May 11 02:27:16 2026
3 records inserted in traffic table.
Timer fired: Mon May 11 02:27:21 2026
1 records inserted in traffic table.
Timer fired: Mon May 11 02:27:26 2026
5 records inserted in traffic table.
Timer fired: Mon May 11 02:27:31 2026
4 records inserted in traffic table.
Timer fired: Mon May 11 02:27:36 2026
7 records inserted in traffic table.
Timer fired: Mon May 11 02:27:41 2026
3 records inserted in traffic table.
Timer fired: Mon May 11 02:27:46 2026
4 records inserted in traffic table.
Timer fired: Mon May 11 02:27:51 2026
6 records inserted in traffic table.
Timer fired: Mon May 11 02:27:56 2026
9 records inserted in traffic table.
Timer fired: Mon May 11 02:28:01 2026
3 records inserted in traffic table.
Timer fired: Mon May 11 02:28:06 2026
2 records inserted in traffic table.
Timer fired: Mon May 11 02:28:11 2026
5 records inserted in traffic table.
Timer fired: Mon May 11 02:28:16 2026
3 records inserted in traffic table.
Timer fired: Mon May 11 02:28:21 2026
3 records inserted in traffic table.
Timer fired: Mon May 11 02:28:26 2026
5 records inserted in traffic table.
Timer fired: Mon May 11 02:28:31 2026
4 records inserted in traffic table.
Timer fired: Mon May 11 02:28:36 2026
3 records inserted in traffic table.
Timer fired: Mon May 11 02:28:41 2026
4 records inserted in traffic table.
Timer fired: Mon May 11 02:28:46 2026
5 records inserted in traffic table.
Timer fired: Mon May 11 02:28:51 2026
4 records inserted in traffic table.
Timer fired: Mon May 11 02:28:56 2026
8 records inserted in traffic table.
Timer fired: Mon May 11 02:29:01 2026
5 records inserted in traffic table.
Timer fired: Mon May 11 02:29:06 2026
3 records inserted in traffic table.
Timer fired: Mon May 11 02:29:11 2026
3 records inserted in traffic table.
Timer fired: Mon May 11 02:29:16 2026
4 records inserted in traffic table.
Timer fired: Mon May 11 02:29:21 2026
3 records inserted in traffic table.
Timer fired: Mon May 11 02:29:26 2026
8 records inserted in traffic table.
Timer fired: Mon May 11 02:29:31 2026
4 records inserted in traffic table.
Timer fired: Mon May 11 02:29:36 2026
4 records inserted in traffic table.
Timer fired: Mon May 11 02:29:41 2026
2 records inserted in traffic table.
Timer fired: Mon May 11 02:29:46 2026
6 records inserted in traffic table.
Timer fired: Mon May 11 02:29:51 2026
5 records inserted in traffic table.
Timer fired: Mon May 11 02:29:56 2026
6 records inserted in traffic table.
Timer fired: Mon May 11 02:30:01 2026
4 records inserted in traffic table.
Timer fired: Mon May 11 02:30:06 2026
4 records inserted in traffic table.
Timer fired: Mon May 11 02:30:11 2026
5 records inserted in traffic table.
Timer fired: Mon May 11 02:30:16 2026
9 records inserted in traffic table.
Timer fired: Mon May 11 02:30:21 2026
1 records inserted in traffic table.
Timer fired: Mon May 11 02:30:26 2026
5 records inserted in traffic table.
Timer fired: Mon May 11 02:30:31 2026
3 records inserted in traffic table.
Timer fired: Mon May 11 02:30:36 2026
2 records inserted in traffic table.
Timer fired: Mon May 11 02:30:41 2026
1 records inserted in traffic table.
Timer fired: Mon May 11 02:30:46 2026
6 records inserted in traffic table.
Timer fired: Mon May 11 02:30:51 2026
5 records inserted in traffic table.
Timer fired: Mon May 11 02:30:56 2026
8 records inserted in traffic table.
Timer fired: Mon May 11 02:31:01 2026
3 records inserted in traffic table.
Timer fired: Mon May 11 02:31:06 2026
4 records inserted in traffic table.
Timer fired: Mon May 11 02:31:11 2026
3 records inserted in traffic table.
Timer fired: Mon May 11 02:31:16 2026
4 records inserted in traffic table.
Timer fired: Mon May 11 02:31:21 2026
2 records inserted in traffic table.
Timer fired: Mon May 11 02:31:26 2026
5 records inserted in traffic table.
Timer fired: Mon May 11 02:31:31 2026
3 records inserted in traffic table.
Timer fired: Mon May 11 02:31:36 2026
8 records inserted in traffic table.
Timer fired: Mon May 11 02:31:41 2026
2 records inserted in traffic table.
Timer fired: Mon May 11 02:31:46 2026
6 records inserted in traffic table.
Timer fired: Mon May 11 02:31:51 2026
4 records inserted in traffic table.
Timer fired: Mon May 11 02:31:56 2026
7 records inserted in traffic table.
Timer fired: Mon May 11 02:32:01 2026
5 records inserted in traffic table.
Timer fired: Mon May 11 02:32:06 2026
3 records inserted in traffic table.
Timer fired: Mon May 11 02:32:11 2026
4 records inserted in traffic table.
Timer fired: Mon May 11 02:32:16 2026
3 records inserted in traffic table.
Timer fired: Mon May 11 02:32:21 2026
1 records inserted in traffic table.
Timer fired: Mon May 11 02:32:26 2026
9 records inserted in traffic table.
Timer fired: Mon May 11 02:32:31 2026
6 records inserted in traffic table.
Timer fired: Mon May 11 02:32:36 2026
1 records inserted in traffic table.
Timer fired: Mon May 11 02:32:41 2026
1 records inserted in traffic table.
Timer fired: Mon May 11 02:32:46 2026
6 records inserted in traffic table.
Timer fired: Mon May 11 02:32:51 2026
7 records inserted in traffic table.
Timer fired: Mon May 11 02:32:56 2026
6 records inserted in traffic table.
Timer fired: Mon May 11 02:33:01 2026
3 records inserted in traffic table.
Timer fired: Mon May 11 02:33:06 2026
3 records inserted in traffic table.
Timer fired: Mon May 11 02:33:11 2026
8 records inserted in traffic table.
Timer fired: Mon May 11 02:33:16 2026
3 records inserted in traffic table.
Timer fired: Mon May 11 02:33:21 2026
2 records inserted in traffic table.
Timer fired: Mon May 11 02:33:26 2026
6 records inserted in traffic table.
Timer fired: Mon May 11 02:33:31 2026
5 records inserted in traffic table.
Timer fired: Mon May 11 02:33:36 2026
3 records inserted in traffic table.
Timer fired: Mon May 11 02:33:41 2026
1 records inserted in traffic table.
Timer fired: Mon May 11 02:33:46 2026
5 records inserted in traffic table.
Timer fired: Mon May 11 02:33:51 2026
6 records inserted in traffic table.
Timer fired: Mon May 11 02:33:56 2026
6 records inserted in traffic table.
Timer fired: Mon May 11 02:34:01 2026
4 records inserted in traffic table.
Timer fired: Mon May 11 02:34:06 2026
2 records inserted in traffic table.
Timer fired: Mon May 11 02:34:11 2026
4 records inserted in traffic table.
Timer fired: Mon May 11 02:34:16 2026
1 records inserted in traffic table.
Timer fired: Mon May 11 02:34:21 2026
2 records inserted in traffic table.
Timer fired: Mon May 11 02:34:26 2026
5 records inserted in traffic table.
Timer fired: Mon May 11 02:34:31 2026
4 records inserted in traffic table.
Timer fired: Mon May 11 02:34:36 2026
3 records inserted in traffic table.
Timer fired: Mon May 11 02:34:41 2026
3 records inserted in traffic table.
Timer fired: Mon May 11 02:34:46 2026
5 records inserted in traffic table.
Timer fired: Mon May 11 02:34:51 2026
4 records inserted in traffic table.
Timer fired: Mon May 11 02:34:56 2026
5 records inserted in traffic table.
Timer fired: Mon May 11 02:35:01 2026
6 records inserted in traffic table.
Timer fired: Mon May 11 02:35:06 2026
6 records inserted in traffic table.
Timer fired: Mon May 11 02:35:11 2026
4 records inserted in traffic table.
Timer fired: Mon May 11 02:35:16 2026
2 records inserted in traffic table.
Timer fired: Mon May 11 02:35:21 2026
2 records inserted in traffic table.
Timer fired: Mon May 11 02:35:26 2026
7 records inserted in traffic table.
Timer fired: Mon May 11 02:35:31 2026
4 records inserted in traffic table.
Timer fired: Mon May 11 02:35:36 2026
3 records inserted in traffic table.
Timer fired: Mon May 11 02:35:41 2026
2 records inserted in traffic table.
Timer fired: Mon May 11 02:35:46 2026
8 records inserted in traffic table.
Timer fired: Mon May 11 02:35:51 2026
5 records inserted in traffic table.
Timer fired: Mon May 11 02:35:56 2026
6 records inserted in traffic table.
Timer fired: Mon May 11 02:36:01 2026
2 records inserted in traffic table.
Timer fired: Mon May 11 02:36:06 2026
4 records inserted in traffic table.
Timer fired: Mon May 11 02:36:11 2026
7 records inserted in traffic table.
Timer fired: Mon May 11 02:36:16 2026
2 records inserted in traffic table.
Timer fired: Mon May 11 02:36:21 2026
2 records inserted in traffic table.
Timer fired: Mon May 11 02:36:26 2026
6 records inserted in traffic table.
Timer fired: Mon May 11 02:36:31 2026
4 records inserted in traffic table.
Timer fired: Mon May 11 02:36:36 2026
5 records inserted in traffic table.
Timer fired: Mon May 11 02:36:41 2026
2 records inserted in traffic table.
Timer fired: Mon May 11 02:36:46 2026
6 records inserted in traffic table.
Timer fired: Mon May 11 02:36:51 2026
5 records inserted in traffic table.
Timer fired: Mon May 11 02:36:56 2026
8 records inserted in traffic table.
Timer fired: Mon May 11 02:37:01 2026
3 records inserted in traffic table.
Timer fired: Mon May 11 02:37:06 2026
5 records inserted in traffic table.
Timer fired: Mon May 11 02:37:11 2026
4 records inserted in traffic table.
Timer fired: Mon May 11 02:37:16 2026
1 records inserted in traffic table.
Timer fired: Mon May 11 02:37:21 2026
3 records inserted in traffic table.
Timer fired: Mon May 11 02:37:26 2026
5 records inserted in traffic table.
Timer fired: Mon May 11 02:37:31 2026
5 records inserted in traffic table.
Timer fired: Mon May 11 02:37:36 2026
3 records inserted in traffic table.
Timer fired: Mon May 11 02:37:41 2026
5 records inserted in traffic table.
Timer fired: Mon May 11 02:37:46 2026
5 records inserted in traffic table.
Timer fired: Mon May 11 02:37:51 2026
6 records inserted in traffic table.
Timer fired: Mon May 11 02:37:56 2026
5 records inserted in traffic table.
Timer fired: Mon May 11 02:38:01 2026
3 records inserted in traffic table.
Timer fired: Mon May 11 02:38:06 2026
6 records inserted in traffic table.
Timer fired: Mon May 11 02:38:11 2026
4 records inserted in traffic table.
Timer fired: Mon May 11 02:38:16 2026
2 records inserted in traffic table.
Timer fired: Mon May 11 02:38:21 2026
2 records inserted in traffic table.
Timer fired: Mon May 11 02:38:26 2026
9 records inserted in traffic table.
Timer fired: Mon May 11 02:38:31 2026
5 records inserted in traffic table.
Timer fired: Mon May 11 02:38:36 2026
1 records inserted in traffic table.
Timer fired: Mon May 11 02:38:41 2026
2 records inserted in traffic table.
Timer fired: Mon May 11 02:38:46 2026
6 records inserted in traffic table.
Timer fired: Mon May 11 02:38:51 2026
8 records inserted in traffic table.
Timer fired: Mon May 11 02:38:56 2026
5 records inserted in traffic table.
Timer fired: Mon May 11 02:39:01 2026
3 records inserted in traffic table.
Timer fired: Mon May 11 02:39:06 2026
3 records inserted in traffic table.
Timer fired: Mon May 11 02:39:11 2026
5 records inserted in traffic table.
Timer fired: Mon May 11 02:39:16 2026
2 records inserted in traffic table.
Timer fired: Mon May 11 02:39:21 2026
2 records inserted in traffic table.
Timer fired: Mon May 11 02:39:26 2026
5 records inserted in traffic table.
Timer fired: Mon May 11 02:39:31 2026
4 records inserted in traffic table.
Timer fired: Mon May 11 02:39:36 2026
5 records inserted in traffic table.
Timer fired: Mon May 11 02:39:41 2026
3 records inserted in traffic table.
Timer fired: Mon May 11 02:39:46 2026
7 records inserted in traffic table.
Timer fired: Mon May 11 02:39:51 2026
4 records inserted in traffic table.
Timer fired: Mon May 11 02:39:56 2026
7 records inserted in traffic table.
Timer fired: Mon May 11 02:40:01 2026
5 records inserted in traffic table.
Timer fired: Mon May 11 02:40:06 2026
4 records inserted in traffic table.
Timer fired: Mon May 11 02:40:11 2026
4 records inserted in traffic table.
Timer fired: Mon May 11 02:40:16 2026
2 records inserted in traffic table.
Timer fired: Mon May 11 02:40:21 2026
1 records inserted in traffic table.
Timer fired: Mon May 11 02:40:26 2026
6 records inserted in traffic table.
Timer fired: Mon May 11 02:40:31 2026
4 records inserted in traffic table.
Timer fired: Mon May 11 02:40:36 2026
2 records inserted in traffic table.
Timer fired: Mon May 11 02:40:41 2026
5 records inserted in traffic table.
Timer fired: Mon May 11 02:40:46 2026
6 records inserted in traffic table.
Timer fired: Mon May 11 02:40:51 2026
4 records inserted in traffic table.
Timer fired: Mon May 11 02:40:56 2026
6 records inserted in traffic table.
Timer fired: Mon May 11 02:41:01 2026
4 records inserted in traffic table.
Timer fired: Mon May 11 02:41:06 2026
4 records inserted in traffic table.
Timer fired: Mon May 11 02:41:11 2026
4 records inserted in traffic table.
Timer fired: Mon May 11 02:41:16 2026
4 records inserted in traffic table.
Timer fired: Mon May 11 02:41:21 2026
3 records inserted in traffic table.
Timer fired: Mon May 11 02:41:26 2026
8 records inserted in traffic table.
Timer fired: Mon May 11 02:41:31 2026
4 records inserted in traffic table.
Timer fired: Mon May 11 02:41:36 2026
3 records inserted in traffic table.
Timer fired: Mon May 11 02:41:41 2026
2 records inserted in traffic table.
Timer fired: Mon May 11 02:41:46 2026
6 records inserted in traffic table.
Timer fired: Mon May 11 02:41:51 2026
4 records inserted in traffic table.
Timer fired: Mon May 11 02:41:56 2026
5 records inserted in traffic table.
Timer fired: Mon May 11 02:42:01 2026
2 records inserted in traffic table.
Timer fired: Mon May 11 02:42:06 2026
5 records inserted in traffic table.
Timer fired: Mon May 11 02:42:11 2026
6 records inserted in traffic table.
Timer fired: Mon May 11 02:42:16 2026
1 records inserted in traffic table.
Timer fired: Mon May 11 02:42:21 2026
1 records inserted in traffic table.
Timer fired: Mon May 11 02:42:26 2026
5 records inserted in traffic table.
Timer fired: Mon May 11 02:42:31 2026
6 records inserted in traffic table.
Timer fired: Mon May 11 02:42:36 2026
1 records inserted in traffic table.
Timer fired: Mon May 11 02:42:41 2026
1 records inserted in traffic table.
Timer fired: Mon May 11 02:42:46 2026
5 records inserted in traffic table.
Timer fired: Mon May 11 02:42:51 2026
7 records inserted in traffic table.
Timer fired: Mon May 11 02:42:56 2026
8 records inserted in traffic table.
Timer fired: Mon May 11 02:43:01 2026
4 records inserted in traffic table.
Timer fired: Mon May 11 02:43:06 2026
3 records inserted in traffic table.
Timer fired: Mon May 11 02:43:11 2026
3 records inserted in traffic table.
Timer fired: Mon May 11 02:43:16 2026
4 records inserted in traffic table.
Timer fired: Mon May 11 02:43:21 2026
2 records inserted in traffic table.
Timer fired: Mon May 11 02:43:26 2026
6 records inserted in traffic table.
Timer fired: Mon May 11 02:43:31 2026
6 records inserted in traffic table.
Timer fired: Mon May 11 02:43:36 2026
4 records inserted in traffic table.
Timer fired: Mon May 11 02:43:41 2026
4 records inserted in traffic table.
Timer fired: Mon May 11 02:43:46 2026
5 records inserted in traffic table.
Timer fired: Mon May 11 02:43:51 2026
5 records inserted in traffic table.
Timer fired: Mon May 11 02:43:56 2026
5 records inserted in traffic table.
Timer fired: Mon May 11 02:44:01 2026
4 records inserted in traffic table.
Timer fired: Mon May 11 02:44:06 2026
3 records inserted in traffic table.
Timer fired: Mon May 11 02:44:11 2026
4 records inserted in traffic table.
Timer fired: Mon May 11 02:44:16 2026
1 records inserted in traffic table.
Timer fired: Mon May 11 02:44:21 2026
3 records inserted in traffic table.
Timer fired: Mon May 11 02:44:26 2026
10 records inserted in traffic table.
Timer fired: Mon May 11 02:44:31 2026
7 records inserted in traffic table.
Timer fired: Mon May 11 02:44:36 2026
2 records inserted in traffic table.
Timer fired: Mon May 11 02:44:41 2026
1 records inserted in traffic table.
Timer fired: Mon May 11 02:44:46 2026
8 records inserted in traffic table.
Timer fired: Mon May 11 02:44:51 2026
4 records inserted in traffic table.
Timer fired: Mon May 11 02:44:56 2026
6 records inserted in traffic table.
Timer fired: Mon May 11 02:45:01 2026
5 records inserted in traffic table.
Timer fired: Mon May 11 02:45:06 2026
4 records inserted in traffic table.
Timer fired: Mon May 11 02:45:11 2026
6 records inserted in traffic table.
Timer fired: Mon May 11 02:45:16 2026
3 records inserted in traffic table.
Timer fired: Mon May 11 02:45:21 2026
2 records inserted in traffic table.
Timer fired: Mon May 11 02:45:26 2026
5 records inserted in traffic table.
Timer fired: Mon May 11 02:45:31 2026
5 records inserted in traffic table.
Timer fired: Mon May 11 02:45:36 2026
4 records inserted in traffic table.
Timer fired: Mon May 11 02:45:41 2026
2 records inserted in traffic table.
Timer fired: Mon May 11 02:45:46 2026
6 records inserted in traffic table.
Timer fired: Mon May 11 02:45:51 2026
4 records inserted in traffic table.
Timer fired: Mon May 11 02:45:56 2026
8 records inserted in traffic table.
Timer fired: Mon May 11 02:46:01 2026
2 records inserted in traffic table.
Timer fired: Mon May 11 02:46:06 2026
4 records inserted in traffic table.
Timer fired: Mon May 11 02:46:11 2026
4 records inserted in traffic table.
Timer fired: Mon May 11 02:46:16 2026
2 records inserted in traffic table.
Timer fired: Mon May 11 02:46:21 2026
4 records inserted in traffic table.
Timer fired: Mon May 11 02:46:26 2026
6 records inserted in traffic table.
Timer fired: Mon May 11 02:46:31 2026
4 records inserted in traffic table.
Timer fired: Mon May 11 02:46:36 2026
5 records inserted in traffic table.
Timer fired: Mon May 11 02:46:41 2026
2 records inserted in traffic table.
Timer fired: Mon May 11 02:46:46 2026
7 records inserted in traffic table.
Timer fired: Mon May 11 02:46:51 2026
4 records inserted in traffic table.
Timer fired: Mon May 11 02:46:56 2026
6 records inserted in traffic table.
Timer fired: Mon May 11 02:47:01 2026
2 records inserted in traffic table.
Timer fired: Mon May 11 02:47:06 2026
5 records inserted in traffic table.
Timer fired: Mon May 11 02:47:11 2026
5 records inserted in traffic table.
Timer fired: Mon May 11 02:47:16 2026
2 records inserted in traffic table.
Timer fired: Mon May 11 02:47:21 2026
2 records inserted in traffic table.
Timer fired: Mon May 11 02:47:26 2026
8 records inserted in traffic table.
Timer fired: Mon May 11 02:47:31 2026
6 records inserted in traffic table.
Timer fired: Mon May 11 02:47:36 2026
2 records inserted in traffic table.
Timer fired: Mon May 11 02:47:41 2026
3 records inserted in traffic table.
Timer fired: Mon May 11 02:47:46 2026
5 records inserted in traffic table.
Timer fired: Mon May 11 02:47:51 2026
8 records inserted in traffic table.
Timer fired: Mon May 11 02:47:56 2026
7 records inserted in traffic table.
Timer fired: Mon May 11 02:48:01 2026
2 records inserted in traffic table.
Timer fired: Mon May 11 02:48:06 2026
3 records inserted in traffic table.
Timer fired: Mon May 11 02:48:11 2026
7 records inserted in traffic table.
Timer fired: Mon May 11 02:48:16 2026
2 records inserted in traffic table.
Timer fired: Mon May 11 02:48:21 2026
1 records inserted in traffic table.
Timer fired: Mon May 11 02:48:26 2026
6 records inserted in traffic table.
Timer fired: Mon May 11 02:48:31 2026
6 records inserted in traffic table.
Timer fired: Mon May 11 02:48:36 2026
4 records inserted in traffic table.
Timer fired: Mon May 11 02:48:41 2026
1 records inserted in traffic table.
Timer fired: Mon May 11 02:48:46 2026
7 records inserted in traffic table.
Timer fired: Mon May 11 02:48:51 2026
4 records inserted in traffic table.
Timer fired: Mon May 11 02:48:56 2026
9 records inserted in traffic table.
Timer fired: Mon May 11 02:49:01 2026
5 records inserted in traffic table.
Timer fired: Mon May 11 02:49:06 2026
3 records inserted in traffic table.
Timer fired: Mon May 11 02:49:11 2026
3 records inserted in traffic table.
Timer fired: Mon May 11 02:49:16 2026
2 records inserted in traffic table.
Timer fired: Mon May 11 02:49:21 2026
3 records inserted in traffic table.
Timer fired: Mon May 11 02:49:26 2026
6 records inserted in traffic table.
Timer fired: Mon May 11 02:49:31 2026
6 records inserted in traffic table.
Timer fired: Mon May 11 02:49:36 2026
2 records inserted in traffic table.
Timer fired: Mon May 11 02:49:41 2026
4 records inserted in traffic table.
Timer fired: Mon May 11 02:49:46 2026
5 records inserted in traffic table.
Timer fired: Mon May 11 02:49:51 2026
5 records inserted in traffic table.
Timer fired: Mon May 11 02:49:56 2026
6 records inserted in traffic table.
Timer fired: Mon May 11 02:50:01 2026
4 records inserted in traffic table.
Timer fired: Mon May 11 02:50:06 2026
2 records inserted in traffic table.
Timer fired: Mon May 11 02:50:11 2026
3 records inserted in traffic table.
Timer fired: Mon May 11 02:50:16 2026
6 records inserted in traffic table.
Timer fired: Mon May 11 02:50:21 2026
1 records inserted in traffic table.
Timer fired: Mon May 11 02:50:26 2026
8 records inserted in traffic table.
Timer fired: Mon May 11 02:50:31 2026
6 records inserted in traffic table.
Timer fired: Mon May 11 02:50:36 2026
2 records inserted in traffic table.
Timer fired: Mon May 11 02:50:41 2026
2 records inserted in traffic table.
Timer fired: Mon May 11 02:50:46 2026
7 records inserted in traffic table.
Timer fired: Mon May 11 02:50:51 2026
4 records inserted in traffic table.
Timer fired: Mon May 11 02:50:56 2026
4 records inserted in traffic table.
Timer fired: Mon May 11 02:51:01 2026
6 records inserted in traffic table.
Timer fired: Mon May 11 02:51:06 2026
3 records inserted in traffic table.
Timer fired: Mon May 11 02:51:11 2026
5 records inserted in traffic table.
Timer fired: Mon May 11 02:51:16 2026
2 records inserted in traffic table.
Timer fired: Mon May 11 02:51:21 2026
3 records inserted in traffic table.
Timer fired: Mon May 11 02:51:26 2026
7 records inserted in traffic table.
Timer fired: Mon May 11 02:51:31 2026
6 records inserted in traffic table.
Timer fired: Mon May 11 02:51:36 2026
3 records inserted in traffic table.
Timer fired: Mon May 11 02:51:41 2026
3 records inserted in traffic table.
Timer fired: Mon May 11 02:51:46 2026
5 records inserted in traffic table.
Timer fired: Mon May 11 02:51:51 2026
5 records inserted in traffic table.
Timer fired: Mon May 11 02:51:56 2026
6 records inserted in traffic table.
Timer fired: Mon May 11 02:52:01 2026
3 records inserted in traffic table.
Timer fired: Mon May 11 02:52:06 2026
6 records inserted in traffic table.
Timer fired: Mon May 11 02:52:11 2026
4 records inserted in traffic table.
Timer fired: Mon May 11 02:52:16 2026
2 records inserted in traffic table.
Timer fired: Mon May 11 02:52:21 2026
3 records inserted in traffic table.
Timer fired: Mon May 11 02:52:26 2026
6 records inserted in traffic table.
Timer fired: Mon May 11 02:52:31 2026
5 records inserted in traffic table.
Timer fired: Mon May 11 02:52:36 2026
1 records inserted in traffic table.
Timer fired: Mon May 11 02:52:41 2026
3 records inserted in traffic table.
Timer fired: Mon May 11 02:52:46 2026
6 records inserted in traffic table.
Timer fired: Mon May 11 02:52:51 2026
6 records inserted in traffic table.
Timer fired: Mon May 11 02:52:56 2026
7 records inserted in traffic table.
Timer fired: Mon May 11 02:53:01 2026
5 records inserted in traffic table.
Timer fired: Mon May 11 02:53:06 2026
4 records inserted in traffic table.
Timer fired: Mon May 11 02:53:11 2026
2 records inserted in traffic table.
Timer fired: Mon May 11 02:53:16 2026
3 records inserted in traffic table.
Timer fired: Mon May 11 02:53:21 2026
1 records inserted in traffic table.
Timer fired: Mon May 11 02:53:26 2026
8 records inserted in traffic table.
Timer fired: Mon May 11 02:53:31 2026
5 records inserted in traffic table.
Timer fired: Mon May 11 02:53:36 2026
3 records inserted in traffic table.
Timer fired: Mon May 11 02:53:41 2026
1 records inserted in traffic table.
Timer fired: Mon May 11 02:53:46 2026
7 records inserted in traffic table.
Timer fired: Mon May 11 02:53:51 2026
5 records inserted in traffic table.
Timer fired: Mon May 11 02:53:56 2026
5 records inserted in traffic table.
Timer fired: Mon May 11 02:54:01 2026
6 records inserted in traffic table.
Timer fired: Mon May 11 02:54:06 2026
2 records inserted in traffic table.
Timer fired: Mon May 11 02:54:11 2026
4 records inserted in traffic table.
Timer fired: Mon May 11 02:54:16 2026
3 records inserted in traffic table.
Timer fired: Mon May 11 02:54:21 2026
2 records inserted in traffic table.
Timer fired: Mon May 11 02:54:26 2026
7 records inserted in traffic table.
Timer fired: Mon May 11 02:54:31 2026
5 records inserted in traffic table.
Timer fired: Mon May 11 02:54:36 2026
4 records inserted in traffic table.
Timer fired: Mon May 11 02:54:41 2026
3 records inserted in traffic table.
Timer fired: Mon May 11 02:54:46 2026
6 records inserted in traffic table.
Timer fired: Mon May 11 02:54:51 2026
4 records inserted in traffic table.
Timer fired: Mon May 11 02:54:56 2026
7 records inserted in traffic table.
Timer fired: Mon May 11 02:55:01 2026
6 records inserted in traffic table.
Timer fired: Mon May 11 02:55:06 2026
3 records inserted in traffic table.
Timer fired: Mon May 11 02:55:11 2026
3 records inserted in traffic table.
Timer fired: Mon May 11 02:55:16 2026
3 records inserted in traffic table.
Timer fired: Mon May 11 02:55:21 2026
5 records inserted in traffic table.
Timer fired: Mon May 11 02:55:26 2026
8 records inserted in traffic table.
Timer fired: Mon May 11 02:55:31 2026
5 records inserted in traffic table.
Timer fired: Mon May 11 02:55:36 2026
2 records inserted in traffic table.
Timer fired: Mon May 11 02:55:41 2026
4 records inserted in traffic table.
Timer fired: Mon May 11 02:55:46 2026
6 records inserted in traffic table.
Timer fired: Mon May 11 02:55:51 2026
4 records inserted in traffic table.
Timer fired: Mon May 11 02:55:56 2026
4 records inserted in traffic table.
Timer fired: Mon May 11 02:56:01 2026
4 records inserted in traffic table.
Timer fired: Mon May 11 02:56:06 2026
4 records inserted in traffic table.
Timer fired: Mon May 11 02:56:11 2026
5 records inserted in traffic table.
Timer fired: Mon May 11 02:56:16 2026
3 records inserted in traffic table.
Timer fired: Mon May 11 02:56:21 2026
1 records inserted in traffic table.
Timer fired: Mon May 11 02:56:26 2026
9 records inserted in traffic table.
Timer fired: Mon May 11 02:56:31 2026
5 records inserted in traffic table.
Timer fired: Mon May 11 02:56:36 2026
2 records inserted in traffic table.
Timer fired: Mon May 11 02:56:41 2026
3 records inserted in traffic table.
Timer fired: Mon May 11 02:56:46 2026
6 records inserted in traffic table.
Timer fired: Mon May 11 02:56:51 2026
7 records inserted in traffic table.
Timer fired: Mon May 11 02:56:56 2026
5 records inserted in traffic table.
Timer fired: Mon May 11 02:57:01 2026
4 records inserted in traffic table.
Timer fired: Mon May 11 02:57:06 2026
3 records inserted in traffic table.
Timer fired: Mon May 11 02:57:11 2026
5 records inserted in traffic table.
Timer fired: Mon May 11 02:57:16 2026
2 records inserted in traffic table.
Timer fired: Mon May 11 02:57:21 2026
2 records inserted in traffic table.
Timer fired: Mon May 11 02:57:26 2026
7 records inserted in traffic table.
Timer fired: Mon May 11 02:57:31 2026
4 records inserted in traffic table.
Timer fired: Mon May 11 02:57:36 2026
4 records inserted in traffic table.
Timer fired: Mon May 11 02:57:41 2026
3 records inserted in traffic table.
Timer fired: Mon May 11 02:57:46 2026
7 records inserted in traffic table.
Timer fired: Mon May 11 02:57:51 2026
6 records inserted in traffic table.
Timer fired: Mon May 11 02:57:56 2026
7 records inserted in traffic table.
Timer fired: Mon May 11 02:58:01 2026
3 records inserted in traffic table.
Timer fired: Mon May 11 02:58:06 2026
3 records inserted in traffic table.
Timer fired: Mon May 11 02:58:11 2026
2 records inserted in traffic table.
Timer fired: Mon May 11 02:58:16 2026
2 records inserted in traffic table.
Timer fired: Mon May 11 02:58:21 2026
2 records inserted in traffic table.
Timer fired: Mon May 11 02:58:26 2026
5 records inserted in traffic table.
Timer fired: Mon May 11 02:58:31 2026
5 records inserted in traffic table.
Timer fired: Mon May 11 02:58:36 2026
3 records inserted in traffic table.
Timer fired: Mon May 11 02:58:41 2026
3 records inserted in traffic table.
Timer fired: Mon May 11 02:58:46 2026
5 records inserted in traffic table.
Timer fired: Mon May 11 02:58:51 2026
5 records inserted in traffic table.
Timer fired: Mon May 11 02:58:56 2026
5 records inserted in traffic table.
Timer fired: Mon May 11 02:59:01 2026
4 records inserted in traffic table.
Timer fired: Mon May 11 02:59:06 2026
4 records inserted in traffic table.
Timer fired: Mon May 11 02:59:11 2026
3 records inserted in traffic table.
Timer fired: Mon May 11 02:59:16 2026
3 records inserted in traffic table.
Timer fired: Mon May 11 02:59:21 2026
1 records inserted in traffic table.
Timer fired: Mon May 11 02:59:26 2026
7 records inserted in traffic table.
Timer fired: Mon May 11 02:59:31 2026
5 records inserted in traffic table.
Timer fired: Mon May 11 02:59:36 2026
3 records inserted in traffic table.
Timer fired: Mon May 11 02:59:41 2026
2 records inserted in traffic table.
Timer fired: Mon May 11 02:59:46 2026
6 records inserted in traffic table.
Timer fired: Mon May 11 02:59:51 2026
7 records inserted in traffic table.
Timer fired: Mon May 11 02:59:56 2026
5 records inserted in traffic table.
Timer fired: Mon May 11 03:00:01 2026
5 records inserted in traffic table.
Timer fired: Mon May 11 03:00:06 2026
4 records inserted in traffic table.
Timer fired: Mon May 11 03:00:11 2026
5 records inserted in traffic table.
Timer fired: Mon May 11 03:00:16 2026
5 records inserted in traffic table.
Timer fired: Mon May 11 03:00:21 2026
1 records inserted in traffic table.
Timer fired: Mon May 11 03:00:26 2026
7 records inserted in traffic table.
Timer fired: Mon May 11 03:00:31 2026
4 records inserted in traffic table.
Timer fired: Mon May 11 03:00:36 2026
1 records inserted in traffic table.
Timer fired: Mon May 11 03:00:41 2026
2 records inserted in traffic table.
Timer fired: Mon May 11 03:00:46 2026
5 records inserted in traffic table.
Timer fired: Mon May 11 03:00:51 2026
4 records inserted in traffic table.
Timer fired: Mon May 11 03:00:56 2026
7 records inserted in traffic table.
Timer fired: Mon May 11 03:01:01 2026
5 records inserted in traffic table.
Timer fired: Mon May 11 03:01:06 2026
3 records inserted in traffic table.
Timer fired: Mon May 11 03:01:11 2026
3 records inserted in traffic table.
Timer fired: Mon May 11 03:01:16 2026
3 records inserted in traffic table.
Timer fired: Mon May 11 03:01:21 2026
2 records inserted in traffic table.
Timer fired: Mon May 11 03:01:26 2026
6 records inserted in traffic table.
Timer fired: Mon May 11 03:01:31 2026
3 records inserted in traffic table.
Timer fired: Mon May 11 03:01:36 2026
5 records inserted in traffic table.
Timer fired: Mon May 11 03:01:41 2026
3 records inserted in traffic table.
Timer fired: Mon May 11 03:01:46 2026
6 records inserted in traffic table.
Timer fired: Mon May 11 03:01:51 2026
4 records inserted in traffic table.
Timer fired: Mon May 11 03:01:56 2026
5 records inserted in traffic table.
Timer fired: Mon May 11 03:02:01 2026
3 records inserted in traffic table.
Timer fired: Mon May 11 03:02:06 2026
4 records inserted in traffic table.
Timer fired: Mon May 11 03:02:11 2026
3 records inserted in traffic table.
Timer fired: Mon May 11 03:02:16 2026
4 records inserted in traffic table.
Timer fired: Mon May 11 03:02:21 2026
4 records inserted in traffic table.
Timer fired: Mon May 11 03:02:26 2026
5 records inserted in traffic table.
Timer fired: Mon May 11 03:02:31 2026
4 records inserted in traffic table.
Timer fired: Mon May 11 03:02:36 2026
1 records inserted in traffic table.
Timer fired: Mon May 11 03:02:41 2026
2 records inserted in traffic table.
Timer fired: Mon May 11 03:02:46 2026
8 records inserted in traffic table.
Timer fired: Mon May 11 03:02:51 2026
6 records inserted in traffic table.
Timer fired: Mon May 11 03:02:56 2026
5 records inserted in traffic table.
Timer fired: Mon May 11 03:03:01 2026
3 records inserted in traffic table.
Timer fired: Mon May 11 03:03:06 2026
6 records inserted in traffic table.
Timer fired: Mon May 11 03:03:11 2026
2 records inserted in traffic table.
Timer fired: Mon May 11 03:03:16 2026
3 records inserted in traffic table.
Timer fired: Mon May 11 03:03:21 2026
2 records inserted in traffic table.
Timer fired: Mon May 11 03:03:26 2026
6 records inserted in traffic table.
Timer fired: Mon May 11 03:03:31 2026
8 records inserted in traffic table.
Timer fired: Mon May 11 03:03:36 2026
3 records inserted in traffic table.
Timer fired: Mon May 11 03:03:41 2026
2 records inserted in traffic table.
Timer fired: Mon May 11 03:03:46 2026
5 records inserted in traffic table.
Timer fired: Mon May 11 03:03:51 2026
9 records inserted in traffic table.
Timer fired: Mon May 11 03:03:56 2026
5 records inserted in traffic table.
Timer fired: Mon May 11 03:04:01 2026
6 records inserted in traffic table.
Timer fired: Mon May 11 03:04:06 2026
1 records inserted in traffic table.
Timer fired: Mon May 11 03:04:11 2026
3 records inserted in traffic table.
Timer fired: Mon May 11 03:04:16 2026
3 records inserted in traffic table.
Timer fired: Mon May 11 03:04:21 2026
3 records inserted in traffic table.
Timer fired: Mon May 11 03:04:26 2026
6 records inserted in traffic table.
Timer fired: Mon May 11 03:04:31 2026
6 records inserted in traffic table.
Timer fired: Mon May 11 03:04:36 2026
1 records inserted in traffic table.
Timer fired: Mon May 11 03:04:41 2026
5 records inserted in traffic table.
Timer fired: Mon May 11 03:04:46 2026
5 records inserted in traffic table.
Timer fired: Mon May 11 03:04:51 2026
6 records inserted in traffic table.
Timer fired: Mon May 11 03:04:56 2026
4 records inserted in traffic table.
Timer fired: Mon May 11 03:05:01 2026
8 records inserted in traffic table.
Timer fired: Mon May 11 03:05:06 2026
5 records inserted in traffic table.
Timer fired: Mon May 11 03:05:11 2026
3 records inserted in traffic table.
Timer fired: Mon May 11 03:05:16 2026
3 records inserted in traffic table.
Timer fired: Mon May 11 03:05:21 2026
2 records inserted in traffic table.
Timer fired: Mon May 11 03:05:26 2026
7 records inserted in traffic table.
Timer fired: Mon May 11 03:05:31 2026
5 records inserted in traffic table.
Timer fired: Mon May 11 03:05:36 2026
1 records inserted in traffic table.
Timer fired: Mon May 11 03:05:41 2026
2 records inserted in traffic table.
Timer fired: Mon May 11 03:05:46 2026
5 records inserted in traffic table.
Timer fired: Mon May 11 03:05:51 2026
6 records inserted in traffic table.
Timer fired: Mon May 11 03:05:56 2026
4 records inserted in traffic table.
Timer fired: Mon May 11 03:06:01 2026
5 records inserted in traffic table.
Timer fired: Mon May 11 03:06:06 2026
1 records inserted in traffic table.
Timer fired: Mon May 11 03:06:11 2026
6 records inserted in traffic table.
Timer fired: Mon May 11 03:06:16 2026
2 records inserted in traffic table.
Timer fired: Mon May 11 03:06:21 2026
1 records inserted in traffic table.
Timer fired: Mon May 11 03:06:26 2026
6 records inserted in traffic table.
Timer fired: Mon May 11 03:06:31 2026
6 records inserted in traffic table.
Timer fired: Mon May 11 03:06:36 2026
3 records inserted in traffic table.
Timer fired: Mon May 11 03:06:41 2026
4 records inserted in traffic table.
Timer fired: Mon May 11 03:06:46 2026
7 records inserted in traffic table.
Timer fired: Mon May 11 03:06:51 2026
5 records inserted in traffic table.
Timer fired: Mon May 11 03:06:56 2026
8 records inserted in traffic table.
Timer fired: Mon May 11 03:07:01 2026
5 records inserted in traffic table.
Timer fired: Mon May 11 03:07:06 2026
4 records inserted in traffic table.
Timer fired: Mon May 11 03:07:11 2026
3 records inserted in traffic table.
Timer fired: Mon May 11 03:07:16 2026
3 records inserted in traffic table.
Timer fired: Mon May 11 03:07:21 2026
1 records inserted in traffic table.
Timer fired: Mon May 11 03:07:26 2026
6 records inserted in traffic table.
Timer fired: Mon May 11 03:07:31 2026
5 records inserted in traffic table.
Timer fired: Mon May 11 03:07:36 2026
2 records inserted in traffic table.
Timer fired: Mon May 11 03:07:41 2026
5 records inserted in traffic table.
Timer fired: Mon May 11 03:07:46 2026
5 records inserted in traffic table.
Timer fired: Mon May 11 03:07:51 2026
5 records inserted in traffic table.
Timer fired: Mon May 11 03:07:56 2026
6 records inserted in traffic table.
Timer fired: Mon May 11 03:08:01 2026
4 records inserted in traffic table.
Timer fired: Mon May 11 03:08:06 2026
4 records inserted in traffic table.
Timer fired: Mon May 11 03:08:11 2026
2 records inserted in traffic table.
Timer fired: Mon May 11 03:08:16 2026
3 records inserted in traffic table.
Timer fired: Mon May 11 03:08:21 2026
2 records inserted in traffic table.
Timer fired: Mon May 11 03:08:26 2026
8 records inserted in traffic table.
Timer fired: Mon May 11 03:08:31 2026
4 records inserted in traffic table.
Timer fired: Mon May 11 03:08:36 2026
2 records inserted in traffic table.
Timer fired: Mon May 11 03:08:41 2026
3 records inserted in traffic table.
Timer fired: Mon May 11 03:08:46 2026
5 records inserted in traffic table.
Timer fired: Mon May 11 03:08:51 2026
4 records inserted in traffic table.
Timer fired: Mon May 11 03:08:56 2026
5 records inserted in traffic table.
Timer fired: Mon May 11 03:09:01 2026
5 records inserted in traffic table.
Timer fired: Mon May 11 03:09:06 2026
2 records inserted in traffic table.
Timer fired: Mon May 11 03:09:11 2026
5 records inserted in traffic table.
Timer fired: Mon May 11 03:09:16 2026
3 records inserted in traffic table.
Timer fired: Mon May 11 03:09:21 2026
2 records inserted in traffic table.
Timer fired: Mon May 11 03:09:26 2026
5 records inserted in traffic table.
Timer fired: Mon May 11 03:09:31 2026
4 records inserted in traffic table.
Timer fired: Mon May 11 03:09:36 2026
1 records inserted in traffic table.
Timer fired: Mon May 11 03:09:41 2026
3 records inserted in traffic table.
Timer fired: Mon May 11 03:09:46 2026
7 records inserted in traffic table.
Timer fired: Mon May 11 03:09:51 2026
5 records inserted in traffic table.
Timer fired: Mon May 11 03:09:56 2026
6 records inserted in traffic table.
Timer fired: Mon May 11 03:10:01 2026
6 records inserted in traffic table.
Timer fired: Mon May 11 03:10:06 2026
2 records inserted in traffic table.
Timer fired: Mon May 11 03:10:11 2026
4 records inserted in traffic table.
Timer fired: Mon May 11 03:10:16 2026
3 records inserted in traffic table.
Timer fired: Mon May 11 03:10:21 2026
1 records inserted in traffic table.
Timer fired: Mon May 11 03:10:26 2026
6 records inserted in traffic table.
Timer fired: Mon May 11 03:10:31 2026
5 records inserted in traffic table.
Timer fired: Mon May 11 03:10:36 2026
1 records inserted in traffic table.
Timer fired: Mon May 11 03:10:41 2026
4 records inserted in traffic table.
Timer fired: Mon May 11 03:10:46 2026
6 records inserted in traffic table.
Timer fired: Mon May 11 03:10:51 2026
5 records inserted in traffic table.
Timer fired: Mon May 11 03:10:56 2026
5 records inserted in traffic table.
Timer fired: Mon May 11 03:11:01 2026
4 records inserted in traffic table.
Timer fired: Mon May 11 03:11:06 2026
2 records inserted in traffic table.
Timer fired: Mon May 11 03:11:11 2026
3 records inserted in traffic table.
Timer fired: Mon May 11 03:11:16 2026
4 records inserted in traffic table.
Timer fired: Mon May 11 03:11:21 2026
3 records inserted in traffic table.
Timer fired: Mon May 11 03:11:26 2026
8 records inserted in traffic table.
Timer fired: Mon May 11 03:11:31 2026
5 records inserted in traffic table.
Timer fired: Mon May 11 03:11:36 2026
2 records inserted in traffic table.
Timer fired: Mon May 11 03:11:41 2026
2 records inserted in traffic table.
Timer fired: Mon May 11 03:11:46 2026
8 records inserted in traffic table.
Timer fired: Mon May 11 03:11:51 2026
5 records inserted in traffic table.
Timer fired: Mon May 11 03:11:56 2026
7 records inserted in traffic table.
Timer fired: Mon May 11 03:12:01 2026
3 records inserted in traffic table.
Timer fired: Mon May 11 03:12:06 2026
3 records inserted in traffic table.
Timer fired: Mon May 11 03:12:11 2026
6 records inserted in traffic table.
Timer fired: Mon May 11 03:12:16 2026
5 records inserted in traffic table.
Timer fired: Mon May 11 03:12:21 2026
1 records inserted in traffic table.
Timer fired: Mon May 11 03:12:26 2026
5 records inserted in traffic table.
Timer fired: Mon May 11 03:12:31 2026
4 records inserted in traffic table.
Timer fired: Mon May 11 03:12:36 2026
3 records inserted in traffic table.
Timer fired: Mon May 11 03:12:41 2026
4 records inserted in traffic table.
Timer fired: Mon May 11 03:12:46 2026
6 records inserted in traffic table.
Timer fired: Mon May 11 03:12:51 2026
4 records inserted in traffic table.
Timer fired: Mon May 11 03:12:56 2026
8 records inserted in traffic table.
Timer fired: Mon May 11 03:13:01 2026
6 records inserted in traffic table.
Timer fired: Mon May 11 03:13:06 2026
4 records inserted in traffic table.
Timer fired: Mon May 11 03:13:11 2026
2 records inserted in traffic table.
Timer fired: Mon May 11 03:13:16 2026
3 records inserted in traffic table.
Timer fired: Mon May 11 03:13:21 2026
3 records inserted in traffic table.
Timer fired: Mon May 11 03:13:26 2026
5 records inserted in traffic table.
Timer fired: Mon May 11 03:13:31 2026
4 records inserted in traffic table.
Timer fired: Mon May 11 03:13:36 2026
1 records inserted in traffic table.
Timer fired: Mon May 11 03:13:41 2026
4 records inserted in traffic table.
Timer fired: Mon May 11 03:13:46 2026
6 records inserted in traffic table.
Timer fired: Mon May 11 03:13:51 2026
4 records inserted in traffic table.
Timer fired: Mon May 11 03:13:56 2026
5 records inserted in traffic table.
Timer fired: Mon May 11 03:14:01 2026
4 records inserted in traffic table.
Timer fired: Mon May 11 03:14:06 2026
5 records inserted in traffic table.
Timer fired: Mon May 11 03:14:11 2026
3 records inserted in traffic table.
Timer fired: Mon May 11 03:14:16 2026
2 records inserted in traffic table.
Timer fired: Mon May 11 03:14:21 2026
3 records inserted in traffic table.
Timer fired: Mon May 11 03:14:26 2026
9 records inserted in traffic table.
Timer fired: Mon May 11 03:14:31 2026
6 records inserted in traffic table.
Timer fired: Mon May 11 03:14:36 2026
1 records inserted in traffic table.
Timer fired: Mon May 11 03:14:41 2026
4 records inserted in traffic table.
Timer fired: Mon May 11 03:14:46 2026
9 records inserted in traffic table.
Timer fired: Mon May 11 03:14:51 2026
7 records inserted in traffic table.
Timer fired: Mon May 11 03:14:56 2026
5 records inserted in traffic table.
Timer fired: Mon May 11 03:15:01 2026
5 records inserted in traffic table.
Timer fired: Mon May 11 03:15:06 2026
5 records inserted in traffic table.
Timer fired: Mon May 11 03:15:11 2026
5 records inserted in traffic table.
Timer fired: Mon May 11 03:15:16 2026
2 records inserted in traffic table.
Timer fired: Mon May 11 03:15:21 2026
3 records inserted in traffic table.
Timer fired: Mon May 11 03:15:26 2026
7 records inserted in traffic table.
Timer fired: Mon May 11 03:15:31 2026
5 records inserted in traffic table.
Timer fired: Mon May 11 03:15:36 2026
6 records inserted in traffic table.
Timer fired: Mon May 11 03:15:41 2026
1 records inserted in traffic table.
Timer fired: Mon May 11 03:15:46 2026
7 records inserted in traffic table.
Timer fired: Mon May 11 03:15:51 2026
5 records inserted in traffic table.
Timer fired: Mon May 11 03:15:56 2026
7 records inserted in traffic table.
Timer fired: Mon May 11 03:16:01 2026
4 records inserted in traffic table.
Timer fired: Mon May 11 03:16:06 2026
4 records inserted in traffic table.
Timer fired: Mon May 11 03:16:11 2026
3 records inserted in traffic table.
Timer fired: Mon May 11 03:16:16 2026
3 records inserted in traffic table.
Timer fired: Mon May 11 03:16:21 2026
4 records inserted in traffic table.
Timer fired: Mon May 11 03:16:26 2026
7 records inserted in traffic table.
Timer fired: Mon May 11 03:16:31 2026
6 records inserted in traffic table.
Timer fired: Mon May 11 03:16:36 2026
3 records inserted in traffic table.
Timer fired: Mon May 11 03:16:41 2026
2 records inserted in traffic table.
Timer fired: Mon May 11 03:16:46 2026
5 records inserted in traffic table.
Timer fired: Mon May 11 03:16:51 2026
6 records inserted in traffic table.
Timer fired: Mon May 11 03:16:56 2026
6 records inserted in traffic table.
Timer fired: Mon May 11 03:17:01 2026
4 records inserted in traffic table.
Timer fired: Mon May 11 03:17:06 2026
4 records inserted in traffic table.
Timer fired: Mon May 11 03:17:11 2026
3 records inserted in traffic table.
Timer fired: Mon May 11 03:17:16 2026
3 records inserted in traffic table.
Timer fired: Mon May 11 03:17:21 2026
3 records inserted in traffic table.
Timer fired: Mon May 11 03:17:26 2026
7 records inserted in traffic table.
Timer fired: Mon May 11 03:17:31 2026
4 records inserted in traffic table.
Timer fired: Mon May 11 03:17:36 2026
1 records inserted in traffic table.
Timer fired: Mon May 11 03:17:41 2026
3 records inserted in traffic table.
Timer fired: Mon May 11 03:17:46 2026
6 records inserted in traffic table.
Timer fired: Mon May 11 03:17:51 2026
6 records inserted in traffic table.
Timer fired: Mon May 11 03:17:56 2026
5 records inserted in traffic table.
Timer fired: Mon May 11 03:18:01 2026
4 records inserted in traffic table.
Timer fired: Mon May 11 03:18:06 2026
4 records inserted in traffic table.
Timer fired: Mon May 11 03:18:11 2026
5 records inserted in traffic table.
Timer fired: Mon May 11 03:18:16 2026
3 records inserted in traffic table.
Timer fired: Mon May 11 03:18:21 2026
3 records inserted in traffic table.
Timer fired: Mon May 11 03:18:26 2026
5 records inserted in traffic table.
Timer fired: Mon May 11 03:18:31 2026
4 records inserted in traffic table.
Timer fired: Mon May 11 03:18:36 2026
2 records inserted in traffic table.
Timer fired: Mon May 11 03:18:41 2026
1 records inserted in traffic table.
Timer fired: Mon May 11 03:18:46 2026
6 records inserted in traffic table.
Timer fired: Mon May 11 03:18:51 2026
5 records inserted in traffic table.
Timer fired: Mon May 11 03:18:56 2026
8 records inserted in traffic table.
Timer fired: Mon May 11 03:19:01 2026
2 records inserted in traffic table.
Timer fired: Mon May 11 03:19:06 2026
4 records inserted in traffic table.
Timer fired: Mon May 11 03:19:11 2026
2 records inserted in traffic table.
Timer fired: Mon May 11 03:19:16 2026
2 records inserted in traffic table.
Timer fired: Mon May 11 03:19:21 2026
4 records inserted in traffic table.
Timer fired: Mon May 11 03:19:26 2026
6 records inserted in traffic table.
Timer fired: Mon May 11 03:19:31 2026
4 records inserted in traffic table.
Timer fired: Mon May 11 03:19:36 2026
2 records inserted in traffic table.
Timer fired: Mon May 11 03:19:41 2026
5 records inserted in traffic table.
Timer fired: Mon May 11 03:19:46 2026
8 records inserted in traffic table.
Timer fired: Mon May 11 03:19:51 2026
6 records inserted in traffic table.
Timer fired: Mon May 11 03:19:56 2026
5 records inserted in traffic table.
Timer fired: Mon May 11 03:20:01 2026
4 records inserted in traffic table.
Timer fired: Mon May 11 03:20:06 2026
6 records inserted in traffic table.
Timer fired: Mon May 11 03:20:11 2026
2 records inserted in traffic table.
Timer fired: Mon May 11 03:20:16 2026
1 records inserted in traffic table.
Timer fired: Mon May 11 03:20:21 2026
2 records inserted in traffic table.
Timer fired: Mon May 11 03:20:26 2026
8 records inserted in traffic table.
Timer fired: Mon May 11 03:20:31 2026
8 records inserted in traffic table.
Timer fired: Mon May 11 03:20:36 2026
1 records inserted in traffic table.
Timer fired: Mon May 11 03:20:41 2026
1 records inserted in traffic table.
Timer fired: Mon May 11 03:20:46 2026
8 records inserted in traffic table.
Timer fired: Mon May 11 03:20:51 2026
5 records inserted in traffic table.
Timer fired: Mon May 11 03:20:56 2026
5 records inserted in traffic table.
Timer fired: Mon May 11 03:21:01 2026
4 records inserted in traffic table.
Timer fired: Mon May 11 03:21:06 2026
3 records inserted in traffic table.
Timer fired: Mon May 11 03:21:11 2026
4 records inserted in traffic table.
Timer fired: Mon May 11 03:21:16 2026
3 records inserted in traffic table.
Timer fired: Mon May 11 03:21:21 2026
5 records inserted in traffic table.
Timer fired: Mon May 11 03:21:26 2026
5 records inserted in traffic table.
Timer fired: Mon May 11 03:21:31 2026
6 records inserted in traffic table.
Timer fired: Mon May 11 03:21:36 2026
4 records inserted in traffic table.
Timer fired: Mon May 11 03:21:41 2026
3 records inserted in traffic table.
Timer fired: Mon May 11 03:21:46 2026
5 records inserted in traffic table.
Timer fired: Mon May 11 03:21:51 2026
4 records inserted in traffic table.
Timer fired: Mon May 11 03:21:56 2026
6 records inserted in traffic table.
Timer fired: Mon May 11 03:22:01 2026
4 records inserted in traffic table.
Timer fired: Mon May 11 03:22:06 2026
4 records inserted in traffic table.
Timer fired: Mon May 11 03:22:11 2026
3 records inserted in traffic table.
Timer fired: Mon May 11 03:22:16 2026
1 records inserted in traffic table.
Timer fired: Mon May 11 03:22:21 2026
5 records inserted in traffic table.
Timer fired: Mon May 11 03:22:26 2026
5 records inserted in traffic table.
Timer fired: Mon May 11 03:22:31 2026
5 records inserted in traffic table.
Timer fired: Mon May 11 03:22:36 2026
3 records inserted in traffic table.
Timer fired: Mon May 11 03:22:41 2026
4 records inserted in traffic table.
Timer fired: Mon May 11 03:22:46 2026
6 records inserted in traffic table.
Timer fired: Mon May 11 03:22:51 2026
5 records inserted in traffic table.
Timer fired: Mon May 11 03:22:56 2026
5 records inserted in traffic table.
Timer fired: Mon May 11 03:23:01 2026
5 records inserted in traffic table.
Timer fired: Mon May 11 03:23:06 2026
7 records inserted in traffic table.
Timer fired: Mon May 11 03:23:11 2026
3 records inserted in traffic table.
Timer fired: Mon May 11 03:23:16 2026
1 records inserted in traffic table.
Timer fired: Mon May 11 03:23:21 2026
3 records inserted in traffic table.
Timer fired: Mon May 11 03:23:26 2026
7 records inserted in traffic table.
Timer fired: Mon May 11 03:23:31 2026
4 records inserted in traffic table.
Timer fired: Mon May 11 03:23:36 2026
3 records inserted in traffic table.
Timer fired: Mon May 11 03:23:41 2026
2 records inserted in traffic table.
Timer fired: Mon May 11 03:23:46 2026
5 records inserted in traffic table.
Timer fired: Mon May 11 03:23:51 2026
7 records inserted in traffic table.
Timer fired: Mon May 11 03:23:56 2026
5 records inserted in traffic table.
Timer fired: Mon May 11 03:24:01 2026
2 records inserted in traffic table.
Timer fired: Mon May 11 03:24:06 2026
6 records inserted in traffic table.
Timer fired: Mon May 11 03:24:11 2026
5 records inserted in traffic table.
Timer fired: Mon May 11 03:24:16 2026
2 records inserted in traffic table.
Timer fired: Mon May 11 03:24:21 2026
3 records inserted in traffic table.
Timer fired: Mon May 11 03:24:26 2026
7 records inserted in traffic table.
Timer fired: Mon May 11 03:24:31 2026
5 records inserted in traffic table.
Timer fired: Mon May 11 03:24:36 2026
3 records inserted in traffic table.
Timer fired: Mon May 11 03:24:41 2026
2 records inserted in traffic table.
Timer fired: Mon May 11 03:24:46 2026
8 records inserted in traffic table.
Timer fired: Mon May 11 03:24:51 2026
4 records inserted in traffic table.
Timer fired: Mon May 11 03:24:56 2026
7 records inserted in traffic table.
Timer fired: Mon May 11 03:25:01 2026
4 records inserted in traffic table.
Timer fired: Mon May 11 03:25:06 2026
6 records inserted in traffic table.
Timer fired: Mon May 11 03:25:11 2026
3 records inserted in traffic table.
Timer fired: Mon May 11 03:25:16 2026
2 records inserted in traffic table.
Timer fired: Mon May 11 03:25:21 2026
3 records inserted in traffic table.
Timer fired: Mon May 11 03:25:26 2026
7 records inserted in traffic table.
Timer fired: Mon May 11 03:25:31 2026
4 records inserted in traffic table.
Timer fired: Mon May 11 03:25:36 2026
1 records inserted in traffic table.
Timer fired: Mon May 11 03:25:41 2026
4 records inserted in traffic table.
Timer fired: Mon May 11 03:25:46 2026
6 records inserted in traffic table.
Timer fired: Mon May 11 03:25:51 2026
6 records inserted in traffic table.
Timer fired: Mon May 11 03:25:56 2026
4 records inserted in traffic table.
Timer fired: Mon May 11 03:26:01 2026
4 records inserted in traffic table.
Timer fired: Mon May 11 03:26:06 2026
4 records inserted in traffic table.
Timer fired: Mon May 11 03:26:11 2026
6 records inserted in traffic table.
Timer fired: Mon May 11 03:26:16 2026
1 records inserted in traffic table.
Timer fired: Mon May 11 03:26:21 2026
2 records inserted in traffic table.
Timer fired: Mon May 11 03:26:26 2026
7 records inserted in traffic table.
Timer fired: Mon May 11 03:26:31 2026
6 records inserted in traffic table.
Timer fired: Mon May 11 03:26:36 2026
2 records inserted in traffic table.
Timer fired: Mon May 11 03:26:41 2026
3 records inserted in traffic table.
Timer fired: Mon May 11 03:26:46 2026
5 records inserted in traffic table.
Timer fired: Mon May 11 03:26:51 2026
4 records inserted in traffic table.
Timer fired: Mon May 11 03:26:56 2026
7 records inserted in traffic table.
Timer fired: Mon May 11 03:27:01 2026
3 records inserted in traffic table.
Timer fired: Mon May 11 03:27:06 2026
3 records inserted in traffic table.
Timer fired: Mon May 11 03:27:11 2026
5 records inserted in traffic table.
Timer fired: Mon May 11 03:27:16 2026
3 records inserted in traffic table.
Timer fired: Mon May 11 03:27:21 2026
3 records inserted in traffic table.
Timer fired: Mon May 11 03:27:26 2026
6 records inserted in traffic table.
Timer fired: Mon May 11 03:27:31 2026
5 records inserted in traffic table.
Timer fired: Mon May 11 03:27:36 2026
1 records inserted in traffic table.
Timer fired: Mon May 11 03:27:41 2026
3 records inserted in traffic table.
Timer fired: Mon May 11 03:27:46 2026
5 records inserted in traffic table.
Timer fired: Mon May 11 03:27:51 2026
5 records inserted in traffic table.
Timer fired: Mon May 11 03:27:56 2026
8 records inserted in traffic table.
Timer fired: Mon May 11 03:28:01 2026
4 records inserted in traffic table.
Timer fired: Mon May 11 03:28:06 2026
4 records inserted in traffic table.
Timer fired: Mon May 11 03:28:11 2026
4 records inserted in traffic table.
Timer fired: Mon May 11 03:28:16 2026
1 records inserted in traffic table.
Timer fired: Mon May 11 03:28:21 2026
2 records inserted in traffic table.
Timer fired: Mon May 11 03:28:26 2026
5 records inserted in traffic table.
Timer fired: Mon May 11 03:28:31 2026
6 records inserted in traffic table.
Timer fired: Mon May 11 03:28:36 2026
2 records inserted in traffic table.
Timer fired: Mon May 11 03:28:41 2026
3 records inserted in traffic table.
Timer fired: Mon May 11 03:28:46 2026
6 records inserted in traffic table.
Timer fired: Mon May 11 03:28:51 2026
4 records inserted in traffic table.
Timer fired: Mon May 11 03:28:56 2026
5 records inserted in traffic table.
Timer fired: Mon May 11 03:29:01 2026
4 records inserted in traffic table.
Timer fired: Mon May 11 03:29:06 2026
5 records inserted in traffic table.
Timer fired: Mon May 11 03:29:11 2026
3 records inserted in traffic table.
Timer fired: Mon May 11 03:29:16 2026
2 records inserted in traffic table.
Timer fired: Mon May 11 03:29:21 2026
3 records inserted in traffic table.
Timer fired: Mon May 11 03:29:26 2026
8 records inserted in traffic table.
Timer fired: Mon May 11 03:29:31 2026
5 records inserted in traffic table.
Timer fired: Mon May 11 03:29:36 2026
2 records inserted in traffic table.
Timer fired: Mon May 11 03:29:41 2026
1 records inserted in traffic table.
Timer fired: Mon May 11 03:29:46 2026
9 records inserted in traffic table.
Timer fired: Mon May 11 03:29:51 2026
5 records inserted in traffic table.
Timer fired: Mon May 11 03:29:56 2026
5 records inserted in traffic table.
Timer fired: Mon May 11 03:30:01 2026
2 records inserted in traffic table.
Timer fired: Mon May 11 03:30:06 2026
5 records inserted in traffic table.
Timer fired: Mon May 11 03:30:11 2026
5 records inserted in traffic table.
Timer fired: Mon May 11 03:30:16 2026
7 records inserted in traffic table.
Timer fired: Mon May 11 03:30:21 2026
2 records inserted in traffic table.
Timer fired: Mon May 11 03:30:26 2026
6 records inserted in traffic table.
Timer fired: Mon May 11 03:30:31 2026
3 records inserted in traffic table.
Timer fired: Mon May 11 03:30:36 2026
1 records inserted in traffic table.
Timer fired: Mon May 11 03:30:41 2026
1 records inserted in traffic table.
Timer fired: Mon May 11 03:30:46 2026
5 records inserted in traffic table.
Timer fired: Mon May 11 03:30:51 2026
6 records inserted in traffic table.
Timer fired: Mon May 11 03:30:56 2026
7 records inserted in traffic table.
Timer fired: Mon May 11 03:31:01 2026
4 records inserted in traffic table.
Timer fired: Mon May 11 03:31:06 2026
3 records inserted in traffic table.
Timer fired: Mon May 11 03:31:11 2026
3 records inserted in traffic table.
Timer fired: Mon May 11 03:31:16 2026
3 records inserted in traffic table.
Timer fired: Mon May 11 03:31:21 2026
4 records inserted in traffic table.
Timer fired: Mon May 11 03:31:26 2026
5 records inserted in traffic table.
Timer fired: Mon May 11 03:31:31 2026
4 records inserted in traffic table.
Timer fired: Mon May 11 03:31:36 2026
4 records inserted in traffic table.
Timer fired: Mon May 11 03:31:41 2026
3 records inserted in traffic table.
Timer fired: Mon May 11 03:31:46 2026
7 records inserted in traffic table.
Timer fired: Mon May 11 03:31:51 2026
5 records inserted in traffic table.
Timer fired: Mon May 11 03:31:56 2026
4 records inserted in traffic table.
Timer fired: Mon May 11 03:32:01 2026
3 records inserted in traffic table.
Timer fired: Mon May 11 03:32:06 2026
3 records inserted in traffic table.
Timer fired: Mon May 11 03:32:11 2026
4 records inserted in traffic table.
Timer fired: Mon May 11 03:32:16 2026
2 records inserted in traffic table.
Timer fired: Mon May 11 03:32:21 2026
4 records inserted in traffic table.
Timer fired: Mon May 11 03:32:26 2026
7 records inserted in traffic table.
Timer fired: Mon May 11 03:32:31 2026
5 records inserted in traffic table.
Timer fired: Mon May 11 03:32:36 2026
2 records inserted in traffic table.
Timer fired: Mon May 11 03:32:41 2026
1 records inserted in traffic table.
Timer fired: Mon May 11 03:32:46 2026
6 records inserted in traffic table.
Timer fired: Mon May 11 03:32:51 2026
6 records inserted in traffic table.
Timer fired: Mon May 11 03:32:56 2026
5 records inserted in traffic table.
Timer fired: Mon May 11 03:33:01 2026
4 records inserted in traffic table.
Timer fired: Mon May 11 03:33:06 2026
5 records inserted in traffic table.
Timer fired: Mon May 11 03:33:11 2026
4 records inserted in traffic table.
Timer fired: Mon May 11 03:33:16 2026
1 records inserted in traffic table.
Timer fired: Mon May 11 03:33:21 2026
4 records inserted in traffic table.
Timer fired: Mon May 11 03:33:26 2026
7 records inserted in traffic table.
Timer fired: Mon May 11 03:33:31 2026
4 records inserted in traffic table.
Timer fired: Mon May 11 03:33:36 2026
1 records inserted in traffic table.
Timer fired: Mon May 11 03:33:41 2026
2 records inserted in traffic table.
Timer fired: Mon May 11 03:33:46 2026
5 records inserted in traffic table.
Timer fired: Mon May 11 03:33:51 2026
6 records inserted in traffic table.
Timer fired: Mon May 11 03:33:56 2026
8 records inserted in traffic table.
Timer fired: Mon May 11 03:34:01 2026
2 records inserted in traffic table.
Timer fired: Mon May 11 03:34:06 2026
4 records inserted in traffic table.
Timer fired: Mon May 11 03:34:11 2026
2 records inserted in traffic table.
Timer fired: Mon May 11 03:34:16 2026
2 records inserted in traffic table.
Timer fired: Mon May 11 03:34:21 2026
3 records inserted in traffic table.
Timer fired: Mon May 11 03:34:26 2026
7 records inserted in traffic table.
Timer fired: Mon May 11 03:34:31 2026
4 records inserted in traffic table.
Timer fired: Mon May 11 03:34:36 2026
1 records inserted in traffic table.
Timer fired: Mon May 11 03:34:41 2026
4 records inserted in traffic table.
Timer fired: Mon May 11 03:34:46 2026
6 records inserted in traffic table.
Timer fired: Mon May 11 03:34:51 2026
6 records inserted in traffic table.
Timer fired: Mon May 11 03:34:56 2026
7 records inserted in traffic table.
Timer fired: Mon May 11 03:35:01 2026
5 records inserted in traffic table.
Timer fired: Mon May 11 03:35:06 2026
6 records inserted in traffic table.
Timer fired: Mon May 11 03:35:11 2026
5 records inserted in traffic table.
Timer fired: Mon May 11 03:35:16 2026
2 records inserted in traffic table.
Timer fired: Mon May 11 03:35:21 2026
3 records inserted in traffic table.
Timer fired: Mon May 11 03:35:26 2026
8 records inserted in traffic table.
Timer fired: Mon May 11 03:35:31 2026
6 records inserted in traffic table.
Timer fired: Mon May 11 03:35:36 2026
1 records inserted in traffic table.
Timer fired: Mon May 11 03:35:41 2026
2 records inserted in traffic table.
Timer fired: Mon May 11 03:35:46 2026
6 records inserted in traffic table.
Timer fired: Mon May 11 03:35:51 2026
5 records inserted in traffic table.
Timer fired: Mon May 11 03:35:56 2026
5 records inserted in traffic table.
Timer fired: Mon May 11 03:36:01 2026
3 records inserted in traffic table.
Timer fired: Mon May 11 03:36:06 2026
4 records inserted in traffic table.
Timer fired: Mon May 11 03:36:11 2026
6 records inserted in traffic table.
Timer fired: Mon May 11 03:36:16 2026
2 records inserted in traffic table.
Timer fired: Mon May 11 03:36:21 2026
3 records inserted in traffic table.
Timer fired: Mon May 11 03:36:26 2026
9 records inserted in traffic table.
Timer fired: Mon May 11 03:36:31 2026
6 records inserted in traffic table.
Timer fired: Mon May 11 03:36:36 2026
3 records inserted in traffic table.
Timer fired: Mon May 11 03:36:41 2026
3 records inserted in traffic table.
Timer fired: Mon May 11 03:36:46 2026
6 records inserted in traffic table.
Timer fired: Mon May 11 03:36:51 2026
4 records inserted in traffic table.
Timer fired: Mon May 11 03:36:56 2026
7 records inserted in traffic table.
Timer fired: Mon May 11 03:37:01 2026
5 records inserted in traffic table.
Timer fired: Mon May 11 03:37:06 2026
3 records inserted in traffic table.
Timer fired: Mon May 11 03:37:11 2026
4 records inserted in traffic table.
Timer fired: Mon May 11 03:37:16 2026
3 records inserted in traffic table.
Timer fired: Mon May 11 03:37:21 2026
4 records inserted in traffic table.
Timer fired: Mon May 11 03:37:26 2026
6 records inserted in traffic table.
Timer fired: Mon May 11 03:37:31 2026
6 records inserted in traffic table.
Timer fired: Mon May 11 03:37:36 2026
2 records inserted in traffic table.
Timer fired: Mon May 11 03:37:41 2026
5 records inserted in traffic table.
Timer fired: Mon May 11 03:37:46 2026
5 records inserted in traffic table.
Timer fired: Mon May 11 03:37:51 2026
4 records inserted in traffic table.
Timer fired: Mon May 11 03:37:56 2026
5 records inserted in traffic table.
Timer fired: Mon May 11 03:38:01 2026
4 records inserted in traffic table.
Timer fired: Mon May 11 03:38:06 2026
2 records inserted in traffic table.
Timer fired: Mon May 11 03:38:11 2026
4 records inserted in traffic table.
Timer fired: Mon May 11 03:38:16 2026
1 records inserted in traffic table.
Timer fired: Mon May 11 03:38:21 2026
2 records inserted in traffic table.
Timer fired: Mon May 11 03:38:26 2026
7 records inserted in traffic table.
Timer fired: Mon May 11 03:38:31 2026
4 records inserted in traffic table.
Timer fired: Mon May 11 03:38:36 2026
2 records inserted in traffic table.
Timer fired: Mon May 11 03:38:41 2026
3 records inserted in traffic table.
Timer fired: Mon May 11 03:38:46 2026
7 records inserted in traffic table.
Timer fired: Mon May 11 03:38:51 2026
5 records inserted in traffic table.
Timer fired: Mon May 11 03:38:56 2026
4 records inserted in traffic table.
Timer fired: Mon May 11 03:39:01 2026
4 records inserted in traffic table.
Timer fired: Mon May 11 03:39:06 2026
3 records inserted in traffic table.
Timer fired: Mon May 11 03:39:11 2026
6 records inserted in traffic table.
Timer fired: Mon May 11 03:39:16 2026
2 records inserted in traffic table.
Timer fired: Mon May 11 03:39:21 2026
3 records inserted in traffic table.
Timer fired: Mon May 11 03:39:26 2026
6 records inserted in traffic table.
Timer fired: Mon May 11 03:39:31 2026
4 records inserted in traffic table.
Timer fired: Mon May 11 03:39:36 2026
4 records inserted in traffic table.
Timer fired: Mon May 11 03:39:41 2026
2 records inserted in traffic table.
Timer fired: Mon May 11 03:39:46 2026
7 records inserted in traffic table.
Timer fired: Mon May 11 03:39:51 2026
6 records inserted in traffic table.
Timer fired: Mon May 11 03:39:56 2026
6 records inserted in traffic table.
Timer fired: Mon May 11 03:40:01 2026
3 records inserted in traffic table.
Timer fired: Mon May 11 03:40:06 2026
4 records inserted in traffic table.
Timer fired: Mon May 11 03:40:11 2026
3 records inserted in traffic table.
Timer fired: Mon May 11 03:40:16 2026
2 records inserted in traffic table.
Timer fired: Mon May 11 03:40:21 2026
5 records inserted in traffic table.
Timer fired: Mon May 11 03:40:26 2026
6 records inserted in traffic table.
Timer fired: Mon May 11 03:40:31 2026
5 records inserted in traffic table.
Timer fired: Mon May 11 03:40:36 2026
1 records inserted in traffic table.
Timer fired: Mon May 11 03:40:41 2026
5 records inserted in traffic table.
Timer fired: Mon May 11 03:40:46 2026
5 records inserted in traffic table.
Timer fired: Mon May 11 03:40:51 2026
5 records inserted in traffic table.
Timer fired: Mon May 11 03:40:56 2026
4 records inserted in traffic table.
Timer fired: Mon May 11 03:41:01 2026
5 records inserted in traffic table.
Timer fired: Mon May 11 03:41:06 2026
4 records inserted in traffic table.
Timer fired: Mon May 11 03:41:11 2026
4 records inserted in traffic table.
Timer fired: Mon May 11 03:41:16 2026
2 records inserted in traffic table.
Timer fired: Mon May 11 03:41:21 2026
2 records inserted in traffic table.
Timer fired: Mon May 11 03:41:26 2026
9 records inserted in traffic table.
Timer fired: Mon May 11 03:41:31 2026
4 records inserted in traffic table.
Timer fired: Mon May 11 03:41:36 2026
4 records inserted in traffic table.
Timer fired: Mon May 11 03:41:41 2026
4 records inserted in traffic table.
Timer fired: Mon May 11 03:41:46 2026
5 records inserted in traffic table.
Timer fired: Mon May 11 03:41:51 2026
7 records inserted in traffic table.
Timer fired: Mon May 11 03:41:56 2026
4 records inserted in traffic table.
Timer fired: Mon May 11 03:42:01 2026
4 records inserted in traffic table.
Timer fired: Mon May 11 03:42:06 2026
2 records inserted in traffic table.
Timer fired: Mon May 11 03:42:11 2026
8 records inserted in traffic table.
Timer fired: Mon May 11 03:42:16 2026
1 records inserted in traffic table.
Timer fired: Mon May 11 03:42:21 2026
2 records inserted in traffic table.
Timer fired: Mon May 11 03:42:26 2026
6 records inserted in traffic table.
Timer fired: Mon May 11 03:42:31 2026
5 records inserted in traffic table.
Timer fired: Mon May 11 03:42:36 2026
5 records inserted in traffic table.
Timer fired: Mon May 11 03:42:41 2026
4 records inserted in traffic table.
Timer fired: Mon May 11 03:42:46 2026
6 records inserted in traffic table.
Timer fired: Mon May 11 03:42:51 2026
5 records inserted in traffic table.
Timer fired: Mon May 11 03:42:56 2026
8 records inserted in traffic table.
Timer fired: Mon May 11 03:43:01 2026
6 records inserted in traffic table.
Timer fired: Mon May 11 03:43:06 2026
2 records inserted in traffic table.
Timer fired: Mon May 11 03:43:11 2026
4 records inserted in traffic table.
Timer fired: Mon May 11 03:43:16 2026
4 records inserted in traffic table.
Timer fired: Mon May 11 03:43:21 2026
3 records inserted in traffic table.
Timer fired: Mon May 11 03:43:26 2026
5 records inserted in traffic table.
Timer fired: Mon May 11 03:43:31 2026
4 records inserted in traffic table.
Timer fired: Mon May 11 03:43:36 2026
2 records inserted in traffic table.
Timer fired: Mon May 11 03:43:41 2026
5 records inserted in traffic table.
Timer fired: Mon May 11 03:43:46 2026
5 records inserted in traffic table.
Timer fired: Mon May 11 03:43:51 2026
5 records inserted in traffic table.
Timer fired: Mon May 11 03:43:56 2026
6 records inserted in traffic table.
Timer fired: Mon May 11 03:44:01 2026
3 records inserted in traffic table.
Timer fired: Mon May 11 03:44:06 2026
4 records inserted in traffic table.
Timer fired: Mon May 11 03:44:11 2026
4 records inserted in traffic table.
Timer fired: Mon May 11 03:44:16 2026
1 records inserted in traffic table.
Timer fired: Mon May 11 03:44:21 2026
3 records inserted in traffic table.
Timer fired: Mon May 11 03:44:26 2026
10 records inserted in traffic table.
Timer fired: Mon May 11 03:44:31 2026
6 records inserted in traffic table.
Timer fired: Mon May 11 03:44:36 2026
1 records inserted in traffic table.
Timer fired: Mon May 11 03:44:41 2026
5 records inserted in traffic table.
Timer fired: Mon May 11 03:44:46 2026
5 records inserted in traffic table.
Timer fired: Mon May 11 03:44:51 2026
4 records inserted in traffic table.
Timer fired: Mon May 11 03:44:56 2026
5 records inserted in traffic table.
Timer fired: Mon May 11 03:45:01 2026
3 records inserted in traffic table.
Timer fired: Mon May 11 03:45:06 2026
3 records inserted in traffic table.
Timer fired: Mon May 11 03:45:11 2026
8 records inserted in traffic table.
Timer fired: Mon May 11 03:45:16 2026
2 records inserted in traffic table.
Timer fired: Mon May 11 03:45:21 2026
2 records inserted in traffic table.
Timer fired: Mon May 11 03:45:26 2026
7 records inserted in traffic table.
Timer fired: Mon May 11 03:45:31 2026
5 records inserted in traffic table.
Timer fired: Mon May 11 03:45:36 2026
2 records inserted in traffic table.
Timer fired: Mon May 11 03:45:41 2026
3 records inserted in traffic table.
Timer fired: Mon May 11 03:45:46 2026
4 records inserted in traffic table.
Timer fired: Mon May 11 03:45:51 2026
4 records inserted in traffic table.
Timer fired: Mon May 11 03:45:56 2026
6 records inserted in traffic table.
Timer fired: Mon May 11 03:46:01 2026
5 records inserted in traffic table.
Timer fired: Mon May 11 03:46:06 2026
1 records inserted in traffic table.
Timer fired: Mon May 11 03:46:11 2026
4 records inserted in traffic table.
Timer fired: Mon May 11 03:46:16 2026
1 records inserted in traffic table.
Timer fired: Mon May 11 03:46:21 2026
2 records inserted in traffic table.
Timer fired: Mon May 11 03:46:26 2026
6 records inserted in traffic table.
Timer fired: Mon May 11 03:46:31 2026
5 records inserted in traffic table.
Timer fired: Mon May 11 03:46:36 2026
5 records inserted in traffic table.
Timer fired: Mon May 11 03:46:41 2026
4 records inserted in traffic table.
Timer fired: Mon May 11 03:46:46 2026
5 records inserted in traffic table.
Timer fired: Mon May 11 03:46:51 2026
4 records inserted in traffic table.
Timer fired: Mon May 11 03:46:56 2026
5 records inserted in traffic table.
Timer fired: Mon May 11 03:47:01 2026
5 records inserted in traffic table.
Timer fired: Mon May 11 03:47:06 2026
2 records inserted in traffic table.
Timer fired: Mon May 11 03:47:11 2026
4 records inserted in traffic table.
Timer fired: Mon May 11 03:47:16 2026
2 records inserted in traffic table.
Timer fired: Mon May 11 03:47:21 2026
3 records inserted in traffic table.
Timer fired: Mon May 11 03:47:26 2026
7 records inserted in traffic table.
Timer fired: Mon May 11 03:47:31 2026
5 records inserted in traffic table.
Timer fired: Mon May 11 03:47:36 2026
2 records inserted in traffic table.
Timer fired: Mon May 11 03:47:41 2026
5 records inserted in traffic table.
Timer fired: Mon May 11 03:47:46 2026
6 records inserted in traffic table.
Timer fired: Mon May 11 03:47:51 2026
4 records inserted in traffic table.
Timer fired: Mon May 11 03:47:56 2026
6 records inserted in traffic table.
Timer fired: Mon May 11 03:48:01 2026
4 records inserted in traffic table.
Timer fired: Mon May 11 03:48:06 2026
3 records inserted in traffic table.
Timer fired: Mon May 11 03:48:11 2026
6 records inserted in traffic table.
Timer fired: Mon May 11 03:48:16 2026
2 records inserted in traffic table.
Timer fired: Mon May 11 03:48:21 2026
3 records inserted in traffic table.
Timer fired: Mon May 11 03:48:26 2026
6 records inserted in traffic table.
Timer fired: Mon May 11 03:48:31 2026
5 records inserted in traffic table.
Timer fired: Mon May 11 03:48:36 2026
3 records inserted in traffic table.
Timer fired: Mon May 11 03:48:41 2026
2 records inserted in traffic table.
Timer fired: Mon May 11 03:48:46 2026
5 records inserted in traffic table.
Timer fired: Mon May 11 03:48:51 2026
4 records inserted in traffic table.
Timer fired: Mon May 11 03:48:56 2026
7 records inserted in traffic table.
Timer fired: Mon May 11 03:49:01 2026
6 records inserted in traffic table.
Timer fired: Mon May 11 03:49:06 2026
2 records inserted in traffic table.
Timer fired: Mon May 11 03:49:11 2026
3 records inserted in traffic table.
Timer fired: Mon May 11 03:49:16 2026
1 records inserted in traffic table.
Timer fired: Mon May 11 03:49:21 2026
4 records inserted in traffic table.
Timer fired: Mon May 11 03:49:26 2026
7 records inserted in traffic table.
Timer fired: Mon May 11 03:49:31 2026
5 records inserted in traffic table.
Timer fired: Mon May 11 03:49:36 2026
2 records inserted in traffic table.
Timer fired: Mon May 11 03:49:41 2026
4 records inserted in traffic table.
Timer fired: Mon May 11 03:49:46 2026
5 records inserted in traffic table.
Timer fired: Mon May 11 03:49:51 2026
5 records inserted in traffic table.
Timer fired: Mon May 11 03:49:56 2026
6 records inserted in traffic table.
Timer fired: Mon May 11 03:50:01 2026
4 records inserted in traffic table.
Timer fired: Mon May 11 03:50:06 2026
5 records inserted in traffic table.
Timer fired: Mon May 11 03:50:11 2026
3 records inserted in traffic table.
Timer fired: Mon May 11 03:50:16 2026
2 records inserted in traffic table.
Timer fired: Mon May 11 03:50:21 2026
2 records inserted in traffic table.
Timer fired: Mon May 11 03:50:26 2026
8 records inserted in traffic table.
Timer fired: Mon May 11 03:50:31 2026
6 records inserted in traffic table.
Timer fired: Mon May 11 03:50:36 2026
1 records inserted in traffic table.
Timer fired: Mon May 11 03:50:41 2026
4 records inserted in traffic table.
Timer fired: Mon May 11 03:50:46 2026
6 records inserted in traffic table.
Timer fired: Mon May 11 03:50:51 2026
7 records inserted in traffic table.
Timer fired: Mon May 11 03:50:56 2026
4 records inserted in traffic table.
Timer fired: Mon May 11 03:51:01 2026
4 records inserted in traffic table.
Timer fired: Mon May 11 03:51:06 2026
2 records inserted in traffic table.
Timer fired: Mon May 11 03:51:11 2026
5 records inserted in traffic table.
Timer fired: Mon May 11 03:51:16 2026
2 records inserted in traffic table.
Timer fired: Mon May 11 03:51:21 2026
4 records inserted in traffic table.
Timer fired: Mon May 11 03:51:26 2026
7 records inserted in traffic table.
Timer fired: Mon May 11 03:51:31 2026
7 records inserted in traffic table.
Timer fired: Mon May 11 03:51:36 2026
5 records inserted in traffic table.
Timer fired: Mon May 11 03:51:41 2026
5 records inserted in traffic table.
Timer fired: Mon May 11 03:51:46 2026
6 records inserted in traffic table.
Timer fired: Mon May 11 03:51:51 2026
4 records inserted in traffic table.
Timer fired: Mon May 11 03:51:56 2026
6 records inserted in traffic table.
Timer fired: Mon May 11 03:52:01 2026
4 records inserted in traffic table.
Timer fired: Mon May 11 03:52:06 2026
2 records inserted in traffic table.
Timer fired: Mon May 11 03:52:11 2026
5 records inserted in traffic table.
Timer fired: Mon May 11 03:52:16 2026
3 records inserted in traffic table.
Timer fired: Mon May 11 03:52:21 2026
3 records inserted in traffic table.
Timer fired: Mon May 11 03:52:26 2026
7 records inserted in traffic table.
Timer fired: Mon May 11 03:52:31 2026
5 records inserted in traffic table.
Timer fired: Mon May 11 03:52:36 2026
2 records inserted in traffic table.
Timer fired: Mon May 11 03:52:41 2026
4 records inserted in traffic table.
Timer fired: Mon May 11 03:52:46 2026
5 records inserted in traffic table.
Timer fired: Mon May 11 03:52:51 2026
5 records inserted in traffic table.
Timer fired: Mon May 11 03:52:56 2026
5 records inserted in traffic table.
Timer fired: Mon May 11 03:53:01 2026
5 records inserted in traffic table.
Timer fired: Mon May 11 03:53:06 2026
4 records inserted in traffic table.
Timer fired: Mon May 11 03:53:11 2026
3 records inserted in traffic table.
Timer fired: Mon May 11 03:53:16 2026
1 records inserted in traffic table.
Timer fired: Mon May 11 03:53:21 2026
3 records inserted in traffic table.
Timer fired: Mon May 11 03:53:26 2026
11 records inserted in traffic table.
Timer fired: Mon May 11 03:53:31 2026
5 records inserted in traffic table.
Timer fired: Mon May 11 03:53:36 2026
2 records inserted in traffic table.
Timer fired: Mon May 11 03:53:41 2026
3 records inserted in traffic table.
Timer fired: Mon May 11 03:53:46 2026
6 records inserted in traffic table.
Timer fired: Mon May 11 03:53:51 2026
5 records inserted in traffic table.
Timer fired: Mon May 11 03:53:56 2026
5 records inserted in traffic table.
Timer fired: Mon May 11 03:54:01 2026
3 records inserted in traffic table.
Timer fired: Mon May 11 03:54:06 2026
3 records inserted in traffic table.
Timer fired: Mon May 11 03:54:11 2026
5 records inserted in traffic table.
Timer fired: Mon May 11 03:54:16 2026
2 records inserted in traffic table.
Timer fired: Mon May 11 03:54:21 2026
2 records inserted in traffic table.
Timer fired: Mon May 11 03:54:26 2026
6 records inserted in traffic table.
Timer fired: Mon May 11 03:54:31 2026
7 records inserted in traffic table.
Timer fired: Mon May 11 03:54:36 2026
2 records inserted in traffic table.
Timer fired: Mon May 11 03:54:41 2026
4 records inserted in traffic table.
Timer fired: Mon May 11 03:54:46 2026
4 records inserted in traffic table.
Timer fired: Mon May 11 03:54:51 2026
4 records inserted in traffic table.
Timer fired: Mon May 11 03:54:56 2026
7 records inserted in traffic table.
Timer fired: Mon May 11 03:55:01 2026
4 records inserted in traffic table.
Timer fired: Mon May 11 03:55:06 2026
4 records inserted in traffic table.
Timer fired: Mon May 11 03:55:11 2026
3 records inserted in traffic table.
Timer fired: Mon May 11 03:55:16 2026
4 records inserted in traffic table.
Timer fired: Mon May 11 03:55:21 2026
2 records inserted in traffic table.
Timer fired: Mon May 11 03:55:26 2026
6 records inserted in traffic table.
Timer fired: Mon May 11 03:55:31 2026
6 records inserted in traffic table.
Timer fired: Mon May 11 03:55:36 2026
3 records inserted in traffic table.
Timer fired: Mon May 11 03:55:41 2026
5 records inserted in traffic table.
Timer fired: Mon May 11 03:55:46 2026
5 records inserted in traffic table.
Timer fired: Mon May 11 03:55:51 2026
5 records inserted in traffic table.
Timer fired: Mon May 11 03:55:56 2026
5 records inserted in traffic table.
Timer fired: Mon May 11 03:56:01 2026
4 records inserted in traffic table.
Timer fired: Mon May 11 03:56:06 2026
2 records inserted in traffic table.
Timer fired: Mon May 11 03:56:11 2026
4 records inserted in traffic table.
Timer fired: Mon May 11 03:56:16 2026
2 records inserted in traffic table.
Timer fired: Mon May 11 03:56:21 2026
2 records inserted in traffic table.
Timer fired: Mon May 11 03:56:26 2026
10 records inserted in traffic table.
Timer fired: Mon May 11 03:56:31 2026
4 records inserted in traffic table.
Timer fired: Mon May 11 03:56:36 2026
2 records inserted in traffic table.
Timer fired: Mon May 11 03:56:41 2026
3 records inserted in traffic table.
Timer fired: Mon May 11 03:56:46 2026
7 records inserted in traffic table.
Timer fired: Mon May 11 03:56:51 2026
4 records inserted in traffic table.
Timer fired: Mon May 11 03:56:56 2026
6 records inserted in traffic table.
Timer fired: Mon May 11 03:57:01 2026
5 records inserted in traffic table.
Timer fired: Mon May 11 03:57:06 2026
1 records inserted in traffic table.
Timer fired: Mon May 11 03:57:11 2026
7 records inserted in traffic table.
Timer fired: Mon May 11 03:57:16 2026
2 records inserted in traffic table.
Timer fired: Mon May 11 03:57:21 2026
2 records inserted in traffic table.
Timer fired: Mon May 11 03:57:26 2026
7 records inserted in traffic table.
Timer fired: Mon May 11 03:57:31 2026
5 records inserted in traffic table.
Timer fired: Mon May 11 03:57:36 2026
1 records inserted in traffic table.
Timer fired: Mon May 11 03:57:41 2026
4 records inserted in traffic table.
Timer fired: Mon May 11 03:57:46 2026
6 records inserted in traffic table.
Timer fired: Mon May 11 03:57:51 2026
4 records inserted in traffic table.
Timer fired: Mon May 11 03:57:56 2026
8 records inserted in traffic table.
Timer fired: Mon May 11 03:58:01 2026
3 records inserted in traffic table.
Timer fired: Mon May 11 03:58:06 2026
3 records inserted in traffic table.
Timer fired: Mon May 11 03:58:11 2026
4 records inserted in traffic table.
Timer fired: Mon May 11 03:58:16 2026
3 records inserted in traffic table.
Timer fired: Mon May 11 03:58:21 2026
4 records inserted in traffic table.
Timer fired: Mon May 11 03:58:26 2026
6 records inserted in traffic table.
Timer fired: Mon May 11 03:58:31 2026
3 records inserted in traffic table.
Timer fired: Mon May 11 03:58:36 2026
2 records inserted in traffic table.
Timer fired: Mon May 11 03:58:41 2026
4 records inserted in traffic table.
Timer fired: Mon May 11 03:58:46 2026
5 records inserted in traffic table.
Timer fired: Mon May 11 03:58:51 2026
5 records inserted in traffic table.
Timer fired: Mon May 11 03:58:56 2026
7 records inserted in traffic table.
Timer fired: Mon May 11 03:59:01 2026
5 records inserted in traffic table.
Timer fired: Mon May 11 03:59:06 2026
4 records inserted in traffic table.
Timer fired: Mon May 11 03:59:11 2026
4 records inserted in traffic table.
Timer fired: Mon May 11 03:59:16 2026
2 records inserted in traffic table.
Timer fired: Mon May 11 03:59:21 2026
2 records inserted in traffic table.
Timer fired: Mon May 11 03:59:26 2026
9 records inserted in traffic table.
Timer fired: Mon May 11 03:59:31 2026
3 records inserted in traffic table.
Timer fired: Mon May 11 03:59:36 2026
3 records inserted in traffic table.
Timer fired: Mon May 11 03:59:41 2026
4 records inserted in traffic table.
Timer fired: Mon May 11 03:59:46 2026
7 records inserted in traffic table.
Timer fired: Mon May 11 03:59:51 2026
6 records inserted in traffic table.
Timer fired: Mon May 11 03:59:56 2026
6 records inserted in traffic table.
Timer fired: Mon May 11 04:00:01 2026
3 records inserted in traffic table.
Timer fired: Mon May 11 04:00:06 2026
3 records inserted in traffic table.
Timer fired: Mon May 11 04:00:11 2026
6 records inserted in traffic table.
Timer fired: Mon May 11 04:00:16 2026
7 records inserted in traffic table.
Timer fired: Mon May 11 04:00:21 2026
3 records inserted in traffic table.
Timer fired: Mon May 11 04:00:26 2026
6 records inserted in traffic table.
Timer fired: Mon May 11 04:00:31 2026
3 records inserted in traffic table.
Timer fired: Mon May 11 04:00:36 2026
1 records inserted in traffic table.
Timer fired: Mon May 11 04:00:41 2026
2 records inserted in traffic table.
Timer fired: Mon May 11 04:00:46 2026
5 records inserted in traffic table.
Timer fired: Mon May 11 04:00:51 2026
5 records inserted in traffic table.
Timer fired: Mon May 11 04:00:56 2026
8 records inserted in traffic table.
Timer fired: Mon May 11 04:01:01 2026
3 records inserted in traffic table.
Timer fired: Mon May 11 04:01:06 2026
2 records inserted in traffic table.
Timer fired: Mon May 11 04:01:11 2026
4 records inserted in traffic table.
Timer fired: Mon May 11 04:01:16 2026
1 records inserted in traffic table.
Timer fired: Mon May 11 04:01:21 2026
2 records inserted in traffic table.
Timer fired: Mon May 11 04:01:26 2026
8 records inserted in traffic table.
Timer fired: Mon May 11 04:01:31 2026
2 records inserted in traffic table.
Timer fired: Mon May 11 04:01:36 2026
5 records inserted in traffic table.
Timer fired: Mon May 11 04:01:41 2026
4 records inserted in traffic table.
Timer fired: Mon May 11 04:01:46 2026
4 records inserted in traffic table.
Timer fired: Mon May 11 04:01:51 2026
4 records inserted in traffic table.
Timer fired: Mon May 11 04:01:56 2026
6 records inserted in traffic table.
Timer fired: Mon May 11 04:02:01 2026
3 records inserted in traffic table.
Timer fired: Mon May 11 04:02:06 2026
1 records inserted in traffic table.
Timer fired: Mon May 11 04:02:11 2026
4 records inserted in traffic table.
Timer fired: Mon May 11 04:02:16 2026
2 records inserted in traffic table.
Timer fired: Mon May 11 04:02:21 2026
2 records inserted in traffic table.
Timer fired: Mon May 11 04:02:26 2026
9 records inserted in traffic table.
Timer fired: Mon May 11 04:02:31 2026
3 records inserted in traffic table.
Timer fired: Mon May 11 04:02:36 2026
2 records inserted in traffic table.
Timer fired: Mon May 11 04:02:41 2026
3 records inserted in traffic table.
Timer fired: Mon May 11 04:02:46 2026
5 records inserted in traffic table.
Timer fired: Mon May 11 04:02:51 2026
5 records inserted in traffic table.
Timer fired: Mon May 11 04:02:56 2026
6 records inserted in traffic table.
Timer fired: Mon May 11 04:03:01 2026
3 records inserted in traffic table.
Timer fired: Mon May 11 04:03:06 2026
2 records inserted in traffic table.
Timer fired: Mon May 11 04:03:11 2026
6 records inserted in traffic table.
Timer fired: Mon May 11 04:03:16 2026
2 records inserted in traffic table.
Timer fired: Mon May 11 04:03:21 2026
3 records inserted in traffic table.
Timer fired: Mon May 11 04:03:26 2026
8 records inserted in traffic table.
Timer fired: Mon May 11 04:03:31 2026
4 records inserted in traffic table.
Timer fired: Mon May 11 04:03:36 2026
1 records inserted in traffic table.
Timer fired: Mon May 11 04:03:41 2026
3 records inserted in traffic table.
Timer fired: Mon May 11 04:03:46 2026
4 records inserted in traffic table.
Timer fired: Mon May 11 04:03:51 2026
5 records inserted in traffic table.
Timer fired: Mon May 11 04:03:56 2026
9 records inserted in traffic table.
Timer fired: Mon May 11 04:04:01 2026
4 records inserted in traffic table.
Timer fired: Mon May 11 04:04:06 2026
1 records inserted in traffic table.
Timer fired: Mon May 11 04:04:11 2026
3 records inserted in traffic table.
Timer fired: Mon May 11 04:04:16 2026
1 records inserted in traffic table.
Timer fired: Mon May 11 04:04:21 2026
4 records inserted in traffic table.
Timer fired: Mon May 11 04:04:26 2026
8 records inserted in traffic table.
Timer fired: Mon May 11 04:04:31 2026
3 records inserted in traffic table.
Timer fired: Mon May 11 04:04:36 2026
1 records inserted in traffic table.
Timer fired: Mon May 11 04:04:41 2026
5 records inserted in traffic table.
Timer fired: Mon May 11 04:04:46 2026
5 records inserted in traffic table.
Timer fired: Mon May 11 04:04:51 2026
5 records inserted in traffic table.
Timer fired: Mon May 11 04:04:56 2026
6 records inserted in traffic table.
Timer fired: Mon May 11 04:05:01 2026
3 records inserted in traffic table.
Timer fired: Mon May 11 04:05:06 2026
4 records inserted in traffic table.
Timer fired: Mon May 11 04:05:11 2026
4 records inserted in traffic table.
Timer fired: Mon May 11 04:05:16 2026
1 records inserted in traffic table.
Timer fired: Mon May 11 04:05:21 2026
3 records inserted in traffic table.
Timer fired: Mon May 11 04:05:26 2026
11 records inserted in traffic table.
Timer fired: Mon May 11 04:05:31 2026
4 records inserted in traffic table.
Timer fired: Mon May 11 04:05:36 2026
1 records inserted in traffic table.
Timer fired: Mon May 11 04:05:41 2026
2 records inserted in traffic table.
Timer fired: Mon May 11 04:05:46 2026
6 records inserted in traffic table.
Timer fired: Mon May 11 04:05:51 2026
6 records inserted in traffic table.
Timer fired: Mon May 11 04:05:56 2026
6 records inserted in traffic table.
Timer fired: Mon May 11 04:06:01 2026
3 records inserted in traffic table.
Timer fired: Mon May 11 04:06:06 2026
1 records inserted in traffic table.
Timer fired: Mon May 11 04:06:11 2026
6 records inserted in traffic table.
Timer fired: Mon May 11 04:06:16 2026
2 records inserted in traffic table.
Timer fired: Mon May 11 04:06:21 2026
3 records inserted in traffic table.
Timer fired: Mon May 11 04:06:26 2026
7 records inserted in traffic table.
Timer fired: Mon May 11 04:06:31 2026
3 records inserted in traffic table.
Timer fired: Mon May 11 04:06:36 2026
3 records inserted in traffic table.
Timer fired: Mon May 11 04:06:41 2026
5 records inserted in traffic table.
Timer fired: Mon May 11 04:06:46 2026
4 records inserted in traffic table.
Timer fired: Mon May 11 04:06:51 2026
5 records inserted in traffic table.
Timer fired: Mon May 11 04:06:56 2026
8 records inserted in traffic table.
Timer fired: Mon May 11 04:07:01 2026
5 records inserted in traffic table.
Timer fired: Mon May 11 04:07:06 2026
2 records inserted in traffic table.
Timer fired: Mon May 11 04:07:11 2026
4 records inserted in traffic table.
Timer fired: Mon May 11 04:07:16 2026
2 records inserted in traffic table.
Timer fired: Mon May 11 04:07:21 2026
6 records inserted in traffic table.
Timer fired: Mon May 11 04:07:26 2026
7 records inserted in traffic table.
Timer fired: Mon May 11 04:07:31 2026
4 records inserted in traffic table.
Timer fired: Mon May 11 04:07:36 2026
2 records inserted in traffic table.
Timer fired: Mon May 11 04:07:41 2026
5 records inserted in traffic table.
Timer fired: Mon May 11 04:07:46 2026
5 records inserted in traffic table.
Timer fired: Mon May 11 04:07:51 2026
5 records inserted in traffic table.
Timer fired: Mon May 11 04:07:56 2026
5 records inserted in traffic table.
Timer fired: Mon May 11 04:08:01 2026
4 records inserted in traffic table.
Timer fired: Mon May 11 04:08:06 2026
4 records inserted in traffic table.
Timer fired: Mon May 11 04:08:11 2026
5 records inserted in traffic table.
Timer fired: Mon May 11 04:08:16 2026
2 records inserted in traffic table.
Timer fired: Mon May 11 04:08:21 2026
3 records inserted in traffic table.
Timer fired: Mon May 11 04:08:26 2026
9 records inserted in traffic table.
Timer fired: Mon May 11 04:08:31 2026
3 records inserted in traffic table.
Timer fired: Mon May 11 04:08:36 2026
2 records inserted in traffic table.
Timer fired: Mon May 11 04:08:41 2026
2 records inserted in traffic table.
Timer fired: Mon May 11 04:08:46 2026
4 records inserted in traffic table.
Timer fired: Mon May 11 04:08:51 2026
7 records inserted in traffic table.
Timer fired: Mon May 11 04:08:56 2026
6 records inserted in traffic table.
Timer fired: Mon May 11 04:09:01 2026
4 records inserted in traffic table.
Timer fired: Mon May 11 04:09:06 2026
2 records inserted in traffic table.
Timer fired: Mon May 11 04:09:11 2026
6 records inserted in traffic table.
Timer fired: Mon May 11 04:09:16 2026
3 records inserted in traffic table.
Timer fired: Mon May 11 04:09:21 2026
3 records inserted in traffic table.
Timer fired: Mon May 11 04:09:26 2026
6 records inserted in traffic table.
Timer fired: Mon May 11 04:09:31 2026
3 records inserted in traffic table.
Timer fired: Mon May 11 04:09:36 2026
4 records inserted in traffic table.
Timer fired: Mon May 11 04:09:41 2026
3 records inserted in traffic table.
Timer fired: Mon May 11 04:09:46 2026
8 records inserted in traffic table.
Timer fired: Mon May 11 04:09:51 2026
4 records inserted in traffic table.
Timer fired: Mon May 11 04:09:56 2026
7 records inserted in traffic table.
Timer fired: Mon May 11 04:10:01 2026
3 records inserted in traffic table.
Timer fired: Mon May 11 04:10:06 2026
4 records inserted in traffic table.
Timer fired: Mon May 11 04:10:11 2026
2 records inserted in traffic table.
Timer fired: Mon May 11 04:10:16 2026
1 records inserted in traffic table.
Timer fired: Mon May 11 04:10:21 2026
2 records inserted in traffic table.
Timer fired: Mon May 11 04:10:26 2026
8 records inserted in traffic table.
Timer fired: Mon May 11 04:10:31 2026
2 records inserted in traffic table.
Timer fired: Mon May 11 04:10:36 2026
2 records inserted in traffic table.
Timer fired: Mon May 11 04:10:41 2026
4 records inserted in traffic table.
Timer fired: Mon May 11 04:10:46 2026
6 records inserted in traffic table.
Timer fired: Mon May 11 04:10:51 2026
6 records inserted in traffic table.
Timer fired: Mon May 11 04:10:56 2026
6 records inserted in traffic table.
Timer fired: Mon May 11 04:11:01 2026
3 records inserted in traffic table.
Timer fired: Mon May 11 04:11:06 2026
3 records inserted in traffic table.
Timer fired: Mon May 11 04:11:11 2026
5 records inserted in traffic table.
Timer fired: Mon May 11 04:11:16 2026
2 records inserted in traffic table.
Timer fired: Mon May 11 04:11:21 2026
2 records inserted in traffic table.
Timer fired: Mon May 11 04:11:26 2026
11 records inserted in traffic table.
Timer fired: Mon May 11 04:11:31 2026
9 records inserted in traffic table.
Timer fired: Mon May 11 04:11:36 2026
2 records inserted in traffic table.
Timer fired: Mon May 11 04:11:41 2026
3 records inserted in traffic table.
Timer fired: Mon May 11 04:11:46 2026
5 records inserted in traffic table.
Timer fired: Mon May 11 04:11:51 2026
5 records inserted in traffic table.
Timer fired: Mon May 11 04:11:56 2026
5 records inserted in traffic table.
Timer fired: Mon May 11 04:12:01 2026
4 records inserted in traffic table.
Timer fired: Mon May 11 04:12:06 2026
4 records inserted in traffic table.
Timer fired: Mon May 11 04:12:11 2026
4 records inserted in traffic table.
Timer fired: Mon May 11 04:12:16 2026
4 records inserted in traffic table.
Timer fired: Mon May 11 04:12:21 2026
1 records inserted in traffic table.
Timer fired: Mon May 11 04:12:26 2026
7 records inserted in traffic table.
Timer fired: Mon May 11 04:12:31 2026
5 records inserted in traffic table.
Timer fired: Mon May 11 04:12:36 2026
3 records inserted in traffic table.
Timer fired: Mon May 11 04:12:41 2026
1 records inserted in traffic table.
Timer fired: Mon May 11 04:12:46 2026
5 records inserted in traffic table.
Timer fired: Mon May 11 04:12:51 2026
5 records inserted in traffic table.
Timer fired: Mon May 11 04:12:56 2026
8 records inserted in traffic table.
Timer fired: Mon May 11 04:13:01 2026
5 records inserted in traffic table.
Timer fired: Mon May 11 04:13:06 2026
3 records inserted in traffic table.
Timer fired: Mon May 11 04:13:11 2026
3 records inserted in traffic table.
Timer fired: Mon May 11 04:13:16 2026
2 records inserted in traffic table.
Timer fired: Mon May 11 04:13:21 2026
2 records inserted in traffic table.
Timer fired: Mon May 11 04:13:26 2026
7 records inserted in traffic table.
Timer fired: Mon May 11 04:13:31 2026
5 records inserted in traffic table.
Timer fired: Mon May 11 04:13:36 2026
3 records inserted in traffic table.
Timer fired: Mon May 11 04:13:41 2026
4 records inserted in traffic table.
Timer fired: Mon May 11 04:13:46 2026
7 records inserted in traffic table.
Timer fired: Mon May 11 04:13:51 2026
4 records inserted in traffic table.
Timer fired: Mon May 11 04:13:56 2026
5 records inserted in traffic table.
Timer fired: Mon May 11 04:14:01 2026
3 records inserted in traffic table.
Timer fired: Mon May 11 04:14:06 2026
5 records inserted in traffic table.
Timer fired: Mon May 11 04:14:11 2026
3 records inserted in traffic table.
Timer fired: Mon May 11 04:14:16 2026
2 records inserted in traffic table.
Timer fired: Mon May 11 04:14:21 2026
1 records inserted in traffic table.
Timer fired: Mon May 11 04:14:26 2026
10 records inserted in traffic table.
Timer fired: Mon May 11 04:14:31 2026
7 records inserted in traffic table.
Timer fired: Mon May 11 04:14:36 2026
2 records inserted in traffic table.
Timer fired: Mon May 11 04:14:41 2026
2 records inserted in traffic table.
Timer fired: Mon May 11 04:14:46 2026
10 records inserted in traffic table.
Timer fired: Mon May 11 04:14:51 2026
5 records inserted in traffic table.
Timer fired: Mon May 11 04:14:56 2026
5 records inserted in traffic table.
Timer fired: Mon May 11 04:15:01 2026
2 records inserted in traffic table.
Timer fired: Mon May 11 04:15:06 2026
6 records inserted in traffic table.
Timer fired: Mon May 11 04:15:11 2026
5 records inserted in traffic table.
Timer fired: Mon May 11 04:15:16 2026
2 records inserted in traffic table.
Timer fired: Mon May 11 04:15:21 2026
2 records inserted in traffic table.
Timer fired: Mon May 11 04:15:26 2026
7 records inserted in traffic table.
Timer fired: Mon May 11 04:15:31 2026
7 records inserted in traffic table.
Timer fired: Mon May 11 04:15:36 2026
7 records inserted in traffic table.
Timer fired: Mon May 11 04:15:41 2026
1 records inserted in traffic table.
Timer fired: Mon May 11 04:15:46 2026
5 records inserted in traffic table.
Timer fired: Mon May 11 04:15:51 2026
4 records inserted in traffic table.
Timer fired: Mon May 11 04:15:56 2026
8 records inserted in traffic table.
Timer fired: Mon May 11 04:16:01 2026
4 records inserted in traffic table.
Timer fired: Mon May 11 04:16:06 2026
2 records inserted in traffic table.
Timer fired: Mon May 11 04:16:11 2026
2 records inserted in traffic table.
Timer fired: Mon May 11 04:16:16 2026
4 records inserted in traffic table.
Timer fired: Mon May 11 04:16:21 2026
6 records inserted in traffic table.
Timer fired: Mon May 11 04:16:26 2026
6 records inserted in traffic table.
Timer fired: Mon May 11 04:16:31 2026
5 records inserted in traffic table.
Timer fired: Mon May 11 04:16:36 2026
4 records inserted in traffic table.
Timer fired: Mon May 11 04:16:41 2026
3 records inserted in traffic table.
Timer fired: Mon May 11 04:16:46 2026
6 records inserted in traffic table.
Timer fired: Mon May 11 04:16:51 2026
4 records inserted in traffic table.
Timer fired: Mon May 11 04:16:56 2026
6 records inserted in traffic table.
Timer fired: Mon May 11 04:17:01 2026
4 records inserted in traffic table.
Timer fired: Mon May 11 04:17:06 2026
6 records inserted in traffic table.
Timer fired: Mon May 11 04:17:11 2026
3 records inserted in traffic table.
Timer fired: Mon May 11 04:17:16 2026
3 records inserted in traffic table.
Timer fired: Mon May 11 04:17:21 2026
2 records inserted in traffic table.
Timer fired: Mon May 11 04:17:26 2026
8 records inserted in traffic table.
Timer fired: Mon May 11 04:17:31 2026
5 records inserted in traffic table.
Timer fired: Mon May 11 04:17:36 2026
2 records inserted in traffic table.
Timer fired: Mon May 11 04:17:41 2026
1 records inserted in traffic table.
Timer fired: Mon May 11 04:17:46 2026
7 records inserted in traffic table.
Timer fired: Mon May 11 04:17:51 2026
8 records inserted in traffic table.
Timer fired: Mon May 11 04:17:56 2026
5 records inserted in traffic table.
Timer fired: Mon May 11 04:18:01 2026
3 records inserted in traffic table.
Timer fired: Mon May 11 04:18:06 2026
3 records inserted in traffic table.
Timer fired: Mon May 11 04:18:11 2026
5 records inserted in traffic table.
Timer fired: Mon May 11 04:18:16 2026
3 records inserted in traffic table.
Timer fired: Mon May 11 04:18:21 2026
1 records inserted in traffic table.
Timer fired: Mon May 11 04:18:26 2026
6 records inserted in traffic table.
Timer fired: Mon May 11 04:18:31 2026
4 records inserted in traffic table.
Timer fired: Mon May 11 04:18:36 2026
3 records inserted in traffic table.
Timer fired: Mon May 11 04:18:41 2026
2 records inserted in traffic table.
Timer fired: Mon May 11 04:18:46 2026
7 records inserted in traffic table.
Timer fired: Mon May 11 04:18:51 2026
4 records inserted in traffic table.
Timer fired: Mon May 11 04:18:56 2026
8 records inserted in traffic table.
Timer fired: Mon May 11 04:19:01 2026
3 records inserted in traffic table.
Timer fired: Mon May 11 04:19:06 2026
4 records inserted in traffic table.
Timer fired: Mon May 11 04:19:11 2026
3 records inserted in traffic table.
Timer fired: Mon May 11 04:19:16 2026
3 records inserted in traffic table.
Timer fired: Mon May 11 04:19:21 2026
2 records inserted in traffic table.
Timer fired: Mon May 11 04:19:26 2026
8 records inserted in traffic table.
Timer fired: Mon May 11 04:19:31 2026
4 records inserted in traffic table.
Timer fired: Mon May 11 04:19:36 2026
2 records inserted in traffic table.
Timer fired: Mon May 11 04:19:41 2026
4 records inserted in traffic table.
Timer fired: Mon May 11 04:19:46 2026
9 records inserted in traffic table.
Timer fired: Mon May 11 04:19:51 2026
4 records inserted in traffic table.
Timer fired: Mon May 11 04:19:56 2026
5 records inserted in traffic table.
Timer fired: Mon May 11 04:20:01 2026
1 records inserted in traffic table.
Timer fired: Mon May 11 04:20:06 2026
4 records inserted in traffic table.
Timer fired: Mon May 11 04:20:11 2026
3 records inserted in traffic table.
Timer fired: Mon May 11 04:20:16 2026
4 records inserted in traffic table.
Timer fired: Mon May 11 04:20:21 2026
1 records inserted in traffic table.
Timer fired: Mon May 11 04:20:26 2026
8 records inserted in traffic table.
Timer fired: Mon May 11 04:20:31 2026
7 records inserted in traffic table.
Timer fired: Mon May 11 04:20:36 2026
1 records inserted in traffic table.
Timer fired: Mon May 11 04:20:41 2026
2 records inserted in traffic table.
Timer fired: Mon May 11 04:20:46 2026
6 records inserted in traffic table.
Timer fired: Mon May 11 04:20:51 2026
5 records inserted in traffic table.
Timer fired: Mon May 11 04:20:56 2026
5 records inserted in traffic table.
Timer fired: Mon May 11 04:21:01 2026
3 records inserted in traffic table.
Timer fired: Mon May 11 04:21:06 2026
3 records inserted in traffic table.
Timer fired: Mon May 11 04:21:11 2026
4 records inserted in traffic table.
Timer fired: Mon May 11 04:21:16 2026
4 records inserted in traffic table.
Timer fired: Mon May 11 04:21:21 2026
2 records inserted in traffic table.
Timer fired: Mon May 11 04:21:26 2026
7 records inserted in traffic table.
Timer fired: Mon May 11 04:21:31 2026
5 records inserted in traffic table.
Timer fired: Mon May 11 04:21:36 2026
2 records inserted in traffic table.
Timer fired: Mon May 11 04:21:41 2026
4 records inserted in traffic table.
Timer fired: Mon May 11 04:21:46 2026
5 records inserted in traffic table.
Timer fired: Mon May 11 04:21:51 2026
4 records inserted in traffic table.
Timer fired: Mon May 11 04:21:56 2026
7 records inserted in traffic table.
Timer fired: Mon May 11 04:22:01 2026
4 records inserted in traffic table.
Timer fired: Mon May 11 04:22:06 2026
4 records inserted in traffic table.
Timer fired: Mon May 11 04:22:11 2026
3 records inserted in traffic table.
Timer fired: Mon May 11 04:22:16 2026
2 records inserted in traffic table.
Timer fired: Mon May 11 04:22:21 2026
1 records inserted in traffic table.
Timer fired: Mon May 11 04:22:26 2026
7 records inserted in traffic table.
Timer fired: Mon May 11 04:22:31 2026
6 records inserted in traffic table.
Timer fired: Mon May 11 04:22:36 2026
2 records inserted in traffic table.
Timer fired: Mon May 11 04:22:41 2026
3 records inserted in traffic table.
Timer fired: Mon May 11 04:22:46 2026
6 records inserted in traffic table.
Timer fired: Mon May 11 04:22:51 2026
5 records inserted in traffic table.
Timer fired: Mon May 11 04:22:56 2026
7 records inserted in traffic table.
Timer fired: Mon May 11 04:23:01 2026
5 records inserted in traffic table.
Timer fired: Mon May 11 04:23:06 2026
3 records inserted in traffic table.
Timer fired: Mon May 11 04:23:11 2026
4 records inserted in traffic table.
Timer fired: Mon May 11 04:23:16 2026
4 records inserted in traffic table.
Timer fired: Mon May 11 04:23:21 2026
2 records inserted in traffic table.
Timer fired: Mon May 11 04:23:26 2026
9 records inserted in traffic table.
Timer fired: Mon May 11 04:23:31 2026
4 records inserted in traffic table.
Timer fired: Mon May 11 04:23:36 2026
2 records inserted in traffic table.
Timer fired: Mon May 11 04:23:41 2026
2 records inserted in traffic table.
Timer fired: Mon May 11 04:23:46 2026
10 records inserted in traffic table.
Timer fired: Mon May 11 04:23:51 2026
4 records inserted in traffic table.
Timer fired: Mon May 11 04:23:56 2026
5 records inserted in traffic table.
Timer fired: Mon May 11 04:24:01 2026
5 records inserted in traffic table.
Timer fired: Mon May 11 04:24:06 2026
3 records inserted in traffic table.
Timer fired: Mon May 11 04:24:11 2026
4 records inserted in traffic table.
Timer fired: Mon May 11 04:24:16 2026
3 records inserted in traffic table.
Timer fired: Mon May 11 04:24:21 2026
2 records inserted in traffic table.
Timer fired: Mon May 11 04:24:26 2026
8 records inserted in traffic table.
Timer fired: Mon May 11 04:24:31 2026
5 records inserted in traffic table.
Timer fired: Mon May 11 04:24:36 2026
3 records inserted in traffic table.
Timer fired: Mon May 11 04:24:41 2026
1 records inserted in traffic table.
Timer fired: Mon May 11 04:24:46 2026
7 records inserted in traffic table.
Timer fired: Mon May 11 04:24:51 2026
5 records inserted in traffic table.
Timer fired: Mon May 11 04:24:56 2026
8 records inserted in traffic table.
Timer fired: Mon May 11 04:25:01 2026
4 records inserted in traffic table.
Timer fired: Mon May 11 04:25:06 2026
5 records inserted in traffic table.
Timer fired: Mon May 11 04:25:11 2026
3 records inserted in traffic table.
Timer fired: Mon May 11 04:25:16 2026
5 records inserted in traffic table.
Timer fired: Mon May 11 04:25:21 2026
3 records inserted in traffic table.
Timer fired: Mon May 11 04:25:26 2026
7 records inserted in traffic table.
Timer fired: Mon May 11 04:25:31 2026
6 records inserted in traffic table.
Timer fired: Mon May 11 04:25:36 2026
1 records inserted in traffic table.
Timer fired: Mon May 11 04:25:41 2026
3 records inserted in traffic table.
Timer fired: Mon May 11 04:25:46 2026
5 records inserted in traffic table.
Timer fired: Mon May 11 04:25:51 2026
4 records inserted in traffic table.
Timer fired: Mon May 11 04:25:56 2026
6 records inserted in traffic table.
Timer fired: Mon May 11 04:26:01 2026
2 records inserted in traffic table.
Timer fired: Mon May 11 04:26:06 2026
4 records inserted in traffic table.
Timer fired: Mon May 11 04:26:11 2026
4 records inserted in traffic table.
Timer fired: Mon May 11 04:26:16 2026
3 records inserted in traffic table.
Timer fired: Mon May 11 04:26:21 2026
1 records inserted in traffic table.
Timer fired: Mon May 11 04:26:26 2026
8 records inserted in traffic table.
Timer fired: Mon May 11 04:26:31 2026
4 records inserted in traffic table.
Timer fired: Mon May 11 04:26:36 2026
2 records inserted in traffic table.
Timer fired: Mon May 11 04:26:41 2026
2 records inserted in traffic table.
Timer fired: Mon May 11 04:26:46 2026
7 records inserted in traffic table.
Timer fired: Mon May 11 04:26:51 2026
7 records inserted in traffic table.
Timer fired: Mon May 11 04:26:56 2026
8 records inserted in traffic table.
Timer fired: Mon May 11 04:27:01 2026
3 records inserted in traffic table.
Timer fired: Mon May 11 04:27:06 2026
3 records inserted in traffic table.
Timer fired: Mon May 11 04:27:11 2026
6 records inserted in traffic table.
Timer fired: Mon May 11 04:27:16 2026
3 records inserted in traffic table.
Timer fired: Mon May 11 04:27:21 2026
1 records inserted in traffic table.
Timer fired: Mon May 11 04:27:26 2026
6 records inserted in traffic table.
Timer fired: Mon May 11 04:27:31 2026
5 records inserted in traffic table.
Timer fired: Mon May 11 04:27:36 2026
5 records inserted in traffic table.
Timer fired: Mon May 11 04:27:41 2026
3 records inserted in traffic table.
Timer fired: Mon May 11 04:27:46 2026
9 records inserted in traffic table.
Timer fired: Mon May 11 04:27:51 2026
4 records inserted in traffic table.
Timer fired: Mon May 11 04:27:56 2026
8 records inserted in traffic table.
Timer fired: Mon May 11 04:28:01 2026
4 records inserted in traffic table.
Timer fired: Mon May 11 04:28:06 2026
3 records inserted in traffic table.
Timer fired: Mon May 11 04:28:11 2026
3 records inserted in traffic table.
Timer fired: Mon May 11 04:28:16 2026
4 records inserted in traffic table.
Timer fired: Mon May 11 04:28:21 2026
3 records inserted in traffic table.
Timer fired: Mon May 11 04:28:26 2026
6 records inserted in traffic table.
Timer fired: Mon May 11 04:28:31 2026
4 records inserted in traffic table.
Timer fired: Mon May 11 04:28:36 2026
1 records inserted in traffic table.
Timer fired: Mon May 11 04:28:41 2026
3 records inserted in traffic table.
Timer fired: Mon May 11 04:28:46 2026
7 records inserted in traffic table.
Timer fired: Mon May 11 04:28:51 2026
5 records inserted in traffic table.
Timer fired: Mon May 11 04:28:56 2026
6 records inserted in traffic table.
Timer fired: Mon May 11 04:29:01 2026
1 records inserted in traffic table.
Timer fired: Mon May 11 04:29:06 2026
4 records inserted in traffic table.
Timer fired: Mon May 11 04:29:11 2026
3 records inserted in traffic table.
Timer fired: Mon May 11 04:29:16 2026
3 records inserted in traffic table.
Timer fired: Mon May 11 04:29:21 2026
2 records inserted in traffic table.
Timer fired: Mon May 11 04:29:26 2026
8 records inserted in traffic table.
Timer fired: Mon May 11 04:29:31 2026
4 records inserted in traffic table.
Timer fired: Mon May 11 04:29:36 2026
1 records inserted in traffic table.
Timer fired: Mon May 11 04:29:41 2026
2 records inserted in traffic table.
Timer fired: Mon May 11 04:29:46 2026
7 records inserted in traffic table.
Timer fired: Mon May 11 04:29:51 2026
6 records inserted in traffic table.
Timer fired: Mon May 11 04:29:56 2026
5 records inserted in traffic table.
Timer fired: Mon May 11 04:30:01 2026
2 records inserted in traffic table.
Timer fired: Mon May 11 04:30:06 2026
4 records inserted in traffic table.
Timer fired: Mon May 11 04:30:11 2026
4 records inserted in traffic table.
Timer fired: Mon May 11 04:30:16 2026
7 records inserted in traffic table.
Timer fired: Mon May 11 04:30:21 2026
2 records inserted in traffic table.
Timer fired: Mon May 11 04:30:26 2026
7 records inserted in traffic table.
Timer fired: Mon May 11 04:30:31 2026
4 records inserted in traffic table.
Timer fired: Mon May 11 04:30:36 2026
2 records inserted in traffic table.
Timer fired: Mon May 11 04:30:41 2026
2 records inserted in traffic table.
Timer fired: Mon May 11 04:30:46 2026
5 records inserted in traffic table.
Timer fired: Mon May 11 04:30:51 2026
5 records inserted in traffic table.
Timer fired: Mon May 11 04:30:56 2026
8 records inserted in traffic table.
Timer fired: Mon May 11 04:31:01 2026
3 records inserted in traffic table.
Timer fired: Mon May 11 04:31:06 2026
3 records inserted in traffic table.
Timer fired: Mon May 11 04:31:11 2026
3 records inserted in traffic table.
Timer fired: Mon May 11 04:31:16 2026
5 records inserted in traffic table.
Timer fired: Mon May 11 04:31:21 2026
2 records inserted in traffic table.
Timer fired: Mon May 11 04:31:26 2026
7 records inserted in traffic table.
Timer fired: Mon May 11 04:31:31 2026
6 records inserted in traffic table.
Timer fired: Mon May 11 04:31:36 2026
3 records inserted in traffic table.
Timer fired: Mon May 11 04:31:41 2026
3 records inserted in traffic table.
Timer fired: Mon May 11 04:31:46 2026
8 records inserted in traffic table.
Timer fired: Mon May 11 04:31:51 2026
6 records inserted in traffic table.
Timer fired: Mon May 11 04:31:56 2026
7 records inserted in traffic table.
Timer fired: Mon May 11 04:32:01 2026
3 records inserted in traffic table.
Timer fired: Mon May 11 04:32:06 2026
3 records inserted in traffic table.
Timer fired: Mon May 11 04:32:11 2026
2 records inserted in traffic table.
Timer fired: Mon May 11 04:32:16 2026
3 records inserted in traffic table.
Timer fired: Mon May 11 04:32:21 2026
2 records inserted in traffic table.
Timer fired: Mon May 11 04:32:26 2026
8 records inserted in traffic table.
Timer fired: Mon May 11 04:32:31 2026
5 records inserted in traffic table.
Timer fired: Mon May 11 04:32:36 2026
4 records inserted in traffic table.
Timer fired: Mon May 11 04:32:41 2026
2 records inserted in traffic table.
Timer fired: Mon May 11 04:32:46 2026
7 records inserted in traffic table.
Timer fired: Mon May 11 04:32:51 2026
5 records inserted in traffic table.
Timer fired: Mon May 11 04:32:56 2026
6 records inserted in traffic table.
Timer fired: Mon May 11 04:33:01 2026
4 records inserted in traffic table.
Timer fired: Mon May 11 04:33:06 2026
3 records inserted in traffic table.
Timer fired: Mon May 11 04:33:11 2026
5 records inserted in traffic table.
Timer fired: Mon May 11 04:33:16 2026
3 records inserted in traffic table.
Timer fired: Mon May 11 04:33:21 2026
2 records inserted in traffic table.
Timer fired: Mon May 11 04:33:26 2026
7 records inserted in traffic table.
Timer fired: Mon May 11 04:33:31 2026
4 records inserted in traffic table.
Timer fired: Mon May 11 04:33:36 2026
3 records inserted in traffic table.
Timer fired: Mon May 11 04:33:41 2026
1 records inserted in traffic table.
Timer fired: Mon May 11 04:33:46 2026
7 records inserted in traffic table.
Timer fired: Mon May 11 04:33:51 2026
5 records inserted in traffic table.
Timer fired: Mon May 11 04:33:56 2026
7 records inserted in traffic table.
Timer fired: Mon May 11 04:34:01 2026
2 records inserted in traffic table.
Timer fired: Mon May 11 04:34:06 2026
4 records inserted in traffic table.
Timer fired: Mon May 11 04:34:11 2026
2 records inserted in traffic table.
Timer fired: Mon May 11 04:34:16 2026
2 records inserted in traffic table.
Timer fired: Mon May 11 04:34:21 2026
4 records inserted in traffic table.
Timer fired: Mon May 11 04:34:26 2026
6 records inserted in traffic table.
Timer fired: Mon May 11 04:34:31 2026
5 records inserted in traffic table.
Timer fired: Mon May 11 04:34:36 2026
3 records inserted in traffic table.
Timer fired: Mon May 11 04:34:41 2026
3 records inserted in traffic table.
Timer fired: Mon May 11 04:34:46 2026
5 records inserted in traffic table.
Timer fired: Mon May 11 04:34:51 2026
7 records inserted in traffic table.
Timer fired: Mon May 11 04:34:56 2026
6 records inserted in traffic table.
Timer fired: Mon May 11 04:35:01 2026
2 records inserted in traffic table.
Timer fired: Mon May 11 04:35:06 2026
6 records inserted in traffic table.
Timer fired: Mon May 11 04:35:11 2026
3 records inserted in traffic table.
Timer fired: Mon May 11 04:35:16 2026
4 records inserted in traffic table.
Timer fired: Mon May 11 04:35:21 2026
3 records inserted in traffic table.
Timer fired: Mon May 11 04:35:26 2026
8 records inserted in traffic table.
Timer fired: Mon May 11 04:35:31 2026
4 records inserted in traffic table.
Timer fired: Mon May 11 04:35:36 2026
4 records inserted in traffic table.
Timer fired: Mon May 11 04:35:41 2026
1 records inserted in traffic table.
Timer fired: Mon May 11 04:35:46 2026
6 records inserted in traffic table.
Timer fired: Mon May 11 04:35:51 2026
7 records inserted in traffic table.
Timer fired: Mon May 11 04:35:56 2026
5 records inserted in traffic table.
Timer fired: Mon May 11 04:36:01 2026
4 records inserted in traffic table.
Timer fired: Mon May 11 04:36:06 2026
2 records inserted in traffic table.
Timer fired: Mon May 11 04:36:11 2026
4 records inserted in traffic table.
Timer fired: Mon May 11 04:36:16 2026
3 records inserted in traffic table.
Timer fired: Mon May 11 04:36:21 2026
5 records inserted in traffic table.
Timer fired: Mon May 11 04:36:26 2026
7 records inserted in traffic table.
Timer fired: Mon May 11 04:36:31 2026
3 records inserted in traffic table.
Timer fired: Mon May 11 04:36:36 2026
4 records inserted in traffic table.
Timer fired: Mon May 11 04:36:41 2026
2 records inserted in traffic table.
Timer fired: Mon May 11 04:36:46 2026
9 records inserted in traffic table.
Timer fired: Mon May 11 04:36:51 2026
5 records inserted in traffic table.
Timer fired: Mon May 11 04:36:56 2026
8 records inserted in traffic table.
Timer fired: Mon May 11 04:37:01 2026
2 records inserted in traffic table.
Timer fired: Mon May 11 04:37:06 2026
3 records inserted in traffic table.
Timer fired: Mon May 11 04:37:11 2026
3 records inserted in traffic table.
Timer fired: Mon May 11 04:37:16 2026
2 records inserted in traffic table.
Timer fired: Mon May 11 04:37:21 2026
3 records inserted in traffic table.
Timer fired: Mon May 11 04:37:26 2026
6 records inserted in traffic table.
Timer fired: Mon May 11 04:37:31 2026
4 records inserted in traffic table.
Timer fired: Mon May 11 04:37:36 2026
3 records inserted in traffic table.
Timer fired: Mon May 11 04:37:41 2026
3 records inserted in traffic table.
Timer fired: Mon May 11 04:37:46 2026
6 records inserted in traffic table.
Timer fired: Mon May 11 04:37:51 2026
6 records inserted in traffic table.
Timer fired: Mon May 11 04:37:56 2026
6 records inserted in traffic table.
Timer fired: Mon May 11 04:38:01 2026
2 records inserted in traffic table.
Timer fired: Mon May 11 04:38:06 2026
3 records inserted in traffic table.
Timer fired: Mon May 11 04:38:11 2026
3 records inserted in traffic table.
Timer fired: Mon May 11 04:38:16 2026
4 records inserted in traffic table.
Timer fired: Mon May 11 04:38:21 2026
3 records inserted in traffic table.
Timer fired: Mon May 11 04:38:26 2026
8 records inserted in traffic table.
Timer fired: Mon May 11 04:38:31 2026
3 records inserted in traffic table.
Timer fired: Mon May 11 04:38:36 2026
3 records inserted in traffic table.
Timer fired: Mon May 11 04:38:41 2026
3 records inserted in traffic table.
Timer fired: Mon May 11 04:38:46 2026
6 records inserted in traffic table.
Timer fired: Mon May 11 04:38:51 2026
5 records inserted in traffic table.
Timer fired: Mon May 11 04:38:56 2026
6 records inserted in traffic table.
Timer fired: Mon May 11 04:39:01 2026
2 records inserted in traffic table.
Timer fired: Mon May 11 04:39:06 2026
4 records inserted in traffic table.
Timer fired: Mon May 11 04:39:11 2026
5 records inserted in traffic table.
Timer fired: Mon May 11 04:39:16 2026
1 records inserted in traffic table.
Timer fired: Mon May 11 04:39:21 2026
3 records inserted in traffic table.
Timer fired: Mon May 11 04:39:26 2026
8 records inserted in traffic table.
Timer fired: Mon May 11 04:39:31 2026
4 records inserted in traffic table.
Timer fired: Mon May 11 04:39:36 2026
2 records inserted in traffic table.
Timer fired: Mon May 11 04:39:41 2026
2 records inserted in traffic table.
Timer fired: Mon May 11 04:39:46 2026
7 records inserted in traffic table.
Timer fired: Mon May 11 04:39:51 2026
6 records inserted in traffic table.
Timer fired: Mon May 11 04:39:56 2026
7 records inserted in traffic table.
Timer fired: Mon May 11 04:40:01 2026
4 records inserted in traffic table.
Timer fired: Mon May 11 04:40:06 2026
4 records inserted in traffic table.
Timer fired: Mon May 11 04:40:11 2026
2 records inserted in traffic table.
Timer fired: Mon May 11 04:40:16 2026
1 records inserted in traffic table.
Timer fired: Mon May 11 04:40:21 2026
2 records inserted in traffic table.
Timer fired: Mon May 11 04:40:26 2026
6 records inserted in traffic table.
Timer fired: Mon May 11 04:40:31 2026
4 records inserted in traffic table.
Timer fired: Mon May 11 04:40:36 2026
5 records inserted in traffic table.
Timer fired: Mon May 11 04:40:41 2026
3 records inserted in traffic table.
Timer fired: Mon May 11 04:40:46 2026
5 records inserted in traffic table.
Timer fired: Mon May 11 04:40:51 2026
4 records inserted in traffic table.
Timer fired: Mon May 11 04:40:56 2026
5 records inserted in traffic table.
Timer fired: Mon May 11 04:41:01 2026
4 records inserted in traffic table.
Timer fired: Mon May 11 04:41:06 2026
3 records inserted in traffic table.
Timer fired: Mon May 11 04:41:11 2026
2 records inserted in traffic table.
Timer fired: Mon May 11 04:41:16 2026
2 records inserted in traffic table.
Timer fired: Mon May 11 04:41:21 2026
4 records inserted in traffic table.
Timer fired: Mon May 11 04:41:26 2026
9 records inserted in traffic table.
Timer fired: Mon May 11 04:41:31 2026
4 records inserted in traffic table.
Timer fired: Mon May 11 04:41:36 2026
4 records inserted in traffic table.
Timer fired: Mon May 11 04:41:41 2026
5 records inserted in traffic table.
Timer fired: Mon May 11 04:41:46 2026
9 records inserted in traffic table.
Timer fired: Mon May 11 04:41:51 2026
4 records inserted in traffic table.
Timer fired: Mon May 11 04:41:56 2026
6 records inserted in traffic table.
Timer fired: Mon May 11 04:42:01 2026
3 records inserted in traffic table.
Timer fired: Mon May 11 04:42:06 2026
2 records inserted in traffic table.
Timer fired: Mon May 11 04:42:11 2026
4 records inserted in traffic table.
Timer fired: Mon May 11 04:42:16 2026
3 records inserted in traffic table.
Timer fired: Mon May 11 04:42:21 2026
3 records inserted in traffic table.
Timer fired: Mon May 11 04:42:26 2026
5 records inserted in traffic table.
Timer fired: Mon May 11 04:42:31 2026
5 records inserted in traffic table.
Timer fired: Mon May 11 04:42:36 2026
5 records inserted in traffic table.
Timer fired: Mon May 11 04:42:41 2026
3 records inserted in traffic table.
Timer fired: Mon May 11 04:42:46 2026
6 records inserted in traffic table.
Timer fired: Mon May 11 04:42:51 2026
4 records inserted in traffic table.
Timer fired: Mon May 11 04:42:56 2026
8 records inserted in traffic table.
Timer fired: Mon May 11 04:43:01 2026
3 records inserted in traffic table.
Timer fired: Mon May 11 04:43:06 2026
2 records inserted in traffic table.
Timer fired: Mon May 11 04:43:11 2026
2 records inserted in traffic table.
Timer fired: Mon May 11 04:43:16 2026
6 records inserted in traffic table.
Timer fired: Mon May 11 04:43:21 2026
6 records inserted in traffic table.
Timer fired: Mon May 11 04:43:26 2026
6 records inserted in traffic table.
Timer fired: Mon May 11 04:43:31 2026
2 records inserted in traffic table.
Timer fired: Mon May 11 04:43:36 2026
4 records inserted in traffic table.
Timer fired: Mon May 11 04:43:41 2026
4 records inserted in traffic table.
Timer fired: Mon May 11 04:43:46 2026
6 records inserted in traffic table.
Timer fired: Mon May 11 04:43:51 2026
4 records inserted in traffic table.
Timer fired: Mon May 11 04:43:56 2026
6 records inserted in traffic table.
Timer fired: Mon May 11 04:44:01 2026
4 records inserted in traffic table.
Timer fired: Mon May 11 04:44:06 2026
4 records inserted in traffic table.
Timer fired: Mon May 11 04:44:11 2026
1 records inserted in traffic table.
Timer fired: Mon May 11 04:44:16 2026
4 records inserted in traffic table.
Timer fired: Mon May 11 04:44:21 2026
4 records inserted in traffic table.
Timer fired: Mon May 11 04:44:26 2026
9 records inserted in traffic table.
Timer fired: Mon May 11 04:44:31 2026
5 records inserted in traffic table.
Timer fired: Mon May 11 04:44:36 2026
3 records inserted in traffic table.
Timer fired: Mon May 11 04:44:41 2026
2 records inserted in traffic table.
Timer fired: Mon May 11 04:44:46 2026
7 records inserted in traffic table.
Timer fired: Mon May 11 04:44:51 2026
6 records inserted in traffic table.
Timer fired: Mon May 11 04:44:56 2026
6 records inserted in traffic table.
Timer fired: Mon May 11 04:45:01 2026
2 records inserted in traffic table.
Timer fired: Mon May 11 04:45:06 2026
4 records inserted in traffic table.
Timer fired: Mon May 11 04:45:11 2026
3 records inserted in traffic table.
Timer fired: Mon May 11 04:45:16 2026
4 records inserted in traffic table.
Timer fired: Mon May 11 04:45:21 2026
4 records inserted in traffic table.
Timer fired: Mon May 11 04:45:26 2026
6 records inserted in traffic table.
Timer fired: Mon May 11 04:45:31 2026
4 records inserted in traffic table.
Timer fired: Mon May 11 04:45:36 2026
6 records inserted in traffic table.
Timer fired: Mon May 11 04:45:41 2026
3 records inserted in traffic table.
Timer fired: Mon May 11 04:45:46 2026
7 records inserted in traffic table.
Timer fired: Mon May 11 04:45:51 2026
5 records inserted in traffic table.
Timer fired: Mon May 11 04:45:56 2026
8 records inserted in traffic table.
Timer fired: Mon May 11 04:46:01 2026
3 records inserted in traffic table.
Timer fired: Mon May 11 04:46:06 2026
2 records inserted in traffic table.
Timer fired: Mon May 11 04:46:11 2026
1 records inserted in traffic table.
Timer fired: Mon May 11 04:46:16 2026
3 records inserted in traffic table.
Timer fired: Mon May 11 04:46:21 2026
5 records inserted in traffic table.
Timer fired: Mon May 11 04:46:26 2026
5 records inserted in traffic table.
Timer fired: Mon May 11 04:46:31 2026
3 records inserted in traffic table.
Timer fired: Mon May 11 04:46:36 2026
5 records inserted in traffic table.
Timer fired: Mon May 11 04:46:41 2026
3 records inserted in traffic table.
Timer fired: Mon May 11 04:46:46 2026
5 records inserted in traffic table.
Timer fired: Mon May 11 04:46:51 2026
4 records inserted in traffic table.
Timer fired: Mon May 11 04:46:56 2026
8 records inserted in traffic table.
Timer fired: Mon May 11 04:47:01 2026
4 records inserted in traffic table.
Timer fired: Mon May 11 04:47:06 2026
3 records inserted in traffic table.
Timer fired: Mon May 11 04:47:11 2026
2 records inserted in traffic table.
Timer fired: Mon May 11 04:47:16 2026
3 records inserted in traffic table.
Timer fired: Mon May 11 04:47:21 2026
5 records inserted in traffic table.
Timer fired: Mon May 11 04:47:26 2026
6 records inserted in traffic table.
Timer fired: Mon May 11 04:47:31 2026
3 records inserted in traffic table.
Timer fired: Mon May 11 04:47:36 2026
4 records inserted in traffic table.
Timer fired: Mon May 11 04:47:41 2026
3 records inserted in traffic table.
Timer fired: Mon May 11 04:47:46 2026
5 records inserted in traffic table.
Timer fired: Mon May 11 04:47:51 2026
6 records inserted in traffic table.
Timer fired: Mon May 11 04:47:56 2026
6 records inserted in traffic table.
Timer fired: Mon May 11 04:48:01 2026
4 records inserted in traffic table.
Timer fired: Mon May 11 04:48:06 2026
4 records inserted in traffic table.
Timer fired: Mon May 11 04:48:11 2026
1 records inserted in traffic table.
Timer fired: Mon May 11 04:48:16 2026
5 records inserted in traffic table.
Timer fired: Mon May 11 04:48:21 2026
4 records inserted in traffic table.
Timer fired: Mon May 11 04:48:26 2026
6 records inserted in traffic table.
Timer fired: Mon May 11 04:48:31 2026
3 records inserted in traffic table.
Timer fired: Mon May 11 04:48:36 2026
3 records inserted in traffic table.
Timer fired: Mon May 11 04:48:41 2026
2 records inserted in traffic table.
Timer fired: Mon May 11 04:48:46 2026
5 records inserted in traffic table.
Timer fired: Mon May 11 04:48:51 2026
6 records inserted in traffic table.
Timer fired: Mon May 11 04:48:56 2026
7 records inserted in traffic table.
Timer fired: Mon May 11 04:49:01 2026
2 records inserted in traffic table.
Timer fired: Mon May 11 04:49:06 2026
4 records inserted in traffic table.
Timer fired: Mon May 11 04:49:11 2026
2 records inserted in traffic table.
Timer fired: Mon May 11 04:49:16 2026
2 records inserted in traffic table.
Timer fired: Mon May 11 04:49:21 2026
4 records inserted in traffic table.
Timer fired: Mon May 11 04:49:26 2026
5 records inserted in traffic table.
Timer fired: Mon May 11 04:49:31 2026
3 records inserted in traffic table.
Timer fired: Mon May 11 04:49:36 2026
6 records inserted in traffic table.
Timer fired: Mon May 11 04:49:41 2026
2 records inserted in traffic table.
Timer fired: Mon May 11 04:49:46 2026
4 records inserted in traffic table.
Timer fired: Mon May 11 04:49:51 2026
4 records inserted in traffic table.
Timer fired: Mon May 11 04:49:56 2026
9 records inserted in traffic table.
Timer fired: Mon May 11 04:50:01 2026
4 records inserted in traffic table.
Timer fired: Mon May 11 04:50:06 2026
4 records inserted in traffic table.
Timer fired: Mon May 11 04:50:11 2026
1 records inserted in traffic table.
Timer fired: Mon May 11 04:50:16 2026
2 records inserted in traffic table.
Timer fired: Mon May 11 04:50:21 2026
5 records inserted in traffic table.
Timer fired: Mon May 11 04:50:26 2026
6 records inserted in traffic table.
Timer fired: Mon May 11 04:50:31 2026
2 records inserted in traffic table.
Timer fired: Mon May 11 04:50:36 2026
3 records inserted in traffic table.
Timer fired: Mon May 11 04:50:41 2026
4 records inserted in traffic table.
Timer fired: Mon May 11 04:50:46 2026
8 records inserted in traffic table.
Timer fired: Mon May 11 04:50:51 2026
4 records inserted in traffic table.
Timer fired: Mon May 11 04:50:56 2026
7 records inserted in traffic table.
Timer fired: Mon May 11 04:51:01 2026
3 records inserted in traffic table.
Timer fired: Mon May 11 04:51:06 2026
4 records inserted in traffic table.
Timer fired: Mon May 11 04:51:11 2026
1 records inserted in traffic table.
Timer fired: Mon May 11 04:51:16 2026
4 records inserted in traffic table.
Timer fired: Mon May 11 04:51:21 2026
4 records inserted in traffic table.
Timer fired: Mon May 11 04:51:26 2026
6 records inserted in traffic table.
Timer fired: Mon May 11 04:51:31 2026
6 records inserted in traffic table.
Timer fired: Mon May 11 04:51:36 2026
4 records inserted in traffic table.
Timer fired: Mon May 11 04:51:41 2026
3 records inserted in traffic table.
Timer fired: Mon May 11 04:51:46 2026
5 records inserted in traffic table.
Timer fired: Mon May 11 04:51:51 2026
8 records inserted in traffic table.
Timer fired: Mon May 11 04:51:56 2026
7 records inserted in traffic table.
Timer fired: Mon May 11 04:52:01 2026
3 records inserted in traffic table.
Timer fired: Mon May 11 04:52:06 2026
1 records inserted in traffic table.
Timer fired: Mon May 11 04:52:11 2026
2 records inserted in traffic table.
Timer fired: Mon May 11 04:52:16 2026
4 records inserted in traffic table.
Timer fired: Mon May 11 04:52:21 2026
6 records inserted in traffic table.
Timer fired: Mon May 11 04:52:26 2026
6 records inserted in traffic table.
Timer fired: Mon May 11 04:52:31 2026
3 records inserted in traffic table.
Timer fired: Mon May 11 04:52:36 2026
7 records inserted in traffic table.
Timer fired: Mon May 11 04:52:41 2026
2 records inserted in traffic table.
Timer fired: Mon May 11 04:52:46 2026
4 records inserted in traffic table.
Timer fired: Mon May 11 04:52:51 2026
4 records inserted in traffic table.
Timer fired: Mon May 11 04:52:56 2026
8 records inserted in traffic table.
Timer fired: Mon May 11 04:53:01 2026
6 records inserted in traffic table.
Timer fired: Mon May 11 04:53:06 2026
3 records inserted in traffic table.
Timer fired: Mon May 11 04:53:11 2026
1 records inserted in traffic table.
Timer fired: Mon May 11 04:53:16 2026
4 records inserted in traffic table.
Timer fired: Mon May 11 04:53:21 2026
6 records inserted in traffic table.
Timer fired: Mon May 11 04:53:26 2026
7 records inserted in traffic table.
Timer fired: Mon May 11 04:53:31 2026
4 records inserted in traffic table.
Timer fired: Mon May 11 04:53:36 2026
3 records inserted in traffic table.
Timer fired: Mon May 11 04:53:41 2026
2 records inserted in traffic table.
Timer fired: Mon May 11 04:53:46 2026
6 records inserted in traffic table.
Timer fired: Mon May 11 04:53:51 2026
5 records inserted in traffic table.
Timer fired: Mon May 11 04:53:56 2026
7 records inserted in traffic table.
Timer fired: Mon May 11 04:54:01 2026
4 records inserted in traffic table.
Timer fired: Mon May 11 04:54:06 2026
5 records inserted in traffic table.
Timer fired: Mon May 11 04:54:11 2026
1 records inserted in traffic table.
Timer fired: Mon May 11 04:54:16 2026
2 records inserted in traffic table.
Timer fired: Mon May 11 04:54:21 2026
3 records inserted in traffic table.
Timer fired: Mon May 11 04:54:26 2026
7 records inserted in traffic table.
Timer fired: Mon May 11 04:54:31 2026
5 records inserted in traffic table.
Timer fired: Mon May 11 04:54:36 2026
4 records inserted in traffic table.
Timer fired: Mon May 11 04:54:41 2026
3 records inserted in traffic table.
Timer fired: Mon May 11 04:54:46 2026
6 records inserted in traffic table.
Timer fired: Mon May 11 04:54:51 2026
4 records inserted in traffic table.
Timer fired: Mon May 11 04:54:56 2026
9 records inserted in traffic table.
Timer fired: Mon May 11 04:55:01 2026
4 records inserted in traffic table.
Timer fired: Mon May 11 04:55:06 2026
4 records inserted in traffic table.
Timer fired: Mon May 11 04:55:11 2026
2 records inserted in traffic table.
Timer fired: Mon May 11 04:55:16 2026
5 records inserted in traffic table.
Timer fired: Mon May 11 04:55:21 2026
4 records inserted in traffic table.
Timer fired: Mon May 11 04:55:26 2026
6 records inserted in traffic table.
Timer fired: Mon May 11 04:55:31 2026
4 records inserted in traffic table.
Timer fired: Mon May 11 04:55:36 2026
4 records inserted in traffic table.
Timer fired: Mon May 11 04:55:41 2026
4 records inserted in traffic table.
Timer fired: Mon May 11 04:55:46 2026
6 records inserted in traffic table.
Timer fired: Mon May 11 04:55:51 2026
4 records inserted in traffic table.
Timer fired: Mon May 11 04:55:56 2026
7 records inserted in traffic table.
Timer fired: Mon May 11 04:56:01 2026
3 records inserted in traffic table.
Timer fired: Mon May 11 04:56:06 2026
1 records inserted in traffic table.
Timer fired: Mon May 11 04:56:11 2026
1 records inserted in traffic table.
Timer fired: Mon May 11 04:56:16 2026
3 records inserted in traffic table.
Timer fired: Mon May 11 04:56:21 2026
4 records inserted in traffic table.
Timer fired: Mon May 11 04:56:26 2026
8 records inserted in traffic table.
Timer fired: Mon May 11 04:56:31 2026
3 records inserted in traffic table.
Timer fired: Mon May 11 04:56:36 2026
3 records inserted in traffic table.
Timer fired: Mon May 11 04:56:41 2026
4 records inserted in traffic table.
Timer fired: Mon May 11 04:56:46 2026
4 records inserted in traffic table.
Timer fired: Mon May 11 04:56:51 2026
4 records inserted in traffic table.
Timer fired: Mon May 11 04:56:56 2026
7 records inserted in traffic table.
Timer fired: Mon May 11 04:57:01 2026
4 records inserted in traffic table.
Timer fired: Mon May 11 04:57:06 2026
2 records inserted in traffic table.
Timer fired: Mon May 11 04:57:11 2026
4 records inserted in traffic table.
Timer fired: Mon May 11 04:57:16 2026
3 records inserted in traffic table.
Timer fired: Mon May 11 04:57:21 2026
4 records inserted in traffic table.
Timer fired: Mon May 11 04:57:26 2026
6 records inserted in traffic table.
Timer fired: Mon May 11 04:57:31 2026
2 records inserted in traffic table.
Timer fired: Mon May 11 04:57:36 2026
4 records inserted in traffic table.
Timer fired: Mon May 11 04:57:41 2026
2 records inserted in traffic table.
Timer fired: Mon May 11 04:57:46 2026
5 records inserted in traffic table.
Timer fired: Mon May 11 04:57:51 2026
4 records inserted in traffic table.
Timer fired: Mon May 11 04:57:56 2026
8 records inserted in traffic table.
Timer fired: Mon May 11 04:58:01 2026
3 records inserted in traffic table.
Timer fired: Mon May 11 04:58:06 2026
3 records inserted in traffic table.
Timer fired: Mon May 11 04:58:11 2026
1 records inserted in traffic table.
Timer fired: Mon May 11 04:58:16 2026
2 records inserted in traffic table.
Timer fired: Mon May 11 04:58:21 2026
5 records inserted in traffic table.
Timer fired: Mon May 11 04:58:26 2026
6 records inserted in traffic table.
Timer fired: Mon May 11 04:58:31 2026
2 records inserted in traffic table.
Timer fired: Mon May 11 04:58:36 2026
4 records inserted in traffic table.
Timer fired: Mon May 11 04:58:41 2026
7 records inserted in traffic table.
Timer fired: Mon May 11 04:58:46 2026
4 records inserted in traffic table.
Timer fired: Mon May 11 04:58:51 2026
5 records inserted in traffic table.
Timer fired: Mon May 11 04:58:56 2026
7 records inserted in traffic table.
Timer fired: Mon May 11 04:59:01 2026
3 records inserted in traffic table.
Timer fired: Mon May 11 04:59:06 2026
5 records inserted in traffic table.
Timer fired: Mon May 11 04:59:11 2026
3 records inserted in traffic table.
Timer fired: Mon May 11 04:59:16 2026
3 records inserted in traffic table.
Timer fired: Mon May 11 04:59:21 2026
2 records inserted in traffic table.
Timer fired: Mon May 11 04:59:26 2026
10 records inserted in traffic table.
Timer fired: Mon May 11 04:59:31 2026
3 records inserted in traffic table.
Timer fired: Mon May 11 04:59:36 2026
3 records inserted in traffic table.
Timer fired: Mon May 11 04:59:41 2026
4 records inserted in traffic table.
Timer fired: Mon May 11 04:59:46 2026
6 records inserted in traffic table.
Timer fired: Mon May 11 04:59:51 2026
4 records inserted in traffic table.
Timer fired: Mon May 11 04:59:56 2026
7 records inserted in traffic table.
Timer fired: Mon May 11 05:00:01 2026
3 records inserted in traffic table.
Timer fired: Mon May 11 05:00:06 2026
5 records inserted in traffic table.
Timer fired: Mon May 11 05:00:11 2026
3 records inserted in traffic table.
Timer fired: Mon May 11 05:00:16 2026
7 records inserted in traffic table.
Timer fired: Mon May 11 05:00:21 2026
3 records inserted in traffic table.
Timer fired: Mon May 11 05:00:26 2026
6 records inserted in traffic table.
Timer fired: Mon May 11 05:00:31 2026
2 records inserted in traffic table.
Timer fired: Mon May 11 05:00:36 2026
4 records inserted in traffic table.
Timer fired: Mon May 11 05:00:41 2026
3 records inserted in traffic table.
Timer fired: Mon May 11 05:00:46 2026
4 records inserted in traffic table.
Timer fired: Mon May 11 05:00:51 2026
4 records inserted in traffic table.
Timer fired: Mon May 11 05:00:56 2026
10 records inserted in traffic table.
Timer fired: Mon May 11 05:01:01 2026
3 records inserted in traffic table.
Timer fired: Mon May 11 05:01:06 2026
2 records inserted in traffic table.
Timer fired: Mon May 11 05:01:11 2026
1 records inserted in traffic table.
Timer fired: Mon May 11 05:01:16 2026
2 records inserted in traffic table.
Timer fired: Mon May 11 05:01:21 2026
3 records inserted in traffic table.
Timer fired: Mon May 11 05:01:26 2026
8 records inserted in traffic table.
Timer fired: Mon May 11 05:01:31 2026
2 records inserted in traffic table.
Timer fired: Mon May 11 05:01:36 2026
5 records inserted in traffic table.
Timer fired: Mon May 11 05:01:41 2026
4 records inserted in traffic table.
Timer fired: Mon May 11 05:01:46 2026
4 records inserted in traffic table.
Timer fired: Mon May 11 05:01:51 2026
6 records inserted in traffic table.
Timer fired: Mon May 11 05:01:56 2026
7 records inserted in traffic table.
Timer fired: Mon May 11 05:02:01 2026
3 records inserted in traffic table.
Timer fired: Mon May 11 05:02:06 2026
2 records inserted in traffic table.
Timer fired: Mon May 11 05:02:11 2026
1 records inserted in traffic table.
Timer fired: Mon May 11 05:02:16 2026
2 records inserted in traffic table.
Timer fired: Mon May 11 05:02:21 2026
5 records inserted in traffic table.
Timer fired: Mon May 11 05:02:26 2026
10 records inserted in traffic table.
Timer fired: Mon May 11 05:02:31 2026
2 records inserted in traffic table.
Timer fired: Mon May 11 05:02:36 2026
3 records inserted in traffic table.
Timer fired: Mon May 11 05:02:41 2026
4 records inserted in traffic table.
Timer fired: Mon May 11 05:02:46 2026
4 records inserted in traffic table.
Timer fired: Mon May 11 05:02:51 2026
4 records inserted in traffic table.
Timer fired: Mon May 11 05:02:56 2026
8 records inserted in traffic table.
Timer fired: Mon May 11 05:03:01 2026
4 records inserted in traffic table.
Timer fired: Mon May 11 05:03:06 2026
3 records inserted in traffic table.
Timer fired: Mon May 11 05:03:11 2026
4 records inserted in traffic table.
Timer fired: Mon May 11 05:03:16 2026
4 records inserted in traffic table.
Timer fired: Mon May 11 05:03:21 2026
3 records inserted in traffic table.
Timer fired: Mon May 11 05:03:26 2026
8 records inserted in traffic table.
Timer fired: Mon May 11 05:03:31 2026
3 records inserted in traffic table.
Timer fired: Mon May 11 05:03:36 2026
3 records inserted in traffic table.
Timer fired: Mon May 11 05:03:41 2026
3 records inserted in traffic table.
Timer fired: Mon May 11 05:03:46 2026
5 records inserted in traffic table.
Timer fired: Mon May 11 05:03:51 2026
4 records inserted in traffic table.
Timer fired: Mon May 11 05:03:56 2026
8 records inserted in traffic table.
Timer fired: Mon May 11 05:04:01 2026
3 records inserted in traffic table.
Timer fired: Mon May 11 05:04:06 2026
4 records inserted in traffic table.
Timer fired: Mon May 11 05:04:11 2026
1 records inserted in traffic table.
Timer fired: Mon May 11 05:04:16 2026
3 records inserted in traffic table.
Timer fired: Mon May 11 05:04:21 2026
3 records inserted in traffic table.
Timer fired: Mon May 11 05:04:26 2026
7 records inserted in traffic table.
Timer fired: Mon May 11 05:04:31 2026
2 records inserted in traffic table.
Timer fired: Mon May 11 05:04:36 2026
4 records inserted in traffic table.
Timer fired: Mon May 11 05:04:41 2026
5 records inserted in traffic table.
Timer fired: Mon May 11 05:04:46 2026
4 records inserted in traffic table.
Timer fired: Mon May 11 05:04:51 2026
6 records inserted in traffic table.
Timer fired: Mon May 11 05:04:56 2026
7 records inserted in traffic table.
Timer fired: Mon May 11 05:05:01 2026
3 records inserted in traffic table.
Timer fired: Mon May 11 05:05:06 2026
3 records inserted in traffic table.
Timer fired: Mon May 11 05:05:11 2026
3 records inserted in traffic table.
Timer fired: Mon May 11 05:05:16 2026
4 records inserted in traffic table.
Timer fired: Mon May 11 05:05:21 2026
3 records inserted in traffic table.
Timer fired: Mon May 11 05:05:26 2026
8 records inserted in traffic table.
Timer fired: Mon May 11 05:05:31 2026
4 records inserted in traffic table.
Timer fired: Mon May 11 05:05:36 2026
4 records inserted in traffic table.
Timer fired: Mon May 11 05:05:41 2026
3 records inserted in traffic table.
Timer fired: Mon May 11 05:05:46 2026
4 records inserted in traffic table.
Timer fired: Mon May 11 05:05:51 2026
3 records inserted in traffic table.
Timer fired: Mon May 11 05:05:56 2026
6 records inserted in traffic table.
Timer fired: Mon May 11 05:06:01 2026
4 records inserted in traffic table.
Timer fired: Mon May 11 05:06:06 2026
2 records inserted in traffic table.
Timer fired: Mon May 11 05:06:11 2026
3 records inserted in traffic table.
Timer fired: Mon May 11 05:06:16 2026
2 records inserted in traffic table.
Timer fired: Mon May 11 05:06:21 2026
3 records inserted in traffic table.
Timer fired: Mon May 11 05:06:26 2026
6 records inserted in traffic table.
Timer fired: Mon May 11 05:06:31 2026
2 records inserted in traffic table.
Timer fired: Mon May 11 05:06:36 2026
3 records inserted in traffic table.
Timer fired: Mon May 11 05:06:41 2026
4 records inserted in traffic table.
Timer fired: Mon May 11 05:06:46 2026
4 records inserted in traffic table.
Timer fired: Mon May 11 05:06:51 2026
5 records inserted in traffic table.
Timer fired: Mon May 11 05:06:56 2026
10 records inserted in traffic table.
Timer fired: Mon May 11 05:07:01 2026
4 records inserted in traffic table.
Timer fired: Mon May 11 05:07:06 2026
2 records inserted in traffic table.
Timer fired: Mon May 11 05:07:11 2026
3 records inserted in traffic table.
Timer fired: Mon May 11 05:07:16 2026
4 records inserted in traffic table.
Timer fired: Mon May 11 05:07:21 2026
3 records inserted in traffic table.
Timer fired: Mon May 11 05:07:26 2026
6 records inserted in traffic table.
Timer fired: Mon May 11 05:07:31 2026
2 records inserted in traffic table.
Timer fired: Mon May 11 05:07:36 2026
2 records inserted in traffic table.
Timer fired: Mon May 11 05:07:41 2026
8 records inserted in traffic table.
Timer fired: Mon May 11 05:07:46 2026
5 records inserted in traffic table.
Timer fired: Mon May 11 05:07:51 2026
5 records inserted in traffic table.
Timer fired: Mon May 11 05:07:56 2026
7 records inserted in traffic table.
Timer fired: Mon May 11 05:08:01 2026
3 records inserted in traffic table.
Timer fired: Mon May 11 05:08:06 2026
2 records inserted in traffic table.
Timer fired: Mon May 11 05:08:11 2026
1 records inserted in traffic table.
Timer fired: Mon May 11 05:08:16 2026
4 records inserted in traffic table.
Timer fired: Mon May 11 05:08:21 2026
4 records inserted in traffic table.
Timer fired: Mon May 11 05:08:26 2026
8 records inserted in traffic table.
Timer fired: Mon May 11 05:08:31 2026
3 records inserted in traffic table.
Timer fired: Mon May 11 05:08:36 2026
3 records inserted in traffic table.
Timer fired: Mon May 11 05:08:41 2026
4 records inserted in traffic table.
Timer fired: Mon May 11 05:08:46 2026
6 records inserted in traffic table.
Timer fired: Mon May 11 05:08:51 2026
5 records inserted in traffic table.
Timer fired: Mon May 11 05:08:56 2026
7 records inserted in traffic table.
Timer fired: Mon May 11 05:09:01 2026
2 records inserted in traffic table.
Timer fired: Mon May 11 05:09:06 2026
4 records inserted in traffic table.
Timer fired: Mon May 11 05:09:11 2026
3 records inserted in traffic table.
Timer fired: Mon May 11 05:09:16 2026
2 records inserted in traffic table.
Timer fired: Mon May 11 05:09:21 2026
4 records inserted in traffic table.
Timer fired: Mon May 11 05:09:26 2026
7 records inserted in traffic table.
Timer fired: Mon May 11 05:09:31 2026
2 records inserted in traffic table.
Timer fired: Mon May 11 05:09:36 2026
4 records inserted in traffic table.
Timer fired: Mon May 11 05:09:41 2026
4 records inserted in traffic table.
Timer fired: Mon May 11 05:09:46 2026
4 records inserted in traffic table.
Timer fired: Mon May 11 05:09:51 2026
4 records inserted in traffic table.
Timer fired: Mon May 11 05:09:56 2026
10 records inserted in traffic table.
Timer fired: Mon May 11 05:10:01 2026
2 records inserted in traffic table.
Timer fired: Mon May 11 05:10:06 2026
3 records inserted in traffic table.
Timer fired: Mon May 11 05:10:11 2026
2 records inserted in traffic table.
Timer fired: Mon May 11 05:10:16 2026
2 records inserted in traffic table.
Timer fired: Mon May 11 05:10:21 2026
5 records inserted in traffic table.
Timer fired: Mon May 11 05:10:26 2026
7 records inserted in traffic table.
Timer fired: Mon May 11 05:10:31 2026
2 records inserted in traffic table.
Timer fired: Mon May 11 05:10:36 2026
2 records inserted in traffic table.
Timer fired: Mon May 11 05:10:41 2026
8 records inserted in traffic table.
Timer fired: Mon May 11 05:10:46 2026
5 records inserted in traffic table.
Timer fired: Mon May 11 05:10:51 2026
4 records inserted in traffic table.
Timer fired: Mon May 11 05:10:56 2026
6 records inserted in traffic table.
Timer fired: Mon May 11 05:11:01 2026
3 records inserted in traffic table.
Timer fired: Mon May 11 05:11:06 2026
4 records inserted in traffic table.
Timer fired: Mon May 11 05:11:11 2026
2 records inserted in traffic table.
Timer fired: Mon May 11 05:11:16 2026
3 records inserted in traffic table.
Timer fired: Mon May 11 05:11:21 2026
3 records inserted in traffic table.
Timer fired: Mon May 11 05:11:26 2026
10 records inserted in traffic table.
Timer fired: Mon May 11 05:11:31 2026
3 records inserted in traffic table.
Timer fired: Mon May 11 05:11:36 2026
2 records inserted in traffic table.
Timer fired: Mon May 11 05:11:41 2026
5 records inserted in traffic table.
Timer fired: Mon May 11 05:11:46 2026
6 records inserted in traffic table.
Timer fired: Mon May 11 05:11:51 2026
7 records inserted in traffic table.
Timer fired: Mon May 11 05:11:56 2026
6 records inserted in traffic table.
Timer fired: Mon May 11 05:12:01 2026
4 records inserted in traffic table.
Timer fired: Mon May 11 05:12:06 2026
1 records inserted in traffic table.
Timer fired: Mon May 11 05:12:11 2026
4 records inserted in traffic table.
Timer fired: Mon May 11 05:12:16 2026
4 records inserted in traffic table.
Timer fired: Mon May 11 05:12:21 2026
3 records inserted in traffic table.
Timer fired: Mon May 11 05:12:26 2026
7 records inserted in traffic table.
Timer fired: Mon May 11 05:12:31 2026
2 records inserted in traffic table.
Timer fired: Mon May 11 05:12:36 2026
5 records inserted in traffic table.
Timer fired: Mon May 11 05:12:41 2026
5 records inserted in traffic table.
Timer fired: Mon May 11 05:12:46 2026
7 records inserted in traffic table.
Timer fired: Mon May 11 05:12:51 2026
3 records inserted in traffic table.
Timer fired: Mon May 11 05:12:56 2026
9 records inserted in traffic table.
Timer fired: Mon May 11 05:13:01 2026
4 records inserted in traffic table.
Timer fired: Mon May 11 05:13:06 2026
3 records inserted in traffic table.
Timer fired: Mon May 11 05:13:11 2026
3 records inserted in traffic table.
Timer fired: Mon May 11 05:13:16 2026
2 records inserted in traffic table.
Timer fired: Mon May 11 05:13:21 2026
3 records inserted in traffic table.
Timer fired: Mon May 11 05:13:26 2026
8 records inserted in traffic table.
Timer fired: Mon May 11 05:13:31 2026
4 records inserted in traffic table.
Timer fired: Mon May 11 05:13:36 2026
4 records inserted in traffic table.
Timer fired: Mon May 11 05:13:41 2026
4 records inserted in traffic table.
Timer fired: Mon May 11 05:13:46 2026
5 records inserted in traffic table.
Timer fired: Mon May 11 05:13:51 2026
3 records inserted in traffic table.
Timer fired: Mon May 11 05:13:56 2026
7 records inserted in traffic table.
Timer fired: Mon May 11 05:14:01 2026
3 records inserted in traffic table.
Timer fired: Mon May 11 05:14:06 2026
5 records inserted in traffic table.
Timer fired: Mon May 11 05:14:11 2026
1 records inserted in traffic table.
Timer fired: Mon May 11 05:14:16 2026
3 records inserted in traffic table.
Timer fired: Mon May 11 05:14:21 2026
1 records inserted in traffic table.
Timer fired: Mon May 11 05:14:26 2026
10 records inserted in traffic table.
Timer fired: Mon May 11 05:14:31 2026
5 records inserted in traffic table.
Timer fired: Mon May 11 05:14:36 2026
3 records inserted in traffic table.
Timer fired: Mon May 11 05:14:41 2026
3 records inserted in traffic table.
Timer fired: Mon May 11 05:14:46 2026
8 records inserted in traffic table.
Timer fired: Mon May 11 05:14:51 2026
6 records inserted in traffic table.
Timer fired: Mon May 11 05:14:56 2026
8 records inserted in traffic table.
Timer fired: Mon May 11 05:15:01 2026
1 records inserted in traffic table.
Timer fired: Mon May 11 05:15:06 2026
3 records inserted in traffic table.
Timer fired: Mon May 11 05:15:11 2026
4 records inserted in traffic table.
Timer fired: Mon May 11 05:15:16 2026
5 records inserted in traffic table.
Timer fired: Mon May 11 05:15:21 2026
3 records inserted in traffic table.
Timer fired: Mon May 11 05:15:26 2026
6 records inserted in traffic table.
Timer fired: Mon May 11 05:15:31 2026
2 records inserted in traffic table.
Timer fired: Mon May 11 05:15:36 2026
5 records inserted in traffic table.
Timer fired: Mon May 11 05:15:41 2026
5 records inserted in traffic table.
Timer fired: Mon May 11 05:15:46 2026
5 records inserted in traffic table.
Timer fired: Mon May 11 05:15:51 2026
5 records inserted in traffic table.
Timer fired: Mon May 11 05:15:56 2026
8 records inserted in traffic table.
Timer fired: Mon May 11 05:16:01 2026
3 records inserted in traffic table.
Timer fired: Mon May 11 05:16:06 2026
2 records inserted in traffic table.
Timer fired: Mon May 11 05:16:11 2026
1 records inserted in traffic table.
Timer fired: Mon May 11 05:16:16 2026
4 records inserted in traffic table.
Timer fired: Mon May 11 05:16:21 2026
4 records inserted in traffic table.
Timer fired: Mon May 11 05:16:26 2026
8 records inserted in traffic table.
Timer fired: Mon May 11 05:16:31 2026
3 records inserted in traffic table.
Timer fired: Mon May 11 05:16:36 2026
4 records inserted in traffic table.
Timer fired: Mon May 11 05:16:41 2026
4 records inserted in traffic table.
Timer fired: Mon May 11 05:16:46 2026
5 records inserted in traffic table.
Timer fired: Mon May 11 05:16:51 2026
5 records inserted in traffic table.
Timer fired: Mon May 11 05:16:56 2026
7 records inserted in traffic table.
Timer fired: Mon May 11 05:17:01 2026
4 records inserted in traffic table.
Timer fired: Mon May 11 05:17:06 2026
1 records inserted in traffic table.
Timer fired: Mon May 11 05:17:11 2026
3 records inserted in traffic table.
Timer fired: Mon May 11 05:17:16 2026
3 records inserted in traffic table.
Timer fired: Mon May 11 05:17:21 2026
4 records inserted in traffic table.
Timer fired: Mon May 11 05:17:26 2026
8 records inserted in traffic table.
Timer fired: Mon May 11 05:17:31 2026
2 records inserted in traffic table.
Timer fired: Mon May 11 05:17:36 2026
3 records inserted in traffic table.
Timer fired: Mon May 11 05:17:41 2026
4 records inserted in traffic table.
Timer fired: Mon May 11 05:17:46 2026
7 records inserted in traffic table.
Timer fired: Mon May 11 05:17:51 2026
5 records inserted in traffic table.
Timer fired: Mon May 11 05:17:56 2026
8 records inserted in traffic table.
Timer fired: Mon May 11 05:18:01 2026
3 records inserted in traffic table.
Timer fired: Mon May 11 05:18:06 2026
4 records inserted in traffic table.
Timer fired: Mon May 11 05:18:11 2026
3 records inserted in traffic table.
Timer fired: Mon May 11 05:18:16 2026
3 records inserted in traffic table.
Timer fired: Mon May 11 05:18:21 2026
3 records inserted in traffic table.
Timer fired: Mon May 11 05:18:26 2026
7 records inserted in traffic table.
Timer fired: Mon May 11 05:18:31 2026
3 records inserted in traffic table.
Timer fired: Mon May 11 05:18:36 2026
4 records inserted in traffic table.
Timer fired: Mon May 11 05:18:41 2026
3 records inserted in traffic table.
Timer fired: Mon May 11 05:18:46 2026
4 records inserted in traffic table.
Timer fired: Mon May 11 05:18:51 2026
5 records inserted in traffic table.
Timer fired: Mon May 11 05:18:56 2026
9 records inserted in traffic table.
Timer fired: Mon May 11 05:19:01 2026
4 records inserted in traffic table.
Timer fired: Mon May 11 05:19:06 2026
2 records inserted in traffic table.
Timer fired: Mon May 11 05:19:11 2026
3 records inserted in traffic table.
Timer fired: Mon May 11 05:19:16 2026
4 records inserted in traffic table.
Timer fired: Mon May 11 05:19:21 2026
4 records inserted in traffic table.
Timer fired: Mon May 11 05:19:26 2026
6 records inserted in traffic table.
Timer fired: Mon May 11 05:19:31 2026
2 records inserted in traffic table.
Timer fired: Mon May 11 05:19:36 2026
2 records inserted in traffic table.
Timer fired: Mon May 11 05:19:41 2026
7 records inserted in traffic table.
Timer fired: Mon May 11 05:19:46 2026
6 records inserted in traffic table.
Timer fired: Mon May 11 05:19:51 2026
4 records inserted in traffic table.
Timer fired: Mon May 11 05:19:56 2026
7 records inserted in traffic table.
Timer fired: Mon May 11 05:20:01 2026
4 records inserted in traffic table.
Timer fired: Mon May 11 05:20:06 2026
6 records inserted in traffic table.
Timer fired: Mon May 11 05:20:11 2026
1 records inserted in traffic table.
Timer fired: Mon May 11 05:20:16 2026
2 records inserted in traffic table.
Timer fired: Mon May 11 05:20:21 2026
2 records inserted in traffic table.
Timer fired: Mon May 11 05:20:26 2026
8 records inserted in traffic table.
Timer fired: Mon May 11 05:20:31 2026
3 records inserted in traffic table.
Timer fired: Mon May 11 05:20:36 2026
4 records inserted in traffic table.
Timer fired: Mon May 11 05:20:41 2026
6 records inserted in traffic table.
Timer fired: Mon May 11 05:20:46 2026
5 records inserted in traffic table.
Timer fired: Mon May 11 05:20:51 2026
5 records inserted in traffic table.
Timer fired: Mon May 11 05:20:56 2026
6 records inserted in traffic table.
Timer fired: Mon May 11 05:21:01 2026
3 records inserted in traffic table.
Timer fired: Mon May 11 05:21:06 2026
2 records inserted in traffic table.
Timer fired: Mon May 11 05:21:11 2026
4 records inserted in traffic table.
Timer fired: Mon May 11 05:21:16 2026
3 records inserted in traffic table.
Timer fired: Mon May 11 05:21:21 2026
3 records inserted in traffic table.
Timer fired: Mon May 11 05:21:26 2026
7 records inserted in traffic table.
Timer fired: Mon May 11 05:21:31 2026
5 records inserted in traffic table.
Timer fired: Mon May 11 05:21:36 2026
5 records inserted in traffic table.
Timer fired: Mon May 11 05:21:41 2026
4 records inserted in traffic table.
Timer fired: Mon May 11 05:21:46 2026
6 records inserted in traffic table.
Timer fired: Mon May 11 05:21:51 2026
3 records inserted in traffic table.
Timer fired: Mon May 11 05:21:56 2026
9 records inserted in traffic table.
Timer fired: Mon May 11 05:22:01 2026
4 records inserted in traffic table.
Timer fired: Mon May 11 05:22:06 2026
1 records inserted in traffic table.
Timer fired: Mon May 11 05:22:11 2026
2 records inserted in traffic table.
Timer fired: Mon May 11 05:22:16 2026
2 records inserted in traffic table.
Timer fired: Mon May 11 05:22:21 2026
3 records inserted in traffic table.
Timer fired: Mon May 11 05:22:26 2026
7 records inserted in traffic table.
Timer fired: Mon May 11 05:22:31 2026
2 records inserted in traffic table.
Timer fired: Mon May 11 05:22:36 2026
2 records inserted in traffic table.
Timer fired: Mon May 11 05:22:41 2026
7 records inserted in traffic table.
Timer fired: Mon May 11 05:22:46 2026
5 records inserted in traffic table.
Timer fired: Mon May 11 05:22:51 2026
4 records inserted in traffic table.
Timer fired: Mon May 11 05:22:56 2026
8 records inserted in traffic table.
Timer fired: Mon May 11 05:23:01 2026
4 records inserted in traffic table.
Timer fired: Mon May 11 05:23:06 2026
3 records inserted in traffic table.
Timer fired: Mon May 11 05:23:11 2026
3 records inserted in traffic table.
Timer fired: Mon May 11 05:23:16 2026
3 records inserted in traffic table.
Timer fired: Mon May 11 05:23:21 2026
2 records inserted in traffic table.
Timer fired: Mon May 11 05:23:26 2026
10 records inserted in traffic table.
Timer fired: Mon May 11 05:23:31 2026
3 records inserted in traffic table.
Timer fired: Mon May 11 05:23:36 2026
2 records inserted in traffic table.
Timer fired: Mon May 11 05:23:41 2026
4 records inserted in traffic table.
Timer fired: Mon May 11 05:23:46 2026
5 records inserted in traffic table.
Timer fired: Mon May 11 05:23:51 2026
5 records inserted in traffic table.
Timer fired: Mon May 11 05:23:56 2026
7 records inserted in traffic table.
Timer fired: Mon May 11 05:24:01 2026
3 records inserted in traffic table.
Timer fired: Mon May 11 05:24:06 2026
3 records inserted in traffic table.
Timer fired: Mon May 11 05:24:11 2026
4 records inserted in traffic table.
Timer fired: Mon May 11 05:24:16 2026
4 records inserted in traffic table.
Timer fired: Mon May 11 05:24:21 2026
3 records inserted in traffic table.
Timer fired: Mon May 11 05:24:26 2026
7 records inserted in traffic table.
Timer fired: Mon May 11 05:24:31 2026
2 records inserted in traffic table.
Timer fired: Mon May 11 05:24:36 2026
4 records inserted in traffic table.
Timer fired: Mon May 11 05:24:41 2026
3 records inserted in traffic table.
Timer fired: Mon May 11 05:24:46 2026
5 records inserted in traffic table.
Timer fired: Mon May 11 05:24:51 2026
5 records inserted in traffic table.
Timer fired: Mon May 11 05:24:56 2026
9 records inserted in traffic table.
Timer fired: Mon May 11 05:25:01 2026
2 records inserted in traffic table.
Timer fired: Mon May 11 05:25:06 2026
3 records inserted in traffic table.
Timer fired: Mon May 11 05:25:11 2026
1 records inserted in traffic table.
Timer fired: Mon May 11 05:25:16 2026
4 records inserted in traffic table.
Timer fired: Mon May 11 05:25:21 2026
4 records inserted in traffic table.
Timer fired: Mon May 11 05:25:26 2026
6 records inserted in traffic table.
Timer fired: Mon May 11 05:25:31 2026
2 records inserted in traffic table.
Timer fired: Mon May 11 05:25:36 2026
3 records inserted in traffic table.
Timer fired: Mon May 11 05:25:41 2026
7 records inserted in traffic table.
Timer fired: Mon May 11 05:25:46 2026
5 records inserted in traffic table.
Timer fired: Mon May 11 05:25:51 2026
4 records inserted in traffic table.
Timer fired: Mon May 11 05:25:56 2026
7 records inserted in traffic table.
Timer fired: Mon May 11 05:26:01 2026
3 records inserted in traffic table.
Timer fired: Mon May 11 05:26:06 2026
3 records inserted in traffic table.
Timer fired: Mon May 11 05:26:11 2026
2 records inserted in traffic table.
Timer fired: Mon May 11 05:26:16 2026
3 records inserted in traffic table.
Timer fired: Mon May 11 05:26:21 2026
3 records inserted in traffic table.
Timer fired: Mon May 11 05:26:26 2026
9 records inserted in traffic table.
Timer fired: Mon May 11 05:26:31 2026
3 records inserted in traffic table.
Timer fired: Mon May 11 05:26:36 2026
2 records inserted in traffic table.
Timer fired: Mon May 11 05:26:41 2026
4 records inserted in traffic table.
Timer fired: Mon May 11 05:26:46 2026
8 records inserted in traffic table.
Timer fired: Mon May 11 05:26:51 2026
4 records inserted in traffic table.
Timer fired: Mon May 11 05:26:56 2026
9 records inserted in traffic table.
Timer fired: Mon May 11 05:27:01 2026
3 records inserted in traffic table.
Timer fired: Mon May 11 05:27:06 2026
1 records inserted in traffic table.
Timer fired: Mon May 11 05:27:11 2026
5 records inserted in traffic table.
Timer fired: Mon May 11 05:27:16 2026
2 records inserted in traffic table.
Timer fired: Mon May 11 05:27:21 2026
3 records inserted in traffic table.
Timer fired: Mon May 11 05:27:26 2026
7 records inserted in traffic table.
Timer fired: Mon May 11 05:27:31 2026
4 records inserted in traffic table.
Timer fired: Mon May 11 05:27:36 2026
4 records inserted in traffic table.
Timer fired: Mon May 11 05:27:41 2026
4 records inserted in traffic table.
Timer fired: Mon May 11 05:27:46 2026
6 records inserted in traffic table.
Timer fired: Mon May 11 05:27:51 2026
3 records inserted in traffic table.
Timer fired: Mon May 11 05:27:56 2026
11 records inserted in traffic table.
Timer fired: Mon May 11 05:28:01 2026
4 records inserted in traffic table.
Timer fired: Mon May 11 05:28:06 2026
2 records inserted in traffic table.
Timer fired: Mon May 11 05:28:11 2026
2 records inserted in traffic table.
Timer fired: Mon May 11 05:28:16 2026
3 records inserted in traffic table.
Timer fired: Mon May 11 05:28:21 2026
4 records inserted in traffic table.
Timer fired: Mon May 11 05:28:26 2026
8 records inserted in traffic table.
Timer fired: Mon May 11 05:28:31 2026
4 records inserted in traffic table.
Timer fired: Mon May 11 05:28:36 2026
2 records inserted in traffic table.
Timer fired: Mon May 11 05:28:41 2026
5 records inserted in traffic table.
Timer fired: Mon May 11 05:28:46 2026
5 records inserted in traffic table.
Timer fired: Mon May 11 05:28:51 2026
5 records inserted in traffic table.
Timer fired: Mon May 11 05:28:56 2026
6 records inserted in traffic table.
Timer fired: Mon May 11 05:29:01 2026
3 records inserted in traffic table.
Timer fired: Mon May 11 05:29:06 2026
3 records inserted in traffic table.
Timer fired: Mon May 11 05:29:11 2026
3 records inserted in traffic table.
Timer fired: Mon May 11 05:29:16 2026
3 records inserted in traffic table.
Timer fired: Mon May 11 05:29:21 2026
4 records inserted in traffic table.
Timer fired: Mon May 11 05:29:26 2026
8 records inserted in traffic table.
Timer fired: Mon May 11 05:29:31 2026
2 records inserted in traffic table.
Timer fired: Mon May 11 05:29:36 2026
3 records inserted in traffic table.
Timer fired: Mon May 11 05:29:41 2026
3 records inserted in traffic table.
Timer fired: Mon May 11 05:29:46 2026
5 records inserted in traffic table.
Timer fired: Mon May 11 05:29:51 2026
5 records inserted in traffic table.
Timer fired: Mon May 11 05:29:56 2026
6 records inserted in traffic table.
Timer fired: Mon May 11 05:30:01 2026
4 records inserted in traffic table.
Timer fired: Mon May 11 05:30:06 2026
5 records inserted in traffic table.
Timer fired: Mon May 11 05:30:11 2026
4 records inserted in traffic table.
Timer fired: Mon May 11 05:30:16 2026
9 records inserted in traffic table.
Timer fired: Mon May 11 05:30:21 2026
3 records inserted in traffic table.
Timer fired: Mon May 11 05:30:26 2026
8 records inserted in traffic table.
Timer fired: Mon May 11 05:30:31 2026
2 records inserted in traffic table.
Timer fired: Mon May 11 05:30:36 2026
4 records inserted in traffic table.
Timer fired: Mon May 11 05:30:41 2026
4 records inserted in traffic table.
Timer fired: Mon May 11 05:30:46 2026
5 records inserted in traffic table.
Timer fired: Mon May 11 05:30:51 2026
3 records inserted in traffic table.
Timer fired: Mon May 11 05:30:56 2026
8 records inserted in traffic table.
Timer fired: Mon May 11 05:31:01 2026
2 records inserted in traffic table.
Timer fired: Mon May 11 05:31:06 2026
3 records inserted in traffic table.
Timer fired: Mon May 11 05:31:11 2026
2 records inserted in traffic table.
Timer fired: Mon May 11 05:31:16 2026
3 records inserted in traffic table.
Timer fired: Mon May 11 05:31:21 2026
2 records inserted in traffic table.
Timer fired: Mon May 11 05:31:26 2026
7 records inserted in traffic table.
Timer fired: Mon May 11 05:31:31 2026
3 records inserted in traffic table.
Timer fired: Mon May 11 05:31:36 2026
6 records inserted in traffic table.
Timer fired: Mon May 11 05:31:41 2026
4 records inserted in traffic table.
Timer fired: Mon May 11 05:31:46 2026
6 records inserted in traffic table.
Timer fired: Mon May 11 05:31:51 2026
5 records inserted in traffic table.
Timer fired: Mon May 11 05:31:56 2026
7 records inserted in traffic table.
Timer fired: Mon May 11 05:32:01 2026
3 records inserted in traffic table.
Timer fired: Mon May 11 05:32:06 2026
1 records inserted in traffic table.
Timer fired: Mon May 11 05:32:11 2026
1 records inserted in traffic table.
Timer fired: Mon May 11 05:32:16 2026
4 records inserted in traffic table.
Timer fired: Mon May 11 05:32:21 2026
4 records inserted in traffic table.
Timer fired: Mon May 11 05:32:26 2026
9 records inserted in traffic table.
Timer fired: Mon May 11 05:32:31 2026
2 records inserted in traffic table.
Timer fired: Mon May 11 05:32:36 2026
4 records inserted in traffic table.
Timer fired: Mon May 11 05:32:41 2026
6 records inserted in traffic table.
Timer fired: Mon May 11 05:32:46 2026
4 records inserted in traffic table.
Timer fired: Mon May 11 05:32:51 2026
5 records inserted in traffic table.
Timer fired: Mon May 11 05:32:56 2026
6 records inserted in traffic table.
Timer fired: Mon May 11 05:33:01 2026
3 records inserted in traffic table.
Timer fired: Mon May 11 05:33:06 2026
3 records inserted in traffic table.
Timer fired: Mon May 11 05:33:11 2026
5 records inserted in traffic table.
Timer fired: Mon May 11 05:33:16 2026
3 records inserted in traffic table.
Timer fired: Mon May 11 05:33:21 2026
4 records inserted in traffic table.
Timer fired: Mon May 11 05:33:26 2026
9 records inserted in traffic table.
Timer fired: Mon May 11 05:33:31 2026
3 records inserted in traffic table.
Timer fired: Mon May 11 05:33:36 2026
2 records inserted in traffic table.
Timer fired: Mon May 11 05:33:41 2026
4 records inserted in traffic table.
Timer fired: Mon May 11 05:33:46 2026
4 records inserted in traffic table.
Timer fired: Mon May 11 05:33:51 2026
4 records inserted in traffic table.
Timer fired: Mon May 11 05:33:56 2026
9 records inserted in traffic table.
Timer fired: Mon May 11 05:34:01 2026
4 records inserted in traffic table.
Timer fired: Mon May 11 05:34:06 2026
4 records inserted in traffic table.
Timer fired: Mon May 11 05:34:11 2026
1 records inserted in traffic table.
Timer fired: Mon May 11 05:34:16 2026
3 records inserted in traffic table.
Timer fired: Mon May 11 05:34:21 2026
4 records inserted in traffic table.
Timer fired: Mon May 11 05:34:26 2026
7 records inserted in traffic table.
Timer fired: Mon May 11 05:34:31 2026
2 records inserted in traffic table.
Timer fired: Mon May 11 05:34:36 2026
3 records inserted in traffic table.
Timer fired: Mon May 11 05:34:41 2026
5 records inserted in traffic table.
Timer fired: Mon May 11 05:34:46 2026
5 records inserted in traffic table.
Timer fired: Mon May 11 05:34:51 2026
5 records inserted in traffic table.
Timer fired: Mon May 11 05:34:56 2026
7 records inserted in traffic table.
Timer fired: Mon May 11 05:35:01 2026
3 records inserted in traffic table.
Timer fired: Mon May 11 05:35:06 2026
5 records inserted in traffic table.
Timer fired: Mon May 11 05:35:11 2026
2 records inserted in traffic table.
Timer fired: Mon May 11 05:35:16 2026
2 records inserted in traffic table.
Timer fired: Mon May 11 05:35:21 2026
3 records inserted in traffic table.
Timer fired: Mon May 11 05:35:26 2026
9 records inserted in traffic table.
Timer fired: Mon May 11 05:35:31 2026
2 records inserted in traffic table.
Timer fired: Mon May 11 05:35:36 2026
4 records inserted in traffic table.
Timer fired: Mon May 11 05:35:41 2026
5 records inserted in traffic table.
Timer fired: Mon May 11 05:35:46 2026
6 records inserted in traffic table.
Timer fired: Mon May 11 05:35:51 2026
4 records inserted in traffic table.
Timer fired: Mon May 11 05:35:56 2026
6 records inserted in traffic table.
Timer fired: Mon May 11 05:36:01 2026
2 records inserted in traffic table.
Timer fired: Mon May 11 05:36:06 2026
3 records inserted in traffic table.
Timer fired: Mon May 11 05:36:11 2026
5 records inserted in traffic table.
Timer fired: Mon May 11 05:36:16 2026
2 records inserted in traffic table.
Timer fired: Mon May 11 05:36:21 2026
2 records inserted in traffic table.
Timer fired: Mon May 11 05:36:26 2026
7 records inserted in traffic table.
Timer fired: Mon May 11 05:36:31 2026
3 records inserted in traffic table.
Timer fired: Mon May 11 05:36:36 2026
4 records inserted in traffic table.
Timer fired: Mon May 11 05:36:41 2026
5 records inserted in traffic table.
Timer fired: Mon May 11 05:36:46 2026
5 records inserted in traffic table.
Timer fired: Mon May 11 05:36:51 2026
4 records inserted in traffic table.
Timer fired: Mon May 11 05:36:56 2026
9 records inserted in traffic table.
Timer fired: Mon May 11 05:37:01 2026
4 records inserted in traffic table.
Timer fired: Mon May 11 05:37:06 2026
1 records inserted in traffic table.
Timer fired: Mon May 11 05:37:11 2026
3 records inserted in traffic table.
Timer fired: Mon May 11 05:37:16 2026
3 records inserted in traffic table.
Timer fired: Mon May 11 05:37:21 2026
6 records inserted in traffic table.
Timer fired: Mon May 11 05:37:26 2026
6 records inserted in traffic table.
Timer fired: Mon May 11 05:37:31 2026
3 records inserted in traffic table.
Timer fired: Mon May 11 05:37:36 2026
3 records inserted in traffic table.
Timer fired: Mon May 11 05:37:41 2026
6 records inserted in traffic table.
Timer fired: Mon May 11 05:37:46 2026
6 records inserted in traffic table.
Timer fired: Mon May 11 05:37:51 2026
3 records inserted in traffic table.
Timer fired: Mon May 11 05:37:56 2026
7 records inserted in traffic table.
Timer fired: Mon May 11 05:38:01 2026
3 records inserted in traffic table.
Timer fired: Mon May 11 05:38:06 2026
4 records inserted in traffic table.
Timer fired: Mon May 11 05:38:11 2026
2 records inserted in traffic table.
Timer fired: Mon May 11 05:38:16 2026
2 records inserted in traffic table.
Timer fired: Mon May 11 05:38:21 2026
3 records inserted in traffic table.
Timer fired: Mon May 11 05:38:26 2026
9 records inserted in traffic table.
Timer fired: Mon May 11 05:38:31 2026
3 records inserted in traffic table.
Timer fired: Mon May 11 05:38:36 2026
4 records inserted in traffic table.
Timer fired: Mon May 11 05:38:41 2026
3 records inserted in traffic table.
Timer fired: Mon May 11 05:38:46 2026
4 records inserted in traffic table.
Timer fired: Mon May 11 05:38:51 2026
5 records inserted in traffic table.
Timer fired: Mon May 11 05:38:56 2026
6 records inserted in traffic table.
Timer fired: Mon May 11 05:39:01 2026
5 records inserted in traffic table.
Timer fired: Mon May 11 05:39:06 2026
2 records inserted in traffic table.
Timer fired: Mon May 11 05:39:11 2026
5 records inserted in traffic table.
Timer fired: Mon May 11 05:39:16 2026
2 records inserted in traffic table.
Timer fired: Mon May 11 05:39:21 2026
3 records inserted in traffic table.
Timer fired: Mon May 11 05:39:26 2026
6 records inserted in traffic table.
Timer fired: Mon May 11 05:39:31 2026
3 records inserted in traffic table.
Timer fired: Mon May 11 05:39:36 2026
5 records inserted in traffic table.
Timer fired: Mon May 11 05:39:41 2026
4 records inserted in traffic table.
Timer fired: Mon May 11 05:39:46 2026
7 records inserted in traffic table.
Timer fired: Mon May 11 05:39:51 2026
3 records inserted in traffic table.
Timer fired: Mon May 11 05:39:56 2026
9 records inserted in traffic table.
Timer fired: Mon May 11 05:40:01 2026
5 records inserted in traffic table.
Timer fired: Mon May 11 05:40:06 2026
3 records inserted in traffic table.
Timer fired: Mon May 11 05:40:11 2026
2 records inserted in traffic table.
Timer fired: Mon May 11 05:40:16 2026
3 records inserted in traffic table.
Timer fired: Mon May 11 05:40:21 2026
2 records inserted in traffic table.
Timer fired: Mon May 11 05:40:26 2026
7 records inserted in traffic table.
Timer fired: Mon May 11 05:40:31 2026
3 records inserted in traffic table.
Timer fired: Mon May 11 05:40:36 2026
3 records inserted in traffic table.
Timer fired: Mon May 11 05:40:41 2026
6 records inserted in traffic table.
Timer fired: Mon May 11 05:40:46 2026
4 records inserted in traffic table.
Timer fired: Mon May 11 05:40:51 2026
3 records inserted in traffic table.
Timer fired: Mon May 11 05:40:56 2026
7 records inserted in traffic table.
Timer fired: Mon May 11 05:41:01 2026
4 records inserted in traffic table.
Timer fired: Mon May 11 05:41:06 2026
2 records inserted in traffic table.
Timer fired: Mon May 11 05:41:11 2026
1 records inserted in traffic table.
Timer fired: Mon May 11 05:41:16 2026
3 records inserted in traffic table.
Timer fired: Mon May 11 05:41:21 2026
2 records inserted in traffic table.
Timer fired: Mon May 11 05:41:26 2026
11 records inserted in traffic table.
Timer fired: Mon May 11 05:41:31 2026
4 records inserted in traffic table.
Timer fired: Mon May 11 05:41:36 2026
3 records inserted in traffic table.
Timer fired: Mon May 11 05:41:41 2026
5 records inserted in traffic table.
Timer fired: Mon May 11 05:41:46 2026
5 records inserted in traffic table.
Timer fired: Mon May 11 05:41:51 2026
4 records inserted in traffic table.
Timer fired: Mon May 11 05:41:56 2026
7 records inserted in traffic table.
Timer fired: Mon May 11 05:42:01 2026
4 records inserted in traffic table.
Timer fired: Mon May 11 05:42:06 2026
2 records inserted in traffic table.
Timer fired: Mon May 11 05:42:11 2026
3 records inserted in traffic table.
Timer fired: Mon May 11 05:42:16 2026
3 records inserted in traffic table.
Timer fired: Mon May 11 05:42:21 2026
2 records inserted in traffic table.
Timer fired: Mon May 11 05:42:26 2026
8 records inserted in traffic table.
Timer fired: Mon May 11 05:42:31 2026
4 records inserted in traffic table.
Timer fired: Mon May 11 05:42:36 2026
3 records inserted in traffic table.
Timer fired: Mon May 11 05:42:41 2026
5 records inserted in traffic table.
Timer fired: Mon May 11 05:42:46 2026
10 records inserted in traffic table.
Timer fired: Mon May 11 05:42:51 2026
4 records inserted in traffic table.
Timer fired: Mon May 11 05:42:56 2026
8 records inserted in traffic table.
Timer fired: Mon May 11 05:43:01 2026
4 records inserted in traffic table.
Timer fired: Mon May 11 05:43:06 2026
3 records inserted in traffic table.
Timer fired: Mon May 11 05:43:11 2026
3 records inserted in traffic table.
Timer fired: Mon May 11 05:43:16 2026
4 records inserted in traffic table.
Timer fired: Mon May 11 05:43:21 2026
2 records inserted in traffic table.
Timer fired: Mon May 11 05:43:26 2026
6 records inserted in traffic table.
Timer fired: Mon May 11 05:43:31 2026
5 records inserted in traffic table.
Timer fired: Mon May 11 05:43:36 2026
4 records inserted in traffic table.
Timer fired: Mon May 11 05:43:41 2026
5 records inserted in traffic table.
Timer fired: Mon May 11 05:43:46 2026
6 records inserted in traffic table.
Timer fired: Mon May 11 05:43:51 2026
4 records inserted in traffic table.
Timer fired: Mon May 11 05:43:56 2026
8 records inserted in traffic table.
Timer fired: Mon May 11 05:44:01 2026
4 records inserted in traffic table.
Timer fired: Mon May 11 05:44:06 2026
3 records inserted in traffic table.
Timer fired: Mon May 11 05:44:11 2026
3 records inserted in traffic table.
Timer fired: Mon May 11 05:44:16 2026
2 records inserted in traffic table.
Timer fired: Mon May 11 05:44:21 2026
2 records inserted in traffic table.
Timer fired: Mon May 11 05:44:26 2026
10 records inserted in traffic table.
Timer fired: Mon May 11 05:44:31 2026
5 records inserted in traffic table.
Timer fired: Mon May 11 05:44:36 2026
3 records inserted in traffic table.
Timer fired: Mon May 11 05:44:41 2026
5 records inserted in traffic table.
Timer fired: Mon May 11 05:44:46 2026
8 records inserted in traffic table.
Timer fired: Mon May 11 05:44:51 2026
3 records inserted in traffic table.
Timer fired: Mon May 11 05:44:56 2026
8 records inserted in traffic table.
Timer fired: Mon May 11 05:45:01 2026
4 records inserted in traffic table.
Timer fired: Mon May 11 05:45:06 2026
2 records inserted in traffic table.
Timer fired: Mon May 11 05:45:11 2026
4 records inserted in traffic table.
Timer fired: Mon May 11 05:45:16 2026
3 records inserted in traffic table.
Timer fired: Mon May 11 05:45:21 2026
2 records inserted in traffic table.
Timer fired: Mon May 11 05:45:26 2026
6 records inserted in traffic table.
Timer fired: Mon May 11 05:45:31 2026
3 records inserted in traffic table.
Timer fired: Mon May 11 05:45:36 2026
5 records inserted in traffic table.
Timer fired: Mon May 11 05:45:41 2026
4 records inserted in traffic table.
Timer fired: Mon May 11 05:45:46 2026
5 records inserted in traffic table.
Timer fired: Mon May 11 05:45:51 2026
3 records inserted in traffic table.
Timer fired: Mon May 11 05:45:56 2026
8 records inserted in traffic table.
Timer fired: Mon May 11 05:46:01 2026
2 records inserted in traffic table.
Timer fired: Mon May 11 05:46:06 2026
2 records inserted in traffic table.
Timer fired: Mon May 11 05:46:11 2026
2 records inserted in traffic table.
Timer fired: Mon May 11 05:46:16 2026
2 records inserted in traffic table.
Timer fired: Mon May 11 05:46:21 2026
4 records inserted in traffic table.
Timer fired: Mon May 11 05:46:26 2026
6 records inserted in traffic table.
Timer fired: Mon May 11 05:46:31 2026
3 records inserted in traffic table.
Timer fired: Mon May 11 05:46:36 2026
4 records inserted in traffic table.
Timer fired: Mon May 11 05:46:41 2026
4 records inserted in traffic table.
Timer fired: Mon May 11 05:46:46 2026
5 records inserted in traffic table.
Timer fired: Mon May 11 05:46:51 2026
4 records inserted in traffic table.
Timer fired: Mon May 11 05:46:56 2026
8 records inserted in traffic table.
Timer fired: Mon May 11 05:47:01 2026
4 records inserted in traffic table.
Timer fired: Mon May 11 05:47:06 2026
4 records inserted in traffic table.
Timer fired: Mon May 11 05:47:11 2026
3 records inserted in traffic table.
Timer fired: Mon May 11 05:47:16 2026
5 records inserted in traffic table.
Timer fired: Mon May 11 05:47:21 2026
6 records inserted in traffic table.
Timer fired: Mon May 11 05:47:26 2026
5 records inserted in traffic table.
Timer fired: Mon May 11 05:47:31 2026
3 records inserted in traffic table.
Timer fired: Mon May 11 05:47:36 2026
3 records inserted in traffic table.
Timer fired: Mon May 11 05:47:41 2026
3 records inserted in traffic table.
Timer fired: Mon May 11 05:47:46 2026
7 records inserted in traffic table.
Timer fired: Mon May 11 05:47:51 2026
6 records inserted in traffic table.
Timer fired: Mon May 11 05:47:56 2026
7 records inserted in traffic table.
Timer fired: Mon May 11 05:48:01 2026
4 records inserted in traffic table.
Timer fired: Mon May 11 05:48:06 2026
3 records inserted in traffic table.
Timer fired: Mon May 11 05:48:11 2026
2 records inserted in traffic table.
Timer fired: Mon May 11 05:48:16 2026
3 records inserted in traffic table.
Timer fired: Mon May 11 05:48:21 2026
3 records inserted in traffic table.
Timer fired: Mon May 11 05:48:26 2026
5 records inserted in traffic table.
Timer fired: Mon May 11 05:48:31 2026
5 records inserted in traffic table.
Timer fired: Mon May 11 05:48:36 2026
4 records inserted in traffic table.
Timer fired: Mon May 11 05:48:41 2026
2 records inserted in traffic table.
Timer fired: Mon May 11 05:48:46 2026
8 records inserted in traffic table.
Timer fired: Mon May 11 05:48:51 2026
7 records inserted in traffic table.
Timer fired: Mon May 11 05:48:56 2026
6 records inserted in traffic table.
Timer fired: Mon May 11 05:49:01 2026
3 records inserted in traffic table.
Timer fired: Mon May 11 05:49:06 2026
1 records inserted in traffic table.
Timer fired: Mon May 11 05:49:11 2026
2 records inserted in traffic table.
Timer fired: Mon May 11 05:49:16 2026
3 records inserted in traffic table.
Timer fired: Mon May 11 05:49:21 2026
3 records inserted in traffic table.
Timer fired: Mon May 11 05:49:26 2026
6 records inserted in traffic table.
Timer fired: Mon May 11 05:49:31 2026
3 records inserted in traffic table.
Timer fired: Mon May 11 05:49:36 2026
2 records inserted in traffic table.
Timer fired: Mon May 11 05:49:41 2026
5 records inserted in traffic table.
Timer fired: Mon May 11 05:49:46 2026
5 records inserted in traffic table.
Timer fired: Mon May 11 05:49:51 2026
4 records inserted in traffic table.
Timer fired: Mon May 11 05:49:56 2026
7 records inserted in traffic table.
Timer fired: Mon May 11 05:50:01 2026
5 records inserted in traffic table.
Timer fired: Mon May 11 05:50:06 2026
2 records inserted in traffic table.
Timer fired: Mon May 11 05:50:11 2026
1 records inserted in traffic table.
Timer fired: Mon May 11 05:50:16 2026
2 records inserted in traffic table.
Timer fired: Mon May 11 05:50:21 2026
4 records inserted in traffic table.
Timer fired: Mon May 11 05:50:26 2026
8 records inserted in traffic table.
Timer fired: Mon May 11 05:50:31 2026
4 records inserted in traffic table.
Timer fired: Mon May 11 05:50:36 2026
2 records inserted in traffic table.
Timer fired: Mon May 11 05:50:41 2026
2 records inserted in traffic table.
Timer fired: Mon May 11 05:50:46 2026
6 records inserted in traffic table.
Timer fired: Mon May 11 05:50:51 2026
4 records inserted in traffic table.
Timer fired: Mon May 11 05:50:56 2026
8 records inserted in traffic table.
Timer fired: Mon May 11 05:51:01 2026
3 records inserted in traffic table.
Timer fired: Mon May 11 05:51:06 2026
3 records inserted in traffic table.
Timer fired: Mon May 11 05:51:11 2026
4 records inserted in traffic table.
Timer fired: Mon May 11 05:51:16 2026
3 records inserted in traffic table.
Timer fired: Mon May 11 05:51:21 2026
3 records inserted in traffic table.
Timer fired: Mon May 11 05:51:26 2026
5 records inserted in traffic table.
Timer fired: Mon May 11 05:51:31 2026
4 records inserted in traffic table.
Timer fired: Mon May 11 05:51:36 2026
3 records inserted in traffic table.
Timer fired: Mon May 11 05:51:41 2026
4 records inserted in traffic table.
Timer fired: Mon May 11 05:51:46 2026
7 records inserted in traffic table.
Timer fired: Mon May 11 05:51:51 2026
4 records inserted in traffic table.
Timer fired: Mon May 11 05:51:56 2026
9 records inserted in traffic table.
Timer fired: Mon May 11 05:52:01 2026
4 records inserted in traffic table.
Timer fired: Mon May 11 05:52:06 2026
4 records inserted in traffic table.
Timer fired: Mon May 11 05:52:11 2026
1 records inserted in traffic table.
Timer fired: Mon May 11 05:52:16 2026
3 records inserted in traffic table.
Timer fired: Mon May 11 05:52:21 2026
4 records inserted in traffic table.
Timer fired: Mon May 11 05:52:26 2026
5 records inserted in traffic table.
Timer fired: Mon May 11 05:52:31 2026
4 records inserted in traffic table.
Timer fired: Mon May 11 05:52:36 2026
4 records inserted in traffic table.
Timer fired: Mon May 11 05:52:41 2026
5 records inserted in traffic table.
Timer fired: Mon May 11 05:52:46 2026
6 records inserted in traffic table.
Timer fired: Mon May 11 05:52:51 2026
4 records inserted in traffic table.
Timer fired: Mon May 11 05:52:56 2026
7 records inserted in traffic table.
Timer fired: Mon May 11 05:53:01 2026
3 records inserted in traffic table.
Timer fired: Mon May 11 05:53:06 2026
4 records inserted in traffic table.
Timer fired: Mon May 11 05:53:11 2026
1 records inserted in traffic table.
Timer fired: Mon May 11 05:53:16 2026
2 records inserted in traffic table.
Timer fired: Mon May 11 05:53:21 2026
4 records inserted in traffic table.
Timer fired: Mon May 11 05:53:26 2026
10 records inserted in traffic table.
Timer fired: Mon May 11 05:53:31 2026
4 records inserted in traffic table.
Timer fired: Mon May 11 05:53:36 2026
2 records inserted in traffic table.
Timer fired: Mon May 11 05:53:41 2026
2 records inserted in traffic table.
Timer fired: Mon May 11 05:53:46 2026
9 records inserted in traffic table.
Timer fired: Mon May 11 05:53:51 2026
4 records inserted in traffic table.
Timer fired: Mon May 11 05:53:56 2026
6 records inserted in traffic table.
Timer fired: Mon May 11 05:54:01 2026
4 records inserted in traffic table.
Timer fired: Mon May 11 05:54:06 2026
1 records inserted in traffic table.
Timer fired: Mon May 11 05:54:11 2026
4 records inserted in traffic table.
Timer fired: Mon May 11 05:54:16 2026
3 records inserted in traffic table.
Timer fired: Mon May 11 05:54:21 2026
2 records inserted in traffic table.
Timer fired: Mon May 11 05:54:26 2026
6 records inserted in traffic table.
Timer fired: Mon May 11 05:54:31 2026
4 records inserted in traffic table.
Timer fired: Mon May 11 05:54:36 2026
5 records inserted in traffic table.
Timer fired: Mon May 11 05:54:41 2026
4 records inserted in traffic table.
Timer fired: Mon May 11 05:54:46 2026
6 records inserted in traffic table.
Timer fired: Mon May 11 05:54:51 2026
4 records inserted in traffic table.
Timer fired: Mon May 11 05:54:56 2026
10 records inserted in traffic table.
Timer fired: Mon May 11 05:55:01 2026
6 records inserted in traffic table.
Timer fired: Mon May 11 05:55:06 2026
2 records inserted in traffic table.
Timer fired: Mon May 11 05:55:11 2026
1 records inserted in traffic table.
Timer fired: Mon May 11 05:55:16 2026
2 records inserted in traffic table.
Timer fired: Mon May 11 05:55:21 2026
6 records inserted in traffic table.
Timer fired: Mon May 11 05:55:26 2026
5 records inserted in traffic table.
Timer fired: Mon May 11 05:55:31 2026
4 records inserted in traffic table.
Timer fired: Mon May 11 05:55:36 2026
4 records inserted in traffic table.
Timer fired: Mon May 11 05:55:41 2026
6 records inserted in traffic table.
Timer fired: Mon May 11 05:55:46 2026
5 records inserted in traffic table.
Timer fired: Mon May 11 05:55:51 2026
4 records inserted in traffic table.
Timer fired: Mon May 11 05:55:56 2026
6 records inserted in traffic table.
Timer fired: Mon May 11 05:56:01 2026
3 records inserted in traffic table.
Timer fired: Mon May 11 05:56:06 2026
5 records inserted in traffic table.
Timer fired: Mon May 11 05:56:11 2026
3 records inserted in traffic table.
Timer fired: Mon May 11 05:56:16 2026
2 records inserted in traffic table.
Timer fired: Mon May 11 05:56:21 2026
2 records inserted in traffic table.
Timer fired: Mon May 11 05:56:26 2026
9 records inserted in traffic table.
Timer fired: Mon May 11 05:56:31 2026
4 records inserted in traffic table.
Timer fired: Mon May 11 05:56:36 2026
3 records inserted in traffic table.
Timer fired: Mon May 11 05:56:41 2026
3 records inserted in traffic table.
Timer fired: Mon May 11 05:56:46 2026
5 records inserted in traffic table.
Timer fired: Mon May 11 05:56:51 2026
5 records inserted in traffic table.
Timer fired: Mon May 11 05:56:56 2026
8 records inserted in traffic table.
Timer fired: Mon May 11 05:57:01 2026
4 records inserted in traffic table.
Timer fired: Mon May 11 05:57:06 2026
2 records inserted in traffic table.
Timer fired: Mon May 11 05:57:11 2026
5 records inserted in traffic table.
Timer fired: Mon May 11 05:57:16 2026
3 records inserted in traffic table.
Timer fired: Mon May 11 05:57:21 2026
3 records inserted in traffic table.
Timer fired: Mon May 11 05:57:26 2026
5 records inserted in traffic table.
Timer fired: Mon May 11 05:57:31 2026
4 records inserted in traffic table.
Timer fired: Mon May 11 05:57:36 2026
4 records inserted in traffic table.
Timer fired: Mon May 11 05:57:41 2026
3 records inserted in traffic table.
Timer fired: Mon May 11 05:57:46 2026
8 records inserted in traffic table.
Timer fired: Mon May 11 05:57:51 2026
5 records inserted in traffic table.
Timer fired: Mon May 11 05:57:56 2026
9 records inserted in traffic table.
Timer fired: Mon May 11 05:58:01 2026
2 records inserted in traffic table.
Timer fired: Mon May 11 05:58:06 2026
3 records inserted in traffic table.
Timer fired: Mon May 11 05:58:11 2026
3 records inserted in traffic table.
Timer fired: Mon May 11 05:58:16 2026
3 records inserted in traffic table.
Timer fired: Mon May 11 05:58:21 2026
2 records inserted in traffic table.
Timer fired: Mon May 11 05:58:26 2026
5 records inserted in traffic table.
Timer fired: Mon May 11 05:58:31 2026
5 records inserted in traffic table.
Timer fired: Mon May 11 05:58:36 2026
3 records inserted in traffic table.
Timer fired: Mon May 11 05:58:41 2026
5 records inserted in traffic table.
Timer fired: Mon May 11 05:58:46 2026
6 records inserted in traffic table.
Timer fired: Mon May 11 05:58:51 2026
7 records inserted in traffic table.
Timer fired: Mon May 11 05:58:56 2026
6 records inserted in traffic table.
Timer fired: Mon May 11 05:59:01 2026
3 records inserted in traffic table.
Timer fired: Mon May 11 05:59:06 2026
1 records inserted in traffic table.
Timer fired: Mon May 11 05:59:11 2026
3 records inserted in traffic table.
Timer fired: Mon May 11 05:59:16 2026
3 records inserted in traffic table.
Timer fired: Mon May 11 05:59:21 2026
4 records inserted in traffic table.
Timer fired: Mon May 11 05:59:26 2026
7 records inserted in traffic table.
Timer fired: Mon May 11 05:59:31 2026
3 records inserted in traffic table.
Timer fired: Mon May 11 05:59:36 2026
5 records inserted in traffic table.
Timer fired: Mon May 11 05:59:41 2026
3 records inserted in traffic table.
Timer fired: Mon May 11 05:59:46 2026
4 records inserted in traffic table.
Timer fired: Mon May 11 05:59:51 2026
4 records inserted in traffic table.
Timer fired: Mon May 11 05:59:56 2026
7 records inserted in traffic table.
Timer fired: Mon May 11 06:00:01 2026
5 records inserted in traffic table.
Timer fired: Mon May 11 06:00:06 2026
1 records inserted in traffic table.
Timer fired: Mon May 11 06:00:11 2026
4 records inserted in traffic table.
Timer fired: Mon May 11 06:00:16 2026
7 records inserted in traffic table.
Timer fired: Mon May 11 06:00:21 2026
2 records inserted in traffic table.
Timer fired: Mon May 11 06:00:26 2026
6 records inserted in traffic table.
Timer fired: Mon May 11 06:00:31 2026
2 records inserted in traffic table.
Timer fired: Mon May 11 06:00:36 2026
4 records inserted in traffic table.
Timer fired: Mon May 11 06:00:41 2026
2 records inserted in traffic table.
Timer fired: Mon May 11 06:00:46 2026
5 records inserted in traffic table.
Timer fired: Mon May 11 06:00:51 2026
5 records inserted in traffic table.
Timer fired: Mon May 11 06:00:56 2026
9 records inserted in traffic table.
Timer fired: Mon May 11 06:01:01 2026
3 records inserted in traffic table.
Timer fired: Mon May 11 06:01:06 2026
1 records inserted in traffic table.
Timer fired: Mon May 11 06:01:11 2026
1 records inserted in traffic table.
Timer fired: Mon May 11 06:01:16 2026
2 records inserted in traffic table.
Timer fired: Mon May 11 06:01:21 2026
4 records inserted in traffic table.
Timer fired: Mon May 11 06:01:26 2026
6 records inserted in traffic table.
Timer fired: Mon May 11 06:01:31 2026
1 records inserted in traffic table.
Timer fired: Mon May 11 06:01:36 2026
9 records inserted in traffic table.
Timer fired: Mon May 11 06:01:41 2026
4 records inserted in traffic table.
Timer fired: Mon May 11 06:01:46 2026
6 records inserted in traffic table.
Timer fired: Mon May 11 06:01:51 2026
5 records inserted in traffic table.
Timer fired: Mon May 11 06:01:56 2026
7 records inserted in traffic table.
Timer fired: Mon May 11 06:02:01 2026
4 records inserted in traffic table.
Timer fired: Mon May 11 06:02:06 2026
3 records inserted in traffic table.
Timer fired: Mon May 11 06:02:11 2026
2 records inserted in traffic table.
Timer fired: Mon May 11 06:02:16 2026
2 records inserted in traffic table.
Timer fired: Mon May 11 06:02:21 2026
2 records inserted in traffic table.
Timer fired: Mon May 11 06:02:26 2026
8 records inserted in traffic table.
Timer fired: Mon May 11 06:02:31 2026
4 records inserted in traffic table.
Timer fired: Mon May 11 06:02:36 2026
4 records inserted in traffic table.
Timer fired: Mon May 11 06:02:41 2026
2 records inserted in traffic table.
Timer fired: Mon May 11 06:02:46 2026
6 records inserted in traffic table.
Timer fired: Mon May 11 06:02:51 2026
6 records inserted in traffic table.
Timer fired: Mon May 11 06:02:56 2026
6 records inserted in traffic table.
Timer fired: Mon May 11 06:03:01 2026
3 records inserted in traffic table.
Timer fired: Mon May 11 06:03:06 2026
4 records inserted in traffic table.
Timer fired: Mon May 11 06:03:11 2026
5 records inserted in traffic table.
Timer fired: Mon May 11 06:03:16 2026
2 records inserted in traffic table.
Timer fired: Mon May 11 06:03:21 2026
2 records inserted in traffic table.
Timer fired: Mon May 11 06:03:26 2026
6 records inserted in traffic table.
Timer fired: Mon May 11 06:03:31 2026
4 records inserted in traffic table.
Timer fired: Mon May 11 06:03:36 2026
7 records inserted in traffic table.
Timer fired: Mon May 11 06:03:41 2026
3 records inserted in traffic table.
Timer fired: Mon May 11 06:03:46 2026
5 records inserted in traffic table.
Timer fired: Mon May 11 06:03:51 2026
4 records inserted in traffic table.
Timer fired: Mon May 11 06:03:56 2026
9 records inserted in traffic table.
Timer fired: Mon May 11 06:04:01 2026
3 records inserted in traffic table.
Timer fired: Mon May 11 06:04:06 2026
2 records inserted in traffic table.
Timer fired: Mon May 11 06:04:11 2026
3 records inserted in traffic table.
Timer fired: Mon May 11 06:04:16 2026
3 records inserted in traffic table.
Timer fired: Mon May 11 06:04:21 2026
4 records inserted in traffic table.
Timer fired: Mon May 11 06:04:26 2026
6 records inserted in traffic table.
Timer fired: Mon May 11 06:04:31 2026
3 records inserted in traffic table.
Timer fired: Mon May 11 06:04:36 2026
3 records inserted in traffic table.
Timer fired: Mon May 11 06:04:41 2026
6 records inserted in traffic table.
Timer fired: Mon May 11 06:04:46 2026
4 records inserted in traffic table.
Timer fired: Mon May 11 06:04:51 2026
4 records inserted in traffic table.
Timer fired: Mon May 11 06:04:56 2026
8 records inserted in traffic table.
Timer fired: Mon May 11 06:05:01 2026
7 records inserted in traffic table.
Timer fired: Mon May 11 06:05:06 2026
3 records inserted in traffic table.
Timer fired: Mon May 11 06:05:11 2026
1 records inserted in traffic table.
Timer fired: Mon May 11 06:05:16 2026
2 records inserted in traffic table.
Timer fired: Mon May 11 06:05:21 2026
2 records inserted in traffic table.
Timer fired: Mon May 11 06:05:26 2026
10 records inserted in traffic table.
Timer fired: Mon May 11 06:05:31 2026
3 records inserted in traffic table.
Timer fired: Mon May 11 06:05:36 2026
4 records inserted in traffic table.
Timer fired: Mon May 11 06:05:41 2026
4 records inserted in traffic table.
Timer fired: Mon May 11 06:05:46 2026
4 records inserted in traffic table.
Timer fired: Mon May 11 06:05:51 2026
6 records inserted in traffic table.
Timer fired: Mon May 11 06:05:56 2026
8 records inserted in traffic table.
Timer fired: Mon May 11 06:06:01 2026
4 records inserted in traffic table.
Timer fired: Mon May 11 06:06:06 2026
1 records inserted in traffic table.
Timer fired: Mon May 11 06:06:11 2026
3 records inserted in traffic table.
Timer fired: Mon May 11 06:06:16 2026
2 records inserted in traffic table.
Timer fired: Mon May 11 06:06:21 2026
3 records inserted in traffic table.
Timer fired: Mon May 11 06:06:26 2026
7 records inserted in traffic table.
Timer fired: Mon May 11 06:06:31 2026
3 records inserted in traffic table.
Timer fired: Mon May 11 06:06:36 2026
5 records inserted in traffic table.
Timer fired: Mon May 11 06:06:41 2026
5 records inserted in traffic table.
Timer fired: Mon May 11 06:06:46 2026
7 records inserted in traffic table.
Timer fired: Mon May 11 06:06:51 2026
5 records inserted in traffic table.
Timer fired: Mon May 11 06:06:56 2026
8 records inserted in traffic table.
Timer fired: Mon May 11 06:07:01 2026
2 records inserted in traffic table.
Timer fired: Mon May 11 06:07:06 2026
4 records inserted in traffic table.
Timer fired: Mon May 11 06:07:11 2026
2 records inserted in traffic table.
Timer fired: Mon May 11 06:07:16 2026
3 records inserted in traffic table.
Timer fired: Mon May 11 06:07:21 2026
4 records inserted in traffic table.
Timer fired: Mon May 11 06:07:26 2026
6 records inserted in traffic table.
Timer fired: Mon May 11 06:07:31 2026
3 records inserted in traffic table.
Timer fired: Mon May 11 06:07:36 2026
4 records inserted in traffic table.
Timer fired: Mon May 11 06:07:41 2026
6 records inserted in traffic table.
Timer fired: Mon May 11 06:07:46 2026
4 records inserted in traffic table.
Timer fired: Mon May 11 06:07:51 2026
5 records inserted in traffic table.
Timer fired: Mon May 11 06:07:56 2026
7 records inserted in traffic table.
Timer fired: Mon May 11 06:08:01 2026
2 records inserted in traffic table.
Timer fired: Mon May 11 06:08:06 2026
4 records inserted in traffic table.
Timer fired: Mon May 11 06:08:11 2026
3 records inserted in traffic table.
Timer fired: Mon May 11 06:08:16 2026
2 records inserted in traffic table.
Timer fired: Mon May 11 06:08:21 2026
3 records inserted in traffic table.
Timer fired: Mon May 11 06:08:26 2026
6 records inserted in traffic table.
Timer fired: Mon May 11 06:08:31 2026
3 records inserted in traffic table.
Timer fired: Mon May 11 06:08:36 2026
5 records inserted in traffic table.
Timer fired: Mon May 11 06:08:41 2026
3 records inserted in traffic table.
Timer fired: Mon May 11 06:08:46 2026
4 records inserted in traffic table.
Timer fired: Mon May 11 06:08:51 2026
5 records inserted in traffic table.
Timer fired: Mon May 11 06:08:56 2026
8 records inserted in traffic table.
Timer fired: Mon May 11 06:09:01 2026
3 records inserted in traffic table.
Timer fired: Mon May 11 06:09:06 2026
2 records inserted in traffic table.
Timer fired: Mon May 11 06:09:11 2026
3 records inserted in traffic table.
Timer fired: Mon May 11 06:09:16 2026
4 records inserted in traffic table.
Timer fired: Mon May 11 06:09:21 2026
3 records inserted in traffic table.
Timer fired: Mon May 11 06:09:26 2026
7 records inserted in traffic table.
Timer fired: Mon May 11 06:09:31 2026
2 records inserted in traffic table.
Timer fired: Mon May 11 06:09:36 2026
3 records inserted in traffic table.
Timer fired: Mon May 11 06:09:41 2026
3 records inserted in traffic table.
Timer fired: Mon May 11 06:09:46 2026
4 records inserted in traffic table.
Timer fired: Mon May 11 06:09:51 2026
5 records inserted in traffic table.
Timer fired: Mon May 11 06:09:56 2026
7 records inserted in traffic table.
Timer fired: Mon May 11 06:10:01 2026
5 records inserted in traffic table.
Timer fired: Mon May 11 06:10:06 2026
2 records inserted in traffic table.
Timer fired: Mon May 11 06:10:11 2026
1 records inserted in traffic table.
Timer fired: Mon May 11 06:10:16 2026
3 records inserted in traffic table.
Timer fired: Mon May 11 06:10:21 2026
2 records inserted in traffic table.
Timer fired: Mon May 11 06:10:26 2026
6 records inserted in traffic table.
Timer fired: Mon May 11 06:10:31 2026
2 records inserted in traffic table.
Timer fired: Mon May 11 06:10:36 2026
4 records inserted in traffic table.
Timer fired: Mon May 11 06:10:41 2026
3 records inserted in traffic table.
Timer fired: Mon May 11 06:10:46 2026
5 records inserted in traffic table.
Timer fired: Mon May 11 06:10:51 2026
10 records inserted in traffic table.
Timer fired: Mon May 11 06:10:56 2026
13 records inserted in traffic table.
Timer fired: Mon May 11 06:11:01 2026
4 records inserted in traffic table.
Timer fired: Mon May 11 06:11:06 2026
2 records inserted in traffic table.
Timer fired: Mon May 11 06:11:11 2026
3 records inserted in traffic table.
Timer fired: Mon May 11 06:11:16 2026
3 records inserted in traffic table.
Timer fired: Mon May 11 06:11:21 2026
3 records inserted in traffic table.
Timer fired: Mon May 11 06:11:26 2026
7 records inserted in traffic table.
Timer fired: Mon May 11 06:11:31 2026
5 records inserted in traffic table.
Timer fired: Mon May 11 06:11:36 2026
4 records inserted in traffic table.
Timer fired: Mon May 11 06:11:41 2026
5 records inserted in traffic table.
Timer fired: Mon May 11 06:11:46 2026
7 records inserted in traffic table.
Timer fired: Mon May 11 06:11:51 2026
5 records inserted in traffic table.
Timer fired: Mon May 11 06:11:56 2026
8 records inserted in traffic table.
Timer fired: Mon May 11 06:12:01 2026
4 records inserted in traffic table.
Timer fired: Mon May 11 06:12:06 2026
3 records inserted in traffic table.
Timer fired: Mon May 11 06:12:11 2026
2 records inserted in traffic table.
Timer fired: Mon May 11 06:12:16 2026
3 records inserted in traffic table.
Timer fired: Mon May 11 06:12:21 2026
2 records inserted in traffic table.
Timer fired: Mon May 11 06:12:26 2026
8 records inserted in traffic table.
Timer fired: Mon May 11 06:12:31 2026
3 records inserted in traffic table.
Timer fired: Mon May 11 06:12:36 2026
6 records inserted in traffic table.
Timer fired: Mon May 11 06:12:41 2026
4 records inserted in traffic table.
Timer fired: Mon May 11 06:12:46 2026
6 records inserted in traffic table.
Timer fired: Mon May 11 06:12:51 2026
5 records inserted in traffic table.
Timer fired: Mon May 11 06:12:56 2026
7 records inserted in traffic table.
Timer fired: Mon May 11 06:13:01 2026
4 records inserted in traffic table.
Timer fired: Mon May 11 06:13:06 2026
3 records inserted in traffic table.
Timer fired: Mon May 11 06:13:11 2026
3 records inserted in traffic table.
Timer fired: Mon May 11 06:13:16 2026
3 records inserted in traffic table.
Timer fired: Mon May 11 06:13:21 2026
4 records inserted in traffic table.
Timer fired: Mon May 11 06:13:26 2026
6 records inserted in traffic table.
Timer fired: Mon May 11 06:13:31 2026
3 records inserted in traffic table.
Timer fired: Mon May 11 06:13:36 2026
5 records inserted in traffic table.
Timer fired: Mon May 11 06:13:41 2026
4 records inserted in traffic table.
Timer fired: Mon May 11 06:13:46 2026
5 records inserted in traffic table.
Timer fired: Mon May 11 06:13:51 2026
5 records inserted in traffic table.
Timer fired: Mon May 11 06:13:56 2026
8 records inserted in traffic table.
Timer fired: Mon May 11 06:14:01 2026
3 records inserted in traffic table.
Timer fired: Mon May 11 06:14:06 2026
6 records inserted in traffic table.
Timer fired: Mon May 11 06:14:11 2026
3 records inserted in traffic table.
Timer fired: Mon May 11 06:14:16 2026
2 records inserted in traffic table.
Timer fired: Mon May 11 06:14:21 2026
3 records inserted in traffic table.
Timer fired: Mon May 11 06:14:26 2026
9 records inserted in traffic table.
Timer fired: Mon May 11 06:14:31 2026
6 records inserted in traffic table.
Timer fired: Mon May 11 06:14:36 2026
4 records inserted in traffic table.
Timer fired: Mon May 11 06:14:41 2026
4 records inserted in traffic table.
Timer fired: Mon May 11 06:14:46 2026
12 records inserted in traffic table.
Timer fired: Mon May 11 06:14:51 2026
14 records inserted in traffic table.
Timer fired: Mon May 11 06:14:56 2026
11 records inserted in traffic table.
Timer fired: Mon May 11 06:15:01 2026
5 records inserted in traffic table.
Timer fired: Mon May 11 06:15:06 2026
2 records inserted in traffic table.
Timer fired: Mon May 11 06:15:11 2026
4 records inserted in traffic table.
Timer fired: Mon May 11 06:15:16 2026
4 records inserted in traffic table.
Timer fired: Mon May 11 06:15:21 2026
4 records inserted in traffic table.
Timer fired: Mon May 11 06:15:26 2026
8 records inserted in traffic table.
Timer fired: Mon May 11 06:15:31 2026
4 records inserted in traffic table.
Timer fired: Mon May 11 06:15:36 2026
8 records inserted in traffic table.
Timer fired: Mon May 11 06:15:41 2026
9 records inserted in traffic table.
Timer fired: Mon May 11 06:15:46 2026
10 records inserted in traffic table.
Timer fired: Mon May 11 06:15:51 2026
4 records inserted in traffic table.
Timer fired: Mon May 11 06:15:56 2026
10 records inserted in traffic table.
Timer fired: Mon May 11 06:16:01 2026
6 records inserted in traffic table.
Timer fired: Mon May 11 06:16:06 2026
5 records inserted in traffic table.
Timer fired: Mon May 11 06:16:11 2026
3 records inserted in traffic table.
Timer fired: Mon May 11 06:16:16 2026
6 records inserted in traffic table.
Timer fired: Mon May 11 06:16:21 2026
6 records inserted in traffic table.
Timer fired: Mon May 11 06:16:26 2026
9 records inserted in traffic table.
Timer fired: Mon May 11 06:16:31 2026
5 records inserted in traffic table.
Timer fired: Mon May 11 06:16:36 2026
5 records inserted in traffic table.
Timer fired: Mon May 11 06:16:41 2026
6 records inserted in traffic table.
Timer fired: Mon May 11 06:16:46 2026
7 records inserted in traffic table.
Timer fired: Mon May 11 06:16:51 2026
7 records inserted in traffic table.
Timer fired: Mon May 11 06:16:56 2026
10 records inserted in traffic table.
Timer fired: Mon May 11 06:17:01 2026
5 records inserted in traffic table.
Timer fired: Mon May 11 06:17:06 2026
5 records inserted in traffic table.
Timer fired: Mon May 11 06:17:11 2026
5 records inserted in traffic table.
Timer fired: Mon May 11 06:17:16 2026
4 records inserted in traffic table.
Timer fired: Mon May 11 06:17:21 2026
5 records inserted in traffic table.
Timer fired: Mon May 11 06:17:26 2026
9 records inserted in traffic table.
Timer fired: Mon May 11 06:17:31 2026
4 records inserted in traffic table.
Timer fired: Mon May 11 06:17:36 2026
4 records inserted in traffic table.
Timer fired: Mon May 11 06:17:41 2026
4 records inserted in traffic table.
Timer fired: Mon May 11 06:17:46 2026
5 records inserted in traffic table.
Timer fired: Mon May 11 06:17:51 2026
2 records inserted in traffic table.
Timer fired: Mon May 11 06:17:56 2026
12 records inserted in traffic table.
Timer fired: Mon May 11 06:18:01 2026
3 records inserted in traffic table.
Timer fired: Mon May 11 06:18:06 2026
5 records inserted in traffic table.
Timer fired: Mon May 11 06:18:11 2026
4 records inserted in traffic table.
Timer fired: Mon May 11 06:18:16 2026
3 records inserted in traffic table.
Timer fired: Mon May 11 06:18:21 2026
4 records inserted in traffic table.
Timer fired: Mon May 11 06:18:26 2026
6 records inserted in traffic table.
Timer fired: Mon May 11 06:18:31 2026
6 records inserted in traffic table.
Timer fired: Mon May 11 06:18:36 2026
5 records inserted in traffic table.
Timer fired: Mon May 11 06:18:41 2026
5 records inserted in traffic table.
Timer fired: Mon May 11 06:18:46 2026
6 records inserted in traffic table.
Timer fired: Mon May 11 06:18:51 2026
3 records inserted in traffic table.
Timer fired: Mon May 11 06:18:56 2026
9 records inserted in traffic table.
Timer fired: Mon May 11 06:19:01 2026
6 records inserted in traffic table.
Timer fired: Mon May 11 06:19:06 2026
6 records inserted in traffic table.
Timer fired: Mon May 11 06:19:11 2026
3 records inserted in traffic table.
Timer fired: Mon May 11 06:19:16 2026
5 records inserted in traffic table.
Timer fired: Mon May 11 06:19:21 2026
3 records inserted in traffic table.
Timer fired: Mon May 11 06:19:26 2026
7 records inserted in traffic table.
Timer fired: Mon May 11 06:19:31 2026
4 records inserted in traffic table.
Timer fired: Mon May 11 06:19:36 2026
4 records inserted in traffic table.
Timer fired: Mon May 11 06:19:41 2026
6 records inserted in traffic table.
Timer fired: Mon May 11 06:19:46 2026
6 records inserted in traffic table.
Timer fired: Mon May 11 06:19:51 2026
5 records inserted in traffic table.
Timer fired: Mon May 11 06:19:56 2026
10 records inserted in traffic table.
Timer fired: Mon May 11 06:20:01 2026
8 records inserted in traffic table.
Timer fired: Mon May 11 06:20:06 2026
4 records inserted in traffic table.
Timer fired: Mon May 11 06:20:11 2026
9 records inserted in traffic table.
Timer fired: Mon May 11 06:20:16 2026
6 records inserted in traffic table.
Timer fired: Mon May 11 06:20:21 2026
5 records inserted in traffic table.
Timer fired: Mon May 11 06:20:26 2026
8 records inserted in traffic table.
Timer fired: Mon May 11 06:20:31 2026
4 records inserted in traffic table.
Timer fired: Mon May 11 06:20:36 2026
4 records inserted in traffic table.
Timer fired: Mon May 11 06:20:41 2026
4 records inserted in traffic table.
Timer fired: Mon May 11 06:20:46 2026
6 records inserted in traffic table.
Timer fired: Mon May 11 06:20:51 2026
4 records inserted in traffic table.
Timer fired: Mon May 11 06:20:56 2026
11 records inserted in traffic table.
Timer fired: Mon May 11 06:21:01 2026
6 records inserted in traffic table.
Timer fired: Mon May 11 06:21:06 2026
2 records inserted in traffic table.
Timer fired: Mon May 11 06:21:11 2026
2 records inserted in traffic table.
Timer fired: Mon May 11 06:21:16 2026
3 records inserted in traffic table.
Timer fired: Mon May 11 06:21:21 2026
3 records inserted in traffic table.
Timer fired: Mon May 11 06:21:26 2026
5 records inserted in traffic table.
Timer fired: Mon May 11 06:21:31 2026
6 records inserted in traffic table.
Timer fired: Mon May 11 06:21:36 2026
3 records inserted in traffic table.
Timer fired: Mon May 11 06:21:41 2026
6 records inserted in traffic table.
Timer fired: Mon May 11 06:21:46 2026
6 records inserted in traffic table.
Timer fired: Mon May 11 06:21:51 2026
4 records inserted in traffic table.
Timer fired: Mon May 11 06:21:56 2026
9 records inserted in traffic table.
Timer fired: Mon May 11 06:22:01 2026
6 records inserted in traffic table.
Timer fired: Mon May 11 06:22:06 2026
4 records inserted in traffic table.
Timer fired: Mon May 11 06:22:11 2026
2 records inserted in traffic table.
Timer fired: Mon May 11 06:22:16 2026
5 records inserted in traffic table.
Timer fired: Mon May 11 06:22:21 2026
3 records inserted in traffic table.
Timer fired: Mon May 11 06:22:26 2026
9 records inserted in traffic table.
Timer fired: Mon May 11 06:22:31 2026
5 records inserted in traffic table.
Timer fired: Mon May 11 06:22:36 2026
4 records inserted in traffic table.
Timer fired: Mon May 11 06:22:41 2026
4 records inserted in traffic table.
Timer fired: Mon May 11 06:22:46 2026
7 records inserted in traffic table.
Timer fired: Mon May 11 06:22:51 2026
7 records inserted in traffic table.
Timer fired: Mon May 11 06:22:56 2026
6 records inserted in traffic table.
Timer fired: Mon May 11 06:23:01 2026
5 records inserted in traffic table.
Timer fired: Mon May 11 06:23:06 2026
7 records inserted in traffic table.
Timer fired: Mon May 11 06:23:11 2026
5 records inserted in traffic table.
Timer fired: Mon May 11 06:23:16 2026
6 records inserted in traffic table.
Timer fired: Mon May 11 06:23:21 2026
2 records inserted in traffic table.
Timer fired: Mon May 11 06:23:26 2026
8 records inserted in traffic table.
Timer fired: Mon May 11 06:23:31 2026
4 records inserted in traffic table.
Timer fired: Mon May 11 06:23:36 2026
7 records inserted in traffic table.
Timer fired: Mon May 11 06:23:41 2026
5 records inserted in traffic table.
Timer fired: Mon May 11 06:23:46 2026
4 records inserted in traffic table.
Timer fired: Mon May 11 06:23:51 2026
4 records inserted in traffic table.
Timer fired: Mon May 11 06:23:56 2026
12 records inserted in traffic table.
Timer fired: Mon May 11 06:24:01 2026
4 records inserted in traffic table.
Timer fired: Mon May 11 06:24:06 2026
4 records inserted in traffic table.
Timer fired: Mon May 11 06:24:11 2026
7 records inserted in traffic table.
Timer fired: Mon May 11 06:24:16 2026
4 record